k,log_k,delta_log_previous,eta_target,eta_actual,c,c_log_k,E_S,sd_S,R,cert,log_k_minus_R,log_k_minus_cert,discovery_minus_cert,ceiling,headroom_R,headroom_cert,rank,cond,cert_status,grid_type
100,4.605170185988092,,-0.4746,-0.47460000000003666,0.24355820600585368,1.1216269888509032,1.2238220148542347,0.4716013798023966,4.531147015354106,4.5311000739,0.07402317063398556,0.07407011208809156,4.694145410599759e-05,4.651687056553628,0.12054004119952211,0.1205869826536281,1,1.0,PASS,eta_fixed_geometric
103,4.634728988229636,0.02955880224154443,-0.4746,-0.47460000000005853,0.24164727364335636,1.119969624081523,1.2232046324328099,0.47030053188533993,4.558712695396483,4.558666586,0.07601629283315248,0.07606240222963567,4.610939648319601e-05,4.680167507722083,0.12145481232559963,0.12150092172208282,1,1.0,PASS,eta_fixed_geometric
106,4.663439094112067,0.02871010588243136,-0.4746,-0.4745999999999499,0.23982091551100215,1.1183902329797544,1.222607200410157,0.4690417202068698,4.5855102369515,4.5854649127,0.07792885716056652,0.07797418141206691,4.532425150038932e-05,4.707852799770277,0.1223425628187762,0.12238788707027659,1,1.0,PASS,eta_fixed_geometric
109,4.6913478822291435,0.027908788117076658,-0.4746,-0.4745999999999438,0.2380729220561194,1.1168828987040798,1.2220285848259325,0.46782255546978246,4.611581620533045,4.6115370383,0.0797662616960988,0.07981084392914362,4.4582233044820896e-05,4.73478628854608,0.12320466801303542,0.12324925024608024,1,1.0,PASS,eta_fixed_geometric
112,4.718498871295094,0.027150989065950898,-0.4746,-0.4745999999999326,0.2363977065432558,1.1154423115011014,1.221467742072912,0.46664083875462187,4.63696546287971,4.6369215831,0.08153340841538448,0.0815772881950938,4.3879779709321554e-05,4.7610078701355905,0.12404240725588078,0.1240862870355901,1,1.0,PASS,eta_fixed_geometric
115,4.74493212836325,0.02643325706815543,-0.4746,-0.47460000000003233,0.234790226938894,1.1140636912280568,1.2209237097768808,0.46549454230270915,4.661697367911262,4.6616541541,0.08323476045198852,0.08327797426325034,4.321381126182189e-05,4.7865543400155595,0.1248569721042978,0.12490018591555963,1,1.0,PASS,eta_fixed_geometric
118,4.770684624465665,0.025752496102414764,-0.4746,-0.4745999999999545,0.23324591943890222,1.112742721586528,1.2203955987762203,0.4643817926174492,4.685810232990663,4.6857676515,0.08487439147500186,0.08491697296566514,4.258149066327377e-05,4.811459706726056,0.12564947373539237,0.12569205522605564,1,1.0,PASS,eta_fixed_geometric
121,4.795790545596741,0.02510592113107626,-0.4746,-0.47460000000008007,0.23176064164412177,1.1114754940383136,1.2198825860500264,0.4633008555625565,4.709334517164834,4.7092925369,0.08645602843190758,0.08649800869674173,4.1980264834151626e-05,4.835755466810047,0.12642094964521355,0.1264629299100477,1,1.0,PASS,eta_fixed_geometric
124,4.820281565605037,0.024491020008295696,-0.4746,-0.4746000000000163,0.2303306237725387,1.1102584597650778,1.2193839084635825,0.46225012318494507,4.732298476916251,4.732257069,0.08798308868878646,0.08802449660503697,4.140791625051321e-05,4.859470846626216,0.1271723697099656,0.1272137776262161,1,1.0,PASS,eta_fixed_geometric
127,4.844187086458591,0.023905520853554386,-0.4746,-0.4746000000000289,0.2289524266000271,1.1090883883492098,1.218898857224676,0.4612281020325803,4.754728374046606,4.7546875117,0.089458712411985,0.08949957475859094,4.0862346605941013e-05,4.882633015716199,0.12790464166959303,0.12794550401619897,1,1.0,PASS,eta_fixed_geometric
130,4.867534450455582,0.023347363996991107,-0.4746,-0.47459999999999536,0.2276229050600036,1.1079623320923477,1.2184267729550529,0.4602334027708702,4.776648659554985,4.7766083177,0.09088579090059756,0.09092613275558215,4.0341854984582426e-05,4.905267275652912,0.12861861609792768,0.12865895795291227,1,1.0,PASS,eta_fixed_geometric
133,4.890349128221754,0.022814677766171264,-0.4746,-0.4745999999999427,0.2263391766246303,1.1068775950886902,1.2179670412998678,0.45926473093108744,4.798082136769207,4.7980422922,0.09226699145254713,0.09230683602175382,3.984456920669288e-05,4.927397227677979,0.12931509090877213,0.12935493547797883,1,1.0,PASS,eta_fixed_geometric
136,4.912654885736052,0.022305757514298186,-0.4746,-0.4746000000000917,0.22509859374280322,1.105831706322897,1.2175190890062755,0.45832087864777377,4.819050106480821,4.8190107374,0.09360477925523103,0.09364414833605217,3.936908082113888e-05,4.949044921926689,0.1299948154458681,0.13003418452668924,1,1.0,PASS,eta_fixed_geometric
139,4.9344739331306915,0.021819047394639673,-0.4746,-0.4746000000000084,0.223898719734068,1.1048223961890928,1.2170823804128201,0.4574007172625712,4.839572496416141,4.8395335824,0.09490143671455087,0.09494035073069185,3.891401614097845e-05,4.970230990617146,0.13065849420100495,0.13069740821714593,1,1.0,PASS,eta_fixed_geometric
142,4.955827057601261,0.02135312447056906,-0.4746,-0.4746000000000516,0.22273730763833793,1.103847575931331,1.216656414301237,0.4565031906894511,4.859667977034824,4.8596294991,0.09615908056643718,0.09619755850126044,3.8477934823255566e-05,4.9909747672296385,0.13130679019481484,0.1313452681296381,1,1.0,PASS,eta_fixed_geometric
145,4.976733742420574,0.020906684819313643,-0.4746,-0.4746000000000471,0.22161228160208307,1.1029053195838971,1.2162407210649238,0.45562730944985735,4.879354065351759,4.8793160055,0.09737967706881534,0.09741773692057443,3.805985175908688e-05,5.011294393409606,0.13194032805784683,0.13197838790960592,1,1.0,PASS,eta_fixed_geometric
148,4.997212273764115,0.0204785313435407,-0.4746,-0.4746000000000123,0.2205217204497657,1.1019938480631482,1.2158348601592244,0.4547721452996603,4.898647218241366,4.8986095596,0.09856505552274886,0.09860271416411504,3.765864136617836e-05,5.031206915082238,0.13255969684087177,0.13259735548223794,1,1.0,PASS,eta_fixed_geometric
151,5.017279836814924,0.020067563050809173,-0.4746,-0.4745999999999242,0.21946384314346967,1.1011115151136437,1.2154384177996216,0.45393682637938476,4.917562916482424,4.9175256432,0.0997169203324999,0.09975419361492399,3.727328242408845e-05,5.050728369060357,0.13316545257793244,0.13320272586035653,1,1.0,PASS,eta_fixed_geometric
155,5.043425116919247,0.026145280104322207,-0.4746,-0.47460000000004576,0.21810134005607262,1.0999777764725425,1.2149238098468451,0.45285252812225957,4.942221775728202,4.9421849931,0.10120334119104513,0.10124012381924707,3.678262820194789e-05,5.076174630665476,0.1339528549372746,0.13398963756547655,1,1.0,PASS,eta_fixed_geometric
159,5.0689042022202315,0.025479085300984968,-0.4746,-0.47460000000009306,0.21679041005508298,1.0988898205292572,1.2144243967721826,0.45180024604327973,4.966267720019568,4.9662314035,0.10263648220066379,0.10267279872023138,3.6316519567591854e-05,5.100985874386183,0.13471815436661494,0.13475447088618253,1,1.0,PASS,eta_fixed_geometric
163,5.093750200806762,0.024845998586530804,-0.4746,-0.4745999999999881,0.2155277722902414,1.0978446333828513,1.2139393834889498,0.45077830486505516,4.989730667112369,4.9896947937,0.10401953369439365,0.10405540710676231,3.587341236865882e-05,5.125193103280878,0.13546243616850973,0.13549830958087838,1,1.0,PASS,eta_fixed_geometric
167,5.117993812416755,0.024243611609992853,-0.4746,-0.4746000000000143,0.21431043324418186,1.0968394712800769,1.2134680336430206,0.4497851530615553,5.012638389534757,5.0126029381,0.10535542288199817,0.10539087431675576,3.5451434757582945e-05,5.1488251004433625,0.13618671090860524,0.13622216234336282,1,1.0,PASS,eta_fixed_geometric
171,5.14166355650266,0.023669744085904703,-0.4746,-0.4746000000000108,0.21313565508300142,1.0958718303315893,1.2130096640740948,0.44881935118855876,5.0350167153091325,5.0349816659,0.10664684119352774,0.10668189060266009,3.504940913234833e-05,5.171908636246793,0.13689192093766067,0.13692697034679302,1,1.0,PASS,eta_fixed_geometric
175,5.1647859739235145,0.023122417420854212,-0.4746,-0.4746000000000086,0.21200092816948002,1.094939420268497,1.2125636399073103,0.4478795615408901,5.0568897056981434,5.0568550398,0.10789626822537102,0.10793093412351418,3.4665898143160234e-05,5.194468651934569,0.13757894623642564,0.1376136121345688,1,1.0,PASS,eta_fixed_geometric
179,5.187385805840755,0.022599831917240992,-0.4746,-0.47459999999997254,0.21090394710675492,1.0940401416173697,1.2121293701908613,0.44696453896096416,5.078279813065463,5.0782455134,0.10910599277529176,0.10914029244075518,3.4299665463422e-05,5.2165284227275,0.13824860966203723,0.13828290932750065,1,1.0,PASS,eta_fixed_geometric
183,5.209486152841421,0.02210034700066592,-0.4746,-0.4746000000000545,0.20984258978881404,1.0931720657812094,1.2117063040096048,0.4460731226497692,5.099208021472426,5.0991740718,0.11027813136899578,0.1103120810414211,3.3949672425315214e-05,5.238109703131759,0.13890168165933314,0.13893563133175846,1,1.0,PASS,eta_fixed_geometric
187,5.231108616854587,0.02162246401316571,-0.4746,-0.47459999999999564,0.20881489902152423,1.0923334175991157,1.2112939270136187,0.4452042288529723,5.1196939722114365,5.1196603572,0.11141464464315032,0.11144825965458693,3.361501143661627e-05,5.259232856730149,0.13953888451871244,0.13957249953014905,1,1.0,PASS,eta_fixed_geometric
191,5.25227342804663,0.02116481119204333,-0.4746,-0.4745999999999982,0.20781906634969138,1.0915225600299436,1.2108917583111918,0.4443568443135116,5.1397560762006105,5.1397227817,0.11251735184601941,0.11255064634663015,3.329450061073658e-05,5.27991697240477,0.1401608962041596,0.14019419070477035,1,1.0,PASS,eta_fixed_geometric
195,5.272999558563747,0.020726130517116952,-0.4746,-0.47459999999992186,0.20685341778351535,1.0907379806598787,1.2104993476802997,0.44353002039682743,5.15941161483351,5.1593786272,0.11358794373023695,0.11362093136374707,3.2987633510117575e-05,5.300179968659436,0.14076835382592634,0.14080134145943646,1,1.0,PASS,eta_fixed_geometric
199,5.293304824724492,0.020305266160745523,-0.4746,-0.4745999999999357,0.2059164011665031,1.089978279784555,1.2101162730618835,0.44272286780849557,5.1786768306945135,5.1786441374,0.11462799402997881,0.1146606873244922,3.2693294513386206e-05,5.320038687475626,0.14136185678111257,0.14139455007562596,1,1.0,PASS,eta_fixed_geometric
204,5.318119993844216,0.024815169119723993,-0.4746,-0.47459999999993574,0.2047832077034986,1.0890616712915286,1.209649957337788,0.4417403230885299,5.2022326606308305,5.2022003183,0.11588733321338562,0.115919675544216,3.234233083038163e-05,5.344317629281873,0.1420849686510426,0.14211731098187297,1,1.0,PASS,eta_fixed_geometric
209,5.342334251964811,0.02421425812059453,-0.4746,-0.4745999999999273,0.20368990983198815,1.0881795820750542,1.2091968900715775,0.4407856933662232,5.225230362823869,5.2251983541,0.1171038891409415,0.11713589786481116,3.2008723869658695e-05,5.368018551253103,0.14278818842923346,0.14282019715310312,1,1.0,PASS,eta_fixed_geometric
214,5.365976015021851,0.023641763057040494,-0.4746,-0.47459999999991515,0.20263412992282165,1.0873298809906826,1.2087564021856667,0.43985756887000427,5.247695913928661,5.2476642225,0.1182801010931902,0.11831179252185109,3.1691428660884924e-05,5.391168390679231,0.14347247675056973,0.14350416817923062,1,1.0,PASS,eta_fixed_geometric
219,5.389071729816501,0.023095714794649395,-0.4746,-0.4746000000000433,0.2016136862021658,1.0865106166561869,1.2083278724136328,0.4389546405680864,5.269653513452416,5.269622124,0.11941821636408534,0.11944960581650133,3.138945241598634e-05,5.413792242338595,0.14413872888617973,0.14417011833859572,1,1.0,PASS,eta_fixed_geometric
224,5.4116460518550396,0.022574322038538975,-0.4746,-0.47459999999998687,0.2006265724024513,1.0857199984389347,1.2079107229289132,0.4380756909585313,5.291125742526477,5.2910946408,0.12052030932856272,0.12055141105503964,3.1101726476912006e-05,5.435913522939591,0.14478778041311458,0.1448188821395915,1,1.0,PASS,eta_fixed_geometric
229,5.43372200355424,0.022075951699199826,-0.4746,-0.47460000000008346,0.19967093994362178,1.084956379842015,1.207504415457214,0.43721958587690185,5.312133705309972,5.3121028779,0.12158829824426753,0.12161912565423982,3.082740997228939e-05,5.457554117604916,0.14542041229494362,0.1454512397049159,1,1.0,PASS,eta_fixed_geometric
234,5.455321115357702,0.02159911180346172,-0.4746,-0.4745999999999661,0.19874508228043278,1.0842182439379486,1.2071084478084397,0.4363852671901697,5.332697155259137,5.3326665895,0.12262396009856502,0.12265452585770209,3.056575913706894e-05,5.478734510702585,0.14603735544344865,0.14606792120258572,1,1.0,PASS,eta_fixed_geometric
239,5.476463551931511,0.021142436573809164,-0.4746,-0.47459999999994046,0.1978474211115507,1.0835041905610525,1.206722350777644,0.43557174626563383,5.352834608172834,5.3528042923,0.12362894375867661,0.12365925963151092,3.031587283430781e-05,5.499473902990046,0.14663929481721194,0.14666961069004625,1,1.0,PASS,eta_fixed_geometric
244,5.497168225293202,0.0207046733616912,-0.4746,-0.47460000000008806,0.196976494193647,1.0828129250109673,1.206345685367109,0.43477809811856466,5.3725634436420835,5.3725333664,0.12460478165111866,0.12463485889320225,3.0077242083592637e-05,5.519790316755315,0.14722687311323135,0.14725695035531494,1,1.0,PASS,eta_fixed_geometric
249,5.517452896464707,0.020284671171505717,-0.4746,-0.47459999999999586,0.196130944544338,1.0821432480625166,1.2059780402918951,0.43400345615654645,5.391899996294049,5.3918701471,0.1255529001706588,0.1255827493647077,2.9849194048914285e-05,5.539700690402066,0.14780069410801744,0.14783054330206635,1,1.0,PASS,eta_fixed_geometric
255,5.541263545158426,0.023810648693718607,-0.4746,-0.4745999999999431,0.19514801325348713,1.0813665717516416,1.205548231486365,0.4330978328832483,5.414607626506368,5.4145780378,0.12665591865205794,0.12668550735842565,2.958870636771138e-05,5.563079543367711,0.1484719168613431,0.1485015055677108,1,1.0,PASS,eta_fixed_geometric
261,5.564520407322694,0.023256862164267183,-0.4746,-0.47459999999992064,0.19419779813186927,1.0806176107619194,1.205130235144607,0.43221709891411975,5.436797345101261,5.4367680034,0.12772306222143293,0.1277524039226936,2.93417012606767e-05,5.58592240888932,0.149125063788059,0.14915440548931969,1,1.0,PASS,eta_fixed_geometric
267,5.58724865840025,0.02272825107755609,-0.4746,-0.47459999999994507,0.19327844579179304,1.079894736947881,1.2047234729170326,0.4313600356448722,5.458492361706609,5.4584632544,0.12875629669364042,0.12878540400024985,2.9107306609432726e-05,5.608253352604762,0.14976099089815254,0.14979009820476197,1,1.0,PASS,eta_fixed_geometric
273,5.60947179518496,0.022223136784710256,-0.4746,-0.47459999999995095,0.19238824840877533,1.079196453174063,1.2043274065788852,0.430525509015816,5.479714356285652,5.4796854715,0.1297574388993077,0.1297863236849599,2.888478565221675e-05,5.630094853255493,0.15038049696984057,0.1504093817554928,1,1.0,PASS,eta_fixed_geometric
279,5.631211781821365,0.02173998663640582,-0.4746,-0.4745999999999821,0.19152562927104042,1.0785213800718338,1.2039415344641624,0.42971246199783,5.500483610860583,5.5004549374,0.13072817096078282,0.1307568444213656,2.8673460582773203e-05,5.651467939309931,0.15098432844934884,0.1510130019099316,1,1.0,PASS,eta_fixed_geometric
285,5.652489180268651,0.02127739844728488,-0.4746,-0.47459999999999014,0.190689130048662,1.0778682443949037,1.203565388282819,0.42891990788626894,5.520819127354196,5.5207906547,0.13167005291445477,0.13169852556865091,2.847265419614331e-05,5.6723923111850905,0.15157318383089446,0.1516016564850906,1,1.0,PASS,eta_fixed_geometric
291,5.673323267171493,0.020834086902842053,-0.4746,-0.47459999999990016,0.1898773995453784,1.0772358687508132,1.2031985302734782,0.42814692430156126,5.540738733254757,5.5407104515,0.1325845339167362,0.13261281567149297,2.8281754756775968e-05,5.692886450851394,0.15214771759663748,0.15217599935139425,1,1.0,PASS,eta_fixed_geometric
297,5.6937321388027,0.020408871631207033,-0.4746,-0.47460000000002184,0.18908918373299755,1.0766231625205367,1.2028405506504602,0.4273926478096311,5.560259176575119,5.5602310762,0.13347296222758054,0.13350106260269978,2.8100375119244347e-05,5.712967720352708,0.1527085437775888,0.15273664415270805,1,1.0,PASS,eta_fixed_geometric
303,5.713732805509369,0.020000666706669435,-0.4746,-0.4745999999999446,0.18832331689867854,1.0760291138063165,1.2024910653087761,0.42665626908723087,5.579396211411302,5.5793682836,0.13433659409806697,0.13436452190936876,2.7927811301786676e-05,5.732652450560724,0.15325623914942188,0.15328416696072367,1,1.0,PASS,eta_fixed_geometric
310,5.736572297479192,0.022839491969822736,-0.4746,-0.4746000000000354,0.18745660847814088,1.075358387175106,1.2020935885315573,0.42581877061007645,5.601257913315336,5.6012301761,0.13531438416385644,0.13534212137919255,2.7737215336109955e-05,5.755137256370711,0.1538793430553751,0.1539070802707112,1,1.0,PASS,eta_fixed_geometric
317,5.75890177387728,0.022329476398088577,-0.4746,-0.47459999999996483,0.18661724727412793,1.0747103963630704,1.2017066483649268,0.42500347316675463,5.622640028022532,5.6226124707,0.13626174585474793,0.13628930317728027,2.7557322532345552e-05,5.777126146579424,0.15448611855689176,0.1545136758794241,1,1.0,PASS,eta_fixed_geometric
324,5.780743515792329,0.021841741915048854,-0.4746,-0.47459999999999775,0.18580375779693034,1.0740838680944536,1.2013297462323498,0.42420932623757,5.643563235495378,5.6435358479,0.13718028029695084,0.13720766789232908,2.738759537823654e-05,5.7986405545409125,0.15507731904553435,0.15510470664091258,1,1.0,PASS,eta_fixed_geometric
331,5.802118375377063,0.021374859584733612,-0.4746,-0.4745999999999381,0.185014775213241,1.0734776269810025,1.2009624170288427,0.4234353498290536,5.664046903494268,5.6640196759,0.13807147188279512,0.1380986994770632,2.7227594268097732e-05,5.8197005522721446,0.1556536487778768,0.1556808763721449,1,1.0,PASS,eta_fixed_geometric
338,5.823045895483019,0.02092752010595582,-0.4746,-0.4746000000000182,0.18424903483671334,1.0728905860526314,1.2006042262396477,0.4226806284021071,5.684109196442601,5.6840821199,0.13893669904041772,0.13896377558301864,2.7076542600923403e-05,5.8403249634221375,0.15621576697953632,0.15624284352213724,1,1.0,PASS,eta_fixed_geometric
345,5.84354441703136,0.02049852154834097,-0.4746,-0.4745999999999953,0.1835053628167065,1.0723217383828796,1.2002547673585375,0.4219443054330795,5.7037671732197746,5.7037402391,0.13977724381158563,0.13980417793136013,2.6934119774502108e-05,5.860531464755288,0.15676429153551386,0.15679122565528836,1,1.0,PASS,eta_fixed_geometric
352,5.863631175598097,0.020086758566737292,-0.4746,-0.47459999999992336,0.18278266786705138,1.071770149664235,1.199913659570808,0.4212255785310583,5.72303687521313,5.7230100753,0.14059430038496679,0.14062110029809638,2.6799913129593733e-05,5.8803366775228785,0.1572998023097485,0.1573266022228781,1,1.0,PASS,eta_fixed_geometric
360,5.886104031450156,0.022472855852058576,-0.4746,-0.4745999999999954,0.18198111674562123,1.0711597849242025,1.1995335907105709,0.4204247591878904,5.744603287601594,5.7445766317,0.14150074384856204,0.1415273997501556,2.6655901593564124e-05,5.902499864406841,0.15789657680524716,0.15792323270684072,1,1.0,PASS,eta_fixed_geometric
368,5.908082938168931,0.021978906718775167,-0.4746,-0.4746000000000199,0.18120423173922584,1.0705696298625293,1.1991634649094196,0.41964489024317586,5.76570343062925,5.7656769093,0.14237950753968143,0.1424060288689315,2.6521329250073222e-05,5.9241812568015435,0.15847782617229367,0.15850434750154374,1,1.0,PASS,eta_fixed_geometric
376,5.929589143389895,0.021506205220963682,-0.4746,-0.4746000000000389,0.18045071092487533,1.069998576417129,1.1988028173009768,0.41888499220598513,5.786357119165595,5.7863307234,0.14323202422429926,0.14325841998989475,2.6395765595488285e-05,5.945401381105601,0.15904426194000543,0.15907065770560092,1,1.0,PASS,eta_fixed_geometric
384,5.950642552587727,0.021053409197832263,-0.4746,-0.4746000000000136,0.1797193480504263,1.0694456000321908,1.1984512138729926,0.418144150596264,5.80658292878711,5.80655665,0.14405962380061688,0.1440859025877268,2.6278787109923485e-05,5.966179478312498,0.15959654952538838,0.1596228283124983,1,1.0,PASS,eta_fixed_geometric
392,5.971261839790462,0.02061928720273561,-0.4746,-0.4746000000000406,0.1790090236219454,1.068909751731872,1.1981082488400157,0.4174215104087626,5.826398297135693,5.8263721273,0.14486354265476908,0.14488971249046223,2.6169835693146126e-05,5.9865336092016905,0.1601353120659974,0.16016148190169055,1,1.0,PASS,eta_fixed_geometric
400,5.991464547107982,0.02020270731751947,-0.4746,-0.4745999999999109,0.17831869698868094,1.0683901510941727,1.1977735422868425,0.41671627114808185,5.845819615128168,5.8457935467,0.1456449319798141,0.1456710004079813,2.6068428167214108e-05,6.006480748980432,0.16066113385226455,0.16068720228043176,1,1.0,PASS,eta_fixed_geometric
409,6.013715156042802,0.022250608934819723,-0.4746,-0.47460000000009084,0.17756477939203674,1.067824005009288,1.1974064262767417,0.4159427439458573,5.867216757137588,5.867190794,0.146498398905214,0.14652436204280228,2.596313758829183e-05,6.028454653974279,0.16123789683669099,0.16126385997427928,1,1.0,PASS,eta_fixed_geometric
418,6.035481432524756,0.021766276481954505,-0.4746,-0.47460000000001523,0.17683366621075977,1.067276309060321,1.1970488380162818,0.4151892920696913,5.888155302604587,5.8881294362,0.14732612992016936,0.14735199632475648,2.586640458712708e-05,6.049955009101554,0.16179970649696696,0.16182557290155408,1,1.0,PASS,eta_fixed_geometric
427,6.056784013228625,0.021302580703868187,-0.4746,-0.47460000000000385,0.176124171422395,1.0667460658143,1.1967003351926155,0.41445498354954474,5.908654570001844,5.9086287921,0.14812944322678057,0.14815522112862478,2.5777901844215023e-05,6.071001816076579,0.16234724607473439,0.1623730239765786,1,1.0,PASS,eta_fixed_geometric
436,6.077642243349034,0.020858230120409788,-0.4746,-0.4746000000000723,0.17543519498771465,1.0662323520275092,1.1963605046557644,0.4137389478629045,5.928732680050671,5.9287069828,0.14890956329836325,0.1489352605490346,2.5697250671363747e-05,6.091613834713055,0.16288115466238384,0.1629068519130552,1,1.0,PASS,eta_fixed_geometric
445,6.09807428216624,0.020432038817205934,-0.4746,-0.47460000000005265,0.17476571494173415,1.0657343116905853,1.1960289599509415,0.413040370735187,5.948406652853295,5.9483810289,0.14966762931294486,0.14969325326624006,2.562395329519518e-05,6.111808683702651,0.16340203084935556,0.16342765480265076,1,1.0,PASS,eta_fixed_geometric
454,6.118097198041348,0.02002291587510773,-0.4746,-0.47460000000009767,0.17411478035942235,1.0652511498545667,1.1957053391041104,0.4123584894733883,5.967692495349488,5.9676669377,0.15040470269186024,0.15043026034134854,2.5557649488305856e-05,6.131602931370358,0.16391043602086963,0.16393599367035794,1,1.0,PASS,eta_fixed_geometric
464,6.139884552226255,0.02178735418490723,-0.4746,-0.47460000000007024,0.1734121947814808,1.0647308559064643,1.1953546415995617,0.4116195566783245,5.98868429775017,5.9886588059,0.15120025447608487,0.15122574632625518,2.5491850170311636e-05,6.153145641971884,0.16446134422171355,0.16448683607188386,1,1.0,PASS,eta_fixed_geometric
474,6.161207321695077,0.021322769468821244,-0.4746,-0.47460000000004293,0.17273028191878884,1.0642270776364966,1.1950128721613071,0.4108994356537916,6.009234946257135,6.0092095124,0.15197237543794184,0.1519978092950769,2.5433857135048754e-05,6.174233129986187,0.16499818372905217,0.16502361758618722,1,1.0,PASS,eta_fixed_geometric
484,6.182084906716632,0.02087758502155518,-0.4746,-0.4745999999999902,0.17206799319617808,1.0637389436671125,1.1946796237518038,0.41019726875644297,6.029362666246049,6.029337283,0.1527222404705828,0.15274762371663186,2.538324604905995e-05,6.194884254349586,0.16552158810353657,0.16554697134958563,1,1.0,PASS,eta_fixed_geometric
494,6.202535517187923,0.02045061047129084,-0.4746,-0.4746000000000713,0.1714243542825193,1.0632656459483314,1.1943545157060782,0.40951225391076485,6.049084574604754,6.0490592349,0.15345094258316916,0.1534762822879232,2.533970475404601e-05,6.215116725133537,0.16603215052878362,0.16605749023353766,1,1.0,PASS,eta_fixed_geometric
504,6.222576268071369,0.02004075088344619,-0.4746,-0.47459999999999813,0.17079845841427918,1.0628064339518681,1.1940371915373873,0.4088436399860684,6.068416767916265,6.0683914651,0.15415950015510393,0.15418480297136838,2.5302816264449746e-05,6.234947195045665,0.16653042712940014,0.1665557299456646,1,1.0,PASS,eta_fixed_geometric
515,6.244166900663736,0.021590632592367452,-0.4746,-0.47460000000001323,0.17012945919638844,1.0623167379419105,1.1936967269840602,0.40812626840298094,6.089250121961009,6.0892248523,0.15491677870272724,0.15494204836373626,2.5269661009019728e-05,6.256315085295378,0.1670649633343686,0.16709023299537762,1,1.0,PASS,eta_fixed_geometric
526,6.26530121273771,0.02113431207397379,-0.4746,-0.47460000000009805,0.16947986106047405,1.0618423790368068,1.1933648603822498,0.4074270130261479,6.109649204086812,6.1096239602,0.15565200865089857,0.1556772525377097,2.5243886811132654e-05,6.277235119809591,0.16758591572277926,0.1676111596095904,1,1.0,PASS,eta_fixed_geometric
537,6.285998094508865,0.02069688177115473,-0.4746,-0.4746000000000285,0.1688486922452102,1.061382557713705,1.1930412025844492,0.40674505390736965,6.129631809657723,6.1296065846,0.156366284851142,0.15639150990886463,2.522505772262207e-05,6.297725702894143,0.16809389323641977,0.1681191182941424,1,1.0,PASS,eta_fixed_geometric
548,6.306275286948016,0.02027719243915088,-0.4746,-0.47459999999996916,0.16823504899961106,1.0609365319047357,1.192725389483167,0.4060796238583641,6.149214660408665,6.1491894475,0.1570606265393506,0.15708583944801546,2.5212908664862255e-05,6.317804126595087,0.1685894661864218,0.16861467909508665,1,1.0,PASS,eta_fixed_geometric
560,6.327936783729195,0.021661496781179467,-0.4746,-0.4746000000000643,0.16758462022857462,1.060464882731685,1.1923894126608034,0.405371708092662,6.170140313878248,6.1701151071,0.15779646985094686,0.15782167662919466,2.5206778247799377e-05,6.339256885310105,0.1691165714318572,0.169141778210105,1,1.0,PASS,eta_fixed_geometric
572,6.349138991379798,0.021202207650602906,-0.4746,-0.47460000000009,0.16695303119293964,1.0600080000761407,1.1920619517483668,0.40468173566862703,6.1906281238485,6.1906029159,0.15851086753129806,0.1585360754797982,2.5207948500138855e-05,6.360258324114263,0.1696302002657637,0.16965540821426384,1,1.0,PASS,eta_fixed_geometric
584,6.369900982828227,0.020761991448429225,-0.4746,-0.47459999999993646,0.16633933818066698,1.0595651137600275,1.1917426197232415,0.40400889111518573,6.2106960960206985,6.2106708802,0.15920488680752864,0.1592301026282268,2.5215820698143432e-05,6.380827056555205,0.1701309605345065,0.17015617635520464,1,1.0,PASS,eta_fixed_geometric
596,6.39024066706535,0.020339684237122783,-0.4746,-0.47460000000004837,0.16574266356833264,1.05913550900209,1.191431054571159,0.40335241165431845,6.2303611460459765,6.2303359158,0.15987952101937353,0.15990475126535042,2.5230245976892718e-05,6.400980567346132,0.17061942130015595,0.17064465154613284,1,1.0,PASS,eta_fixed_geometric
609,6.411818267709897,0.02157760064454737,-0.4746,-0.47460000000008007,0.16511452415530292,1.0586843222431983,1.1911018975999652,0.40265886557086594,6.25122869608585,6.2512034432,0.16058957162404752,0.1606148245098975,2.525288584998009e-05,6.422364021439684,0.17113532535383413,0.1711605782396841,1,1.0,PASS,eta_fixed_geometric
622,6.432940092739179,0.021121825029282504,-0.4746,-0.47459999999999325,0.1645044325650598,1.0582471596810819,1.190781055016975,0.4019828382152924,6.271661039481572,6.2716357571,0.1612790532576076,0.161304335639179,2.5282381571400947e-05,6.4432990944988235,0.17163805501725182,0.17166333739882322,1,1.0,PASS,eta_fixed_geometric
635,6.453624998892692,0.02068490615351211,-0.4746,-0.4746000000000593,0.1639114907613765,1.0578232943833878,1.1904681500373004,0.40132353568747714,6.2916760141856365,6.2916506956,0.1619489847070552,0.16197430329269213,2.531858563692424e-05,6.4638042181338475,0.17212820394821104,0.17215352253384797,1,1.0,PASS,eta_fixed_geometric
648,6.473890696352274,0.02026569745958314,-0.4746,-0.4746000000000401,0.1633348632226551,1.0574120514071181,1.1901628301585638,0.4006802152518916,6.311290381834754,6.3112650208,0.16260031451752077,0.1626256755522748,2.5361034754034506e-05,6.483896709793314,0.1726063279585599,0.17263168899331394,1,1.0,PASS,eta_fixed_geometric
662,6.495265555937008,0.021374859584733612,-0.4746,-0.47460000000009733,0.1627312328313806,1.056982571484832,1.189842128559894,0.40000448495544666,6.331983599188641,6.3319581857,0.1632819567483672,0.1633073702370087,2.541348864149029e-05,6.505091978865809,0.17310837967716797,0.17313379316580946,1,1.0,PASS,eta_fixed_geometric
676,6.516193076042964,0.02092752010595582,-0.4746,-0.474599999999993,0.16214471589187607,1.0565662750115965,1.1895294552208517,0.39934567050327546,6.352248996875214,6.3522235243,0.16394407916775044,0.16396955174296401,2.5472575213569826e-05,6.525846695414879,0.17359769853966522,0.1736231711148788,1,1.0,PASS,eta_fixed_geometric
690,6.536691597591305,0.02049852154834097,-0.4746,-0.4745999999999417,0.16157447091074534,1.0561624863875296,1.1892244493304225,0.3987030116528566,6.372103958671686,6.3720784206,0.16458763891961858,0.1646131769913044,2.5538071685815567e-05,6.5461788132627,0.17407485459101402,0.17410039266269983,1,1.0,PASS,eta_fixed_geometric
704,6.556778356158042,0.020086758566737292,-0.4746,-0.4745999999999019,0.1610197143267494,1.0557705778123816,1.1889267731464044,0.39807579676873883,6.391564828405258,6.3915392188,0.1652135277527842,0.16523913735804197,2.560960525777034e-05,6.566105210149732,0.17454038174447373,0.1745659913497315,1,1.0,PASS,eta_fixed_geometric
719,6.577861357721047,0.021083001563004227,-0.4746,-0.4746000000000921,0.1604416904840761,1.0553631960026448,1.1886156088510524,0.3974201619279727,6.41199589993467,6.4119702072,0.16586545778637696,0.16589115052104653,2.5692734669569006e-05,6.58702272451453,0.1750268245798603,0.17505251731452987,1,1.0,PASS,eta_fixed_geometric
734,6.598509028614515,0.02064767089346898,-0.4746,-0.4745999999999771,0.1598797711831897,1.0549681136451,1.1883121309902147,0.3967807226932655,6.432010017936065,6.4319842358,0.16649901067845008,0.16652479281451527,2.5782136065188865e-05,6.607511087316581,0.17550106938051613,0.17552685151658132,1,1.0,PASS,eta_fixed_geometric
749,6.618738983517219,0.02022995490270392,-0.4746,-0.47459999999996627,0.1593331770162942,1.0545847100853962,1.1880159984206324,0.39615676026263336,6.451623908709751,6.4515980309,0.16711507480746857,0.16714095261721962,2.5877809751051473e-05,6.627587565045985,0.17596365633623456,0.17598953414598562,1,1.0,PASS,eta_fixed_geometric
765,6.639875833826536,0.021136850309316394,-0.4746,-0.47460000000008956,0.15876621724662282,1.0541879691239047,1.1877078601080309,0.3955075012810692,6.472121968024308,6.4720959818,0.1677538658022275,0.1677798520265359,2.5986224308383044e-05,6.648566770781806,0.17644480275749785,0.17647078898180624,1,1.0,PASS,eta_fixed_geometric
781,6.660575149839686,0.020699316013150056,-0.4746,-0.4745999999999876,0.15821504667667952,1.0538032082254176,1.187407352628584,0.39487432075134615,6.4922005124147155,6.4921744115,0.1683746374249706,0.16840073833968638,2.610091471577647e-05,6.669114348749737,0.17691383633502156,0.17693993724973733,1,1.0,PASS,eta_fixed_geometric
797,6.680854678790215,0.020279528950529088,-0.4746,-0.47460000000001085,0.1576789008356405,1.0534298223942873,1.1871141363408177,0.394256503035848,6.511876416658736,6.5118501948,0.16897826213147926,0.16900448399021517,2.6221858735908654e-05,6.689247712306283,0.17737129564754728,0.1773975175062832,1,1.0,PASS,eta_fixed_geometric
814,6.70196036600254,0.021105687212325155,-0.4746,-0.47459999999998426,0.1571249123153933,1.0530449348493902,1.1868102275349295,0.3936161557836824,6.532358631531984,6.5323322749,0.1696017344705556,0.16962809110254007,2.6356631984469914e-05,6.71020385968766,0.17784522815567527,0.17787158478765974,1,1.0,PASS,eta_fixed_geometric
831,6.7226297948554485,0.02066942885290798,-0.4746,-0.47460000000003844,0.1565862851918049,1.0526716262961602,1.1865138337141226,0.3929916428868678,6.5524221181806634,6.5523956204,0.1702076766747851,0.17023417445544897,2.6497780663881088e-05,6.730729348825154,0.1783072306444904,0.17833372842515427,1,1.0,PASS,eta_fixed_geometric
848,6.742880635791903,0.020250840936454875,-0.4746,-0.47459999999997227,0.1560622782175024,1.0523093137703654,1.186224620746904,0.3923822603179834,6.572083700222067,6.5720570553,0.170796935569836,0.17082358049190294,2.664492206694291e-05,6.750841533827077,0.17875783360500996,0.1787844785270769,1,1.0,PASS,eta_fixed_geometric
866,6.763884908562435,0.021004272770531997,-0.4746,-0.47459999999994334,0.15552261549234264,1.0519370718688148,1.1859258746271153,0.3917527910390592,6.592481359214796,6.5924545522,0.17140354934763913,0.17143035636243464,2.6807014795515727e-05,6.771704428687941,0.17922306947314492,0.17924987648794044,1,1.0,PASS,eta_fixed_geometric
884,6.784457062637643,0.020572154075208317,-0.4746,-0.4745999999999547,0.15499780477320407,1.051575951286895,1.1856344805027141,0.3911388126901219,6.612463844625305,6.6124368693,0.17199321801233847,0.1720201933376435,2.6975325305045317e-05,6.792140479469622,0.17967663484431728,0.17970361016962233,1,1.0,PASS,eta_fixed_geometric
902,6.804614520062624,0.020157457424980152,-0.4746,-0.4745999999999072,0.15448713405560627,1.0512253955576396,1.1853501128942847,0.3905396394739169,6.632047764427724,6.6320206147,0.1725667556349002,0.17259390536262398,2.714972772377422e-05,6.8121668114278435,0.18011904700011971,0.1801461967278435,1,1.0,PASS,eta_fixed_geometric
921,6.825460036255307,0.020845516192683128,-0.4746,-0.47459999999996394,0.1539626997605053,1.0508662542893035,1.185057233308171,0.38992253120140136,6.652304541567467,6.6522772016,0.17315549468783953,0.17318283465530726,2.733996746773215e-05,6.8328790145555836,0.18057447298811624,0.18060181295558397,1,1.0,PASS,eta_fixed_geometric
940,6.84587987526405,0.020419839008742745,-0.4746,-0.4746000000000098,0.15345255247696232,1.0505177408099369,1.1847715071336922,0.3893204954355001,6.672151936019098,6.6721243997,0.17372793924495156,0.17375547556404936,2.7536319097798412e-05,6.853170482159965,0.18101854614086665,0.18104608245996445,1,1.0,PASS,eta_fixed_geometric
959,6.8658910748834385,0.020011199619388534,-0.4746,-0.4746000000000107,0.15295601350886773,1.0501793280002856,1.1844926198951073,0.38873286956406067,6.6916062091368085,6.6915784706,0.17428486574663005,0.17431260428343887,2.7738536808818992e-05,6.873057975796678,0.18145176665986984,0.18147950519667866,1,1.0,PASS,eta_fixed_geometric
979,6.88653164253051,0.020640567647072137,-0.4746,-0.4745999999999256,0.1524473466993756,1.0498334768650692,1.184206118917211,0.38812920125840694,6.711676506994038,6.7116485494,0.1748551355364727,0.17488309313050987,2.795759403717568e-05,6.89357308592778,0.18189657893374278,0.18192453652777996,1,1.0,PASS,eta_fixed_geometric
999,6.906754778648554,0.020223136118043127,-0.4746,-0.4746000000000579,0.15195236756163985,1.0494977407833175,1.183926547059062,0.38754013286776157,6.731344976418455,6.7313167938,0.1754098022300985,0.17543798484855433,2.818261845582981e-05,6.913675374619144,0.18233039820068875,0.18235858081914458,1,1.0,PASS,eta_fixed_geometric
1020,6.927557906278317,0.020803127629763326,-0.4746,-0.474599999999971,0.1514466679188487,1.0491555617207269,1.1836401240969414,0.38693662894427444,6.7515816924042,6.7515532672,0.175976213874117,0.17600463907831632,2.8425204199322707e-05,6.934356294802632,0.18277460239843268,0.182803027602632,1,1.0,PASS,eta_fixed_geometric
1041,6.947937068614969,0.020379162336652046,-0.4746,-0.4745999999999354,0.150954656441674,1.0488234531711442,1.1833606807163193,0.38634783126073374,6.771410040365233,6.7713813665,0.17652702824973598,0.1765557021149693,2.8673865233308504e-05,6.954617777334791,0.18320773696955772,0.18323641083479103,1,1.0,PASS,eta_fixed_geometric
1063,6.968850378341948,0.020913309726979117,-0.4746,-0.474599999999999,0.15045319283437214,1.0484857898065683,1.1830750830136378,0.3857460661897139,6.791762229200916,6.7917332885,0.17708814914103144,0.17711708984194807,2.8940700916635365e-05,6.975412384347918,0.183650155147002,0.18367909584791864,1,1.0,PASS,eta_fixed_geometric
1085,6.98933526597456,0.020484887632611932,-0.4746,-0.47460000000006247,0.14996534888074223,1.0481581016063501,1.1827964796879489,0.3851590385333435,6.811701507872455,6.8116722941,0.1776337581021048,0.17766297187456015,2.921377245534984e-05,6.995782992234684,0.1840814843622285,0.18411069813468384,1,1.0,PASS,eta_fixed_geometric
1107,7.009408932708637,0.02007366673407691,-0.4746,-0.47459999999991564,0.1494904783063523,1.0478398939954325,1.1825245621603635,0.3845860981045005,6.831244337777924,6.8312148449,0.17816459493071335,0.1781940878086372,2.949287792386457e-05,7.015746553805118,0.18450221602719452,0.18453170890511839,1,1.0,PASS,eta_fixed_geometric
1130,7.029972911706386,0.02056397899774945,-0.4746,-0.474600000000052,0.14900723982326425,1.0475168596056847,1.1822471196384794,0.3840015163052243,6.851268396705672,6.8512386059,0.17870451500071383,0.17873430580638594,2.9790805672114118e-05,7.036199637048908,0.18493124034323571,0.18496103114890783,1,1.0,PASS,eta_fixed_geometric
1153,7.050122520269059,0.020149608562672738,-0.4746,-0.47459999999994323,0.14853687873874535,1.047203193886503,1.1819763589645118,0.38343101341031094,6.870892740165343,6.8708626454,0.17922978010371615,0.17925987486905903,3.009476534288069e-05,7.056242418290126,0.18534967812478342,0.1853797728901263,1,1.0,PASS,eta_fixed_geometric
1177,7.0707241072602764,0.02060158699121773,-0.4746,-0.4745999999999314,0.148059147811056,1.0468853857280462,1.1817006364549045,0.38285005574153136,6.890961106398495,6.8909306882,0.1797630008617812,0.17979341906027635,3.041819849514127e-05,7.076736627759647,0.18577552136115205,0.1858059395596472,1,1.0,PASS,eta_fixed_geometric
1201,7.0909098220799835,0.020185714819706886,-0.4746,-0.474599999999993,0.1475941487368583,1.0465767989597226,1.1814315649060354,0.38228311189641395,6.910628081280547,6.9105973335,0.18028174079943682,0.1803124885799834,3.074778054656946e-05,7.096818913598383,0.18619083231783584,0.1862215800983824,1,1.0,PASS,eta_fixed_geometric
1226,7.111512116496157,0.020602294416173266,-0.4746,-0.4746000000000141,0.14712267357226574,1.0462646757204768,1.1811580427719521,0.3817067905013627,6.930704687803036,6.9306735904,0.18080742869312072,0.18083852609615736,3.109740303663955e-05,7.117317432509624,0.18661274470658729,0.18664384210962393,1,1.0,PASS,eta_fixed_geometric
1251,7.1316985104669115,0.020186393970754477,-0.4746,-0.4745999999999695,0.14666374299384022,1.0459615974486722,1.180891117309819,0.3811443685415734,6.950379652672627,6.9503481995,0.18131885779428458,0.1813503109669119,3.145317262731595e-05,7.137403869275285,0.18702421660265767,0.18705566977528498,1,1.0,PASS,eta_fixed_geometric
1277,7.152268856032539,0.02057034556562817,-0.4746,-0.47459999999995,0.1461991346596991,1.0456555176054734,1.1806202043153369,0.3805735447015506,6.970432519264707,6.9704006899,0.18183633676783195,0.18186816613253942,3.1829364707469665e-05,7.15787408240874,0.18744156314403249,0.18747339250873996,1,1.0,PASS,eta_fixed_geometric
1303,7.172424577124845,0.020155721092305918,-0.4746,-0.4746000000000919,0.14574684914183045,1.0453582828233718,1.1803558136438135,0.38001646364049424,6.990084758632199,6.9900525468,0.1823398184926459,0.18237203032484484,3.2211832198925094e-05,7.177933351761653,0.1878485931294538,0.18788080496165271,1,1.0,PASS,eta_fixed_geometric
1330,7.1929342212158,0.020509644090954363,-0.4746,-0.47459999999994745,0.14528959742456204,1.0450585173017992,1.1800878540138924,0.37945186265046843,7.0100856696306195,7.0100530543,0.1828485515851801,0.18288116691579948,3.2615330619378824e-05,7.198346511826196,0.18826084219557604,0.18829345752619542,1,1.0,PASS,eta_fixed_geometric
1357,7.213031659834869,0.0200974386190696,-0.4746,-0.4746000000000161,0.14484441879508794,1.04476737851935,1.1798263254019978,0.37890081205645115,7.02968807892574,7.0296550539,0.1833435809091295,0.18337660593486937,3.3025025739874536e-05,7.218351004716754,0.1886629257910144,0.18869595081675428,1,1.0,PASS,eta_fixed_geometric
1385,7.233455418621439,0.020423758786569747,-0.4746,-0.4746000000000333,0.14439490698673607,1.0444741223645446,1.1795616055709746,0.3783430374440834,7.049612265492651,7.0495788093,0.1838431531287883,0.18387660932143923,3.345619265093802e-05,7.238681903750502,0.18906963825785095,0.18910309445050189,1,1.0,PASS,eta_fixed_geometric
1413,7.253470382684528,0.02001496406308863,-0.4746,-0.474599999999981,0.14395719643136115,1.044189260689177,1.1793032113411503,0.3777985911107407,7.0691410424846595,7.0691071489,0.18432934019986824,0.184363233784528,3.38935846597721e-05,7.258607401369149,0.1894663588844896,0.18950025246914937,1,1.0,PASS,eta_fixed_geometric
1442,7.273786317844895,0.02031593516036687,-0.4746,-0.47460000000004904,0.14351571493469228,1.043902643687693,1.1790419663054088,0.37724813802231416,7.088966875097128,7.0889325222,0.18481944274776652,0.18485379564489435,3.435289712783174e-05,7.278834052971782,0.18986717787465412,0.18990153077178196,1,1.0,PASS,eta_fixed_geometric
1472,7.294377299288821,0.020590981443927153,-0.4746,-0.4745999999999756,0.14307111826294897,1.0436147172411212,1.178778243022438,0.37669246317414085,7.10906457650272,7.1090297419,0.1853127227861009,0.18534755738882147,3.4834602720579255e-05,7.299336087391669,0.190271510888949,0.19030634549166958,1,1.0,PASS,eta_fixed_geometric
1502,7.31455283232408,0.02017553303525846,-0.4746,-0.47460000000007985,0.14263825925950052,1.043335083264356,1.1785208693545068,0.3761501672028588,7.128760126603299,7.128724804,0.18579270572078066,0.18582802832407985,3.532260329919268e-05,7.319425952132424,0.19066582552912514,0.19070114813242434,1,1.0,PASS,eta_fixed_geometric
1533,7.334981878871814,0.020429046547734166,-0.4746,-0.47459999999996055,0.14220272525684052,1.0430544128851125,1.178261294087176,0.3756032323792473,7.148706500399618,7.1486706671,0.186275378472196,0.1863112117718142,3.583329961820425e-05,7.339769726051234,0.19106322565161538,0.19109905895123358,1,1.0,PASS,eta_fixed_geometric
1564,7.355001921105257,0.02002004223344221,-0.4746,-0.4746000000000149,0.1417785835359796,1.0427817542787121,1.1780079186781034,0.3750693608893759,7.168256764820975,7.1682204144,0.18674515628428168,0.18678150670525628,3.6350420974606834e-05,7.3597076165122335,0.19145085169125853,0.19148720211223313,1,1.0,PASS,eta_fixed_geometric
1596,7.3752557780097545,0.020253856904497596,-0.4746,-0.47459999999998975,0.14135215468126727,1.042508295547145,1.1777525894633312,0.37453137265768016,7.188038582151341,7.1880016916,0.18721719585841345,0.18725408640975427,3.689055134081798e-05,7.3798797628235535,0.19184118067221245,0.19187807122355327,1,1.0,PASS,eta_fixed_geometric
1629,7.395721608602045,0.02046583059229104,-0.4746,-0.47459999999999436,0.1409239611641913,1.0422343847518052,1.177495610133658,0.37398990757197664,7.208030696741924,7.2079932426,0.18769091186012155,0.18772836600204545,3.745414192390939e-05,7.400264435142955,0.19223373840103175,0.19227119254295566,1,1.0,PASS,eta_fixed_geometric
1662,7.415776975415394,0.02005536681334843,-0.4746,-0.47460000000001784,0.1405069618514751,1.0419682925837381,1.1772447766446625,0.3734613920030676,7.227625001655735,7.2275869775,0.18815197375965909,0.18818999791539426,3.802415573517237e-05,7.42024162139698,0.1926166197412451,0.19265464389698028,1,1.0,PASS,eta_fixed_geometric
1696,7.4360278163518485,0.020250840936454875,-0.4746,-0.4746000000000027,0.14008849120655836,1.0417019173627293,1.1769924896538488,0.37292981385134394,7.247413424461648,7.2473748066,0.18861439189020057,0.18865300975184862,3.8617861648049256e-05,7.440414853411643,0.19300142894999528,0.19304004681164333,1,1.0,PASS,eta_fixed_geometric
1731,7.456454555176209,0.020426738824360805,-0.4746,-0.47460000000009983,0.13966900057373327,1.041435555544922,1.1767390154611113,0.3723957342205522,7.267376893060951,7.2673376574,0.1890776621152579,0.18911689777620921,3.923566095132003e-05,7.4607646445144615,0.1933877514535105,0.19342698711446182,1,1.0,PASS,eta_fixed_geometric
1766,7.476472381163905,0.02001782598769605,-0.4746,-0.47460000000005254,0.13926043143969055,1.041176769447816,1.1764915890223366,0.37187439743429646,7.2869437775937405,7.2869039176,0.18952860357016466,0.189568463563905,3.9859993740343214e-05,7.48070834285295,0.19376456525920993,0.19380442525295027,1,1.0,PASS,eta_fixed_geometric
1802,7.496652438168283,0.020180057004377822,-0.4746,-0.4745999999999432,0.13885105638276907,1.0409181103741274,1.1762431280145431,0.37135088077236456,7.306672271094642,7.3066317625,0.1899801670736414,0.19002067566828273,4.050859464133083e-05,7.500814932581481,0.1941426614868389,0.19418317008148023,1,1.0,PASS,eta_fixed_geometric
1839,7.516977224604321,0.02032478643603788,-0.4746,-0.47460000000003494,0.1384412642030564,1.0406598299598044,1.1759938652720088,0.3708256748251071,7.326545304742577,7.3265041229,0.19043191986174346,0.1904731017043204,4.11818425769539e-05,7.52106698370367,0.19452167896109263,0.19456286080366958,1,1.0,PASS,eta_fixed_geometric
1877,7.537430036586509,0.020452811982187652,-0.4746,-0.47459999999997143,0.13803141876357633,1.040402161781231,1.1757440204808014,0.37029924247958695,7.346546578952586,7.346504699,0.19088345763392223,0.19092533758650898,4.187995258675414e-05,7.541447856435435,0.1949012774828489,0.19494315743543567,1,1.0,PASS,eta_fixed_geometric
1915,7.557472901614746,0.020042865028237555,-0.4746,-0.47460000000006586,0.13763222548099147,1.0401518144615236,1.175500140211865,0.3697853776060696,7.3661499076952826,7.3661073231,0.1913229939194636,0.19136557851474656,4.2584595282946225e-05,7.561421424551849,0.1952715168565664,0.19531410145184935,1,1.0,PASS,eta_fixed_geometric
1954,7.577633832602728,0.020160930987981763,-0.4746,-0.4746000000000077,0.13723309232273756,1.0399021233374697,1.1752557739909943,0.36927048881372,7.385871633259288,7.3858283189,0.1917621993434393,0.19180551370272791,4.331435928861538e-05,7.581513829444819,0.19564219618553036,0.19568551054481897,1,1.0,PASS,eta_fixed_geometric
1994,7.597897950521784,0.020264117919055646,-0.4746,-0.47460000000003427,0.13683433132620135,1.0396532855443639,1.175011113054267,0.3687549790439411,7.405697222026784,7.4056531526,0.19220072849500003,0.1922447979217834,4.406942678336634e-05,7.601710242519035,0.19601302049225122,0.1960570899190346,1,1.0,PASS,eta_fixed_geometric
2035,7.618251097876695,0.02035314735491176,-0.4746,-0.4745999999999816,0.1364362331496479,1.0394054829824657,1.1747663371108985,0.36823922695091715,7.425612837543655,7.4255679874,0.1926382603330401,0.19268311047669506,4.485014365496198e-05,7.621996550727175,0.19638371318352021,0.19642856332717518,1,1.0,PASS,eta_fixed_geometric
2077,7.638679823876112,0.020428725999416916,-0.4746,-0.4745999999999433,0.13603906786506165,1.0391588829597596,1.1745216146922457,0.36772358763646557,7.445605326653561,7.4455596701,0.19307449722255132,0.19312015377611225,4.565655356092435e-05,7.642359342095706,0.19675401544214566,0.19679967199570658,1,1.0,PASS,eta_fixed_geometric
2119,7.6586995582682995,0.020019734392186864,-0.4746,-0.47459999999995045,0.13565217618746025,1.0389192618450354,1.1742827224738264,0.36722023277253385,7.465200369678013,7.4651539001,0.19349918859028659,0.19354565816829972,4.6469578013130786e-05,7.662315563725462,0.19711519404744937,0.1971616636254625,1,1.0,PASS,eta_fixed_geometric
2162,7.6787889981991535,0.020089439930854436,-0.4746,-0.4746000000000219,0.13526622720949055,1.038680817324143,1.1740439199588037,0.3667170669169737,7.4848664121658794,7.4848191037,0.19392258603327406,0.19396989449915392,4.7308465879858375e-05,7.682342348036357,0.19747593587047785,0.1975232443363577,1,1.0,PASS,eta_fixed_geometric
2206,7.698936199813447,0.020147201614294202,-0.4746,-0.4745999999999602,0.13488145150608696,1.038443689683595,1.173805353241399,0.36621439789594096,7.504591763248434,7.5045435899,0.19434443656501355,0.19439260991344742,4.817334843387755e-05,7.702427780856447,0.1978360176080134,0.19788419095644727,1,1.0,PASS,eta_fixed_geometric
2251,7.719129840906732,0.020193641093284358,-0.4746,-0.47460000000001673,0.13449806242268253,1.038208007191065,1.1735671588676215,0.3657125134168045,7.524365334192703,7.5243162697,0.19476450671402912,0.19481357120673248,4.906449270336566e-05,7.722560565280469,0.19819523108776593,0.1982442955804693,1,1.0,PASS,eta_fixed_geometric
2297,7.739359202689098,0.02022936178236595,-0.4746,-0.4746000000000985,0.13411625685223333,1.0379738866995467,1.17332946420392,0.36521168184552055,7.544176621002141,7.544126639,0.19518258168695723,0.19523256368909792,4.998200214068049e-05,7.7427300037355655,0.19855338273342493,0.1986033647355656,1,1.0,PASS,eta_fixed_geometric
2344,7.759614150696903,0.02025494800780495,-0.4746,-0.4745999999999013,0.1337362160147146,1.0377414342484372,1.1730923878129684,0.36471215299832366,7.5640156863569405,7.5639647604,0.19559846433996242,0.19564939029690276,5.0925956940339745e-05,7.762925979186317,0.19891029282937644,0.19896121878631678,1,1.0,PASS,eta_fixed_geometric
2392,7.779885115070522,0.0202709643736192,-0.4746,-0.47459999999993935,0.13335810623317346,1.0375107456574595,1.1728560398331993,0.36421415894062664,7.583873140656462,7.583821244,0.19601197441406004,0.19606387107052203,5.18966564619916e-05,7.7831389356958125,0.19926579503935038,0.19931769169581237,1,1.0,PASS,eta_fixed_geometric
2441,7.80016307039296,0.020277955322437726,-0.4746,-0.4746000000000682,0.13298207970110978,1.0372819071086499,1.1726205223577848,0.3637179147866835,7.603740122800115,7.6036872288,0.19642294759284518,0.19647584159296017,5.2894000114989126e-05,7.803359858536564,0.19961973573644887,0.19967262973656386,1,1.0,PASS,eta_fixed_geometric
2491,7.820439515262181,0.02027644486922037,-0.4746,-0.4745999999999991,0.13260827523715107,1.0370549957153796,1.1723859298123067,0.36322361949495796,7.623608280652195,7.6235543624,0.19683123460998608,0.19688515286218067,5.391825219458468e-05,7.823580254023331,0.19997197337113626,0.20002589162333084,1,1.0,PASS,eta_fixed_geometric
2542,7.8407064517494,0.020266936487218955,-0.4746,-0.4745999999999464,0.13223681902337014,1.036830080075356,1.1721523493281865,0.3627314566544583,7.643469751314773,7.6434147819,0.19723670043462693,0.19729166984939983,5.496941477289852e-05,7.843792129219588,0.20032237790481489,0.20037734731958778,1,1.0,PASS,eta_fixed_geometric
2594,7.860956364876389,0.02024991312698988,-0.4746,-0.4746000000000434,0.13186782532427443,1.036607220805263,1.1719198611094854,0.3622415952580483,7.6633171414286565,7.663261094,0.19763922344773288,0.19769527087638927,5.6047428656391673e-05,7.8639879716503485,0.20067083022169196,0.20072687765034836,1,1.0,PASS,eta_fixed_geometric
2647,7.881182202227102,0.02022583735071201,-0.4746,-0.47459999999991537,0.13150139718420784,1.0363864710561759,1.1716885387920812,0.36175419045956986,7.683143507691559,7.6830863551,0.19803869453554235,0.19809584712710127,5.715259155891772e-05,7.884160729136484,0.20101722144492484,0.20107437403648376,1,1.0,PASS,eta_fixed_geometric
2701,7.901377353792616,0.02019515156551435,-0.4746,-0.47460000000008806,0.13113762710143678,1.0361678770093934,1.1714584497946074,0.3612693843122116,7.702942337285402,7.7028840526,0.19843501650721418,0.19849330119261577,5.8284685401588376e-05,7.904303789849576,0.20136145256417404,0.20141973724957563,1,1.0,PASS,eta_fixed_geometric
2756,7.9215356321335495,0.02015827834093351,-0.4746,-0.4745999999999284,0.13077659767729655,1.0359514783498982,1.1712296556580406,0.3607873064856014,7.722707528951805,7.722648085,0.1988281031817447,0.19888754713354917,5.944395180446094e-05,7.924410962671529,0.20170343371972432,0.20176287767152878,1,1.0,PASS,eta_fixed_geometric
2812,7.941651252930556,0.020115620797006295,-0.4746,-0.47459999999996344,0.1304183822398277,1.0357373087201038,1.1710022123762205,0.36030807496045864,7.742433374170546,7.742372744,0.19921787876000963,0.199278508930556,6.063017054636077e-05,7.944476457929819,0.20204308375927305,0.2021037139298194,1,1.0,PASS,eta_fixed_geometric
2869,7.9617188159813645,0.020067563050809173,-0.4746,-0.4745999999999929,0.13006304544086095,1.035525396150342,1.170776170713312,0.35983179669893495,7.762114538893121,7.7620526954,0.1996042770882438,0.19966612058136413,6.184349312032822e-05,7.964494868567133,0.20238032967401232,0.20244217316713264,1,1.0,PASS,eta_fixed_geometric
2927,7.9817332866918855,0.020014470710521048,-0.4746,-0.47460000000004415,0.12971064382658443,1.0353157634688843,1.1705515765105425,0.35935856829019525,7.781746045572371,7.7816829618,0.1999872411195147,0.2000503248918859,6.308377237118634e-05,7.984461151793284,0.20271510622091338,0.20277818999328456,1,1.0,PASS,eta_fixed_geometric
2987,8.00202481821611,0.020291531524223992,-0.4746,-0.47459999999993274,0.1293553803936333,1.0351049642796395,1.1703247347728245,0.3588806042411476,7.801651749275167,7.8015873767,0.20037306894094353,0.20043744151611076,6.437257516722639e-05,8.004704665777469,0.20305291650230206,0.2031172890774693,1,1.0,PASS,eta_fixed_geometric
3048,8.022240916806537,0.020216098590427032,-0.4746,-0.47460000000008795,0.1290034393024349,1.0348966691807617,1.1700995944618893,0.35840622516194215,7.821485873445172,7.821420185,0.2007550433613643,0.20082073180653648,6.568844517218508e-05,8.024873749401484,0.20338787595631214,0.20345356440148432,1,1.0,PASS,eta_fixed_geometric
3110,8.04237800517328,0.020137088366742963,-0.4746,-0.4745999999999399,0.1286548428590225,1.0346908784684272,1.1698761811778506,0.3579354849934095,7.841244859667895,7.8411778284,0.20113314550538508,0.20120017677327962,6.703126789453506e-05,8.044964810578609,0.20371995091071415,0.2037869821786087,1,1.0,PASS,eta_fixed_geometric
3173,8.062432791583195,0.020054786409915704,-0.4746,-0.4746000000000475,0.1283096077538365,1.034487589029709,1.1696545169300907,0.3574684301097213,7.860925428870644,7.8608570279,0.20150736271255099,0.20157576368319496,6.84009706439781e-05,8.064974542148008,0.20404911327736386,0.20411751424800784,1,1.0,PASS,eta_fixed_geometric
3238,8.08271113423758,0.020278342654384978,-0.4746,-0.4745999999999589,0.12796247253472415,1.0342837015209856,1.1694312255431785,0.3569979467829607,7.880827736024255,7.8807579167,0.2018833982133259,0.20195321753758044,6.981932425453863e-05,8.085208110182666,0.20438037415841137,0.2044501934826659,1,1.0,PASS,eta_fixed_geometric
3304,8.102889134640868,0.020178000403288217,-0.4746,-0.47460000000005187,0.12761898308866065,1.0340824714430252,1.1692098768816188,0.3565315568512438,7.900633889950429,7.9005626254,0.20225524469043954,0.20232650924086837,7.126455042882895e-05,8.105342325417325,0.20470843546689643,0.20477970001732526,1,1.0,PASS,eta_fixed_geometric
3371,8.12296471523406,0.020075580593192005,-0.4746,-0.4746000000000129,0.12727912960338794,1.0338838787540232,1.1689904768212056,0.3560692726953245,7.92034179623035,7.92026906,0.20262291900371032,0.2026956552340602,7.273623034986798e-05,8.12537509052048,0.20503329429013029,0.20510603052048015,1,1.0,PASS,eta_fixed_geometric
3440,8.143226750367445,0.020262035133383358,-0.4746,-0.4745999999999743,0.12693801753690934,1.033685060045172,1.1687698691853068,0.3556044441325662,7.9402350329857105,7.9401607765,0.20299171738173438,0.20306597386744496,7.425648571057764e-05,8.14559465579064,0.20535962280492992,0.2054338792906405,1,1.0,PASS,eta_fixed_geometric
3510,8.163371316459912,0.020144566092467495,-0.4746,-0.4746000000000961,0.12660075721519842,1.033488990092656,1.1685513629429654,0.35514404328472654,7.960015200311856,7.9599393972,0.20335611614805593,0.2034319192599119,7.580311185595434e-05,8.165697726068478,0.20568252575662171,0.20575832886847767,1,1.0,PASS,eta_fixed_geometric
3581,8.183397369998433,0.02002605353852128,-0.4746,-0.4746000000000462,0.12626731772276892,1.0332956357692638,1.1683349507687955,0.35468805471719145,7.979681214727,7.9796038389,0.20371615527143305,0.2037935310984329,7.737582699984813e-05,8.185683235185584,0.20600202045858396,0.2060793962855838,1,1.0,PASS,eta_fixed_geometric
3654,8.203577736937952,0.020180366939519426,-0.4746,-0.47460000000008346,0.12593314587579366,1.0331023518492202,1.1681176822855455,0.3542302618742434,7.9995009838116,7.9994219871,0.2040767531263521,0.20415574983795182,7.899671159972144e-05,8.20582344669348,0.2063224628818796,0.20640145959347933,1,1.0,PASS,eta_fixed_geometric
3728,8.223627175805483,0.02004943886752979,-0.4746,-0.47459999999991476,0.12560295305150726,1.0329118580757952,1.1679026257096208,0.35377712960314145,8.019194347957347,8.0191137045,0.20443282784813555,0.20451347130548214,8.064345734659639e-05,8.225833676255123,0.20663932829777565,0.20671997175512224,1,1.0,PASS,eta_fixed_geometric
3804,8.24380842366528,0.020181247859799037,-0.4746,-0.4746000000000192,0.1252723972028511,1.0327216433136068,1.1676869586783607,0.35332271107954893,8.03901935926485,8.0389370213,0.20478906440042977,0.20487140236527956,8.233796484979905e-05,8.24597613558315,0.20695677631830023,0.20703911428315003,1,1.0,PASS,eta_fixed_geometric
3881,8.263848131368906,0.020039707703625474,-0.4746,-0.47460000000003955,0.12494593945122143,1.0325342682561087,1.1674735976025228,0.35287315129057906,8.0587074736772,8.0586234159,0.20514065769170564,0.20522471546890664,8.40577772009965e-05,8.265977989134724,0.20727051545752317,0.20735457323472417,1,1.0,PASS,eta_fixed_geometric
3960,8.283999304248526,0.02015117287961994,-0.4746,-0.4746000000000904,0.12461943940607967,1.0323473493358053,1.1672598428045682,0.3524227619143201,8.078507234246224,8.0784214093,0.20549207000230219,0.20557789494852585,8.58249462236671e-05,8.286091751660562,0.2075845174143378,0.20767034236056148,1,1.0,PASS,eta_fixed_geometric
4040,8.303999970955196,0.020000666706669435,-0.4746,-0.47460000000001357,0.12429712206428559,1.032163298011642,1.167048466763125,0.3519773846673412,8.098161213877129,8.098073597,0.20583875707806776,0.20592637395519553,8.761687712777189e-05,8.306055925392174,0.20789471151504557,0.20798232839217334,1,1.0,PASS,eta_fixed_geometric
4122,8.324093761450404,0.020093790495208604,-0.4746,-0.4745999999999517,0.12397503938413781,1.0319798519130698,1.1668368872247397,0.3515315786446621,8.117908792528883,8.1178193369,0.20618496892152116,0.20627442455040423,8.945562888307279e-05,8.326113682285506,0.20820488975662244,0.2082943453855055,1,1.0,PASS,eta_fixed_geometric
4206,8.344267356262645,0.020173594812240653,-0.4746,-0.4746000000000296,0.12365341299050106,1.0317971375071013,1.1666252504260328,0.35108565197223435,8.137736889298374,8.1376455483,0.2065304669642707,0.2066218079626445,9.134099837382337e-05,8.34625172424273,0.2085148349443564,0.20860617594273023,1,1.0,PASS,eta_fixed_geometric
4291,8.364275084991524,0.02000772872887963,-0.4746,-0.47460000000001273,0.12333613448922218,1.0316173567873648,1.1664161245915905,0.3506450159957565,8.157404010353241,8.1573107603,0.2068710746382827,0.20696432469152448,9.325005324178903e-05,8.36622479946355,0.20882078911030888,0.20891403916355067,1,1.0,PASS,eta_fixed_geometric
4378,8.384347278082808,0.020072193091283552,-0.4746,-0.4746000000000897,0.12301952452894296,1.0314384156352843,1.1662070923590233,0.3502045772418709,8.177136532032268,8.1770413271,0.20721074605054035,0.2073059509828088,9.520493226844451e-05,8.386262824639372,0.20912629260710425,0.2092214975393727,1,1.0,PASS,eta_fixed_geometric
4467,8.404472321352118,0.02012504326931039,-0.4746,-0.474600000000067,0.12270376736523829,1.0312604165467745,1.1659982773844861,0.3497645962588763,8.196923037296582,8.196825832,0.20754928405553663,0.20764648935211838,9.720529658174826e-05,8.406354200510505,0.20943116321392274,0.2095283685105045,1,1.0,PASS,eta_fixed_geometric
4558,8.42463920980563,0.02016688845351084,-0.4746,-0.4745999999999962,0.12238903384767848,1.0310834534033806,1.1657897952383174,0.34932531655777227,8.21675270336734,8.2166534527,0.20788650643828888,0.2079857571056305,9.925066734162158e-05,8.42648793467063,0.20973523130328964,0.20983448197063126,1,1.0,PASS,eta_fixed_geometric
4651,8.444837529224097,0.02019831941846734,-0.4746,-0.4745999999999968,0.12207548201287438,1.0309076119004428,1.165581753722588,0.3488869652814775,8.236615284011338,8.2365139434,0.20822224521275956,0.20832358582409682,0.00010134061133726391,8.446653623316404,0.21003833930506666,0.21013967991640392,1,1.0,PASS,eta_fixed_geometric
4745,8.464846711044029,0.020009181819931273,-0.4746,-0.4746000000000175,0.12176650305802025,1.0307347829260154,1.1653764117784207,0.34845430210369693,8.256293836800818,8.2561909051,0.20855287424321034,0.20865580594402822,0.0001029317008178765,8.46663103792241,0.21033720112159138,0.21044013282240925,1,1.0,PASS,eta_fixed_geometric
4841,8.484876589939695,0.020029878895666136,-0.4746,-0.4746000000000201,0.1214588230124996,1.0305631240203865,1.165171602603282,0.34802276149025474,8.275994687802923,8.2758896248,0.20888190213677227,0.2089869651396956,0.00010506300292334458,8.486629663615302,0.2106349758123791,0.21074003881530246,1,1.0,PASS,eta_fixed_geometric
4939,8.504918160540624,0.020041570600930512,-0.4746,-0.4746000000000077,0.12115257120112038,1.0303927030045998,1.1649674161902455,0.34759253305993004,8.295708968063352,8.2956017317,0.20920919247727277,0.20931642884062462,0.00010723636335185915,8.50664050119687,0.2109315331335182,0.21103876949687006,1,1.0,PASS,eta_fixed_geometric
5039,8.524962928680598,0.02004476813997324,-0.4746,-0.47460000000002106,0.12084786640330664,1.0302235810983345,1.1647639360249704,0.34716379272010767,8.315428308078353,8.315318857,0.20953462060224481,0.2096440716805983,0.00010945107835347301,8.526655061060248,0.21122675298189542,0.2113362040602489,1,1.0,PASS,eta_fixed_geometric
5141,8.545002892055505,0.020039963374906575,-0.4746,-0.4746000000000721,0.12054481739943375,1.0300558133004643,1.1645612393907296,0.3467367033095336,8.335144819277843,8.3350331128,0.20985807277766177,0.20996977925550553,0.00011170647784375376,8.54666534398003,0.21152052470218585,0.2116322311800296,1,1.0,PASS,eta_fixed_geometric
5245,8.565030520830398,0.02002762877489291,-0.4746,-0.4745999999999051,0.12024352350575371,1.0298894487589678,1.164359397669335,0.3463114152325491,8.35485107508302,8.354737073,0.2101794457473769,0.21029344783039683,0.0001140020830199262,8.566663821845049,0.21181274676202833,0.21192674884504825,1,1.0,PASS,eta_fixed_geometric
5351,8.585038738311304,0.02000821748090697,-0.4746,-0.4746000000000418,0.11994407509594304,1.0297245311295913,1.16415847663714,0.3458880670820176,8.374540092151719,8.3744237552,0.2104986461595857,0.210614983111304,0.00011633695171830993,8.586643418449306,0.2121033262975871,0.2122196632493054,1,1.0,PASS,eta_fixed_geometric
5460,8.605204068738951,0.020165330427646105,-0.4746,-0.4746000000000466,0.11964383394380315,1.0295596066527424,1.1639567073141022,0.34546293155096097,8.39438558229932,8.3942668497,0.21081848643963141,0.2109372190389518,0.00011873259932038138,8.606780402145937,0.212394819846617,0.2125135524459374,1,1.0,PASS,eta_fixed_geometric
5571,8.625329850020815,0.020125781281864687,-0.4746,-0.4745999999999985,0.1193457294924658,1.0293962830638748,1.163756060005457,0.3450401601463497,8.414194003284205,8.4140728373,0.21113584673661023,0.21125701272081443,0.00012116598420419677,8.626878383207533,0.21268437992332778,0.21280554590753198,1,1.0,PASS,eta_fixed_geometric
5684,8.64541048921699,0.02008063919617588,-0.4746,-0.47460000000007146,0.11904982269956446,1.0292345859062375,1.1635565820931217,0.34461985270353374,8.433959823262462,8.4338361868,0.2114506659545281,0.21157430241698982,0.0001236364624617181,8.64693176503772,0.21297194177525824,0.21309557823771996,1,1.0,PASS,eta_fixed_geometric
5799,8.66544076787644,0.02003027865944929,-0.4746,-0.4745999999999398,0.11875616765641386,1.0290745366466583,1.1633583165389765,0.34420209974504257,8.453677877559258,8.4535517343,0.21176289031718198,0.2118890335764405,0.00012614325925852654,8.666935324752583,0.21325744719332462,0.21338359045258315,1,1.0,PASS,eta_fixed_geometric
5917,8.685584842676693,0.02014407480025358,-0.4746,-0.4745999999999954,0.11846235303980379,1.0289148179903351,1.1631596380997276,0.3437834768220167,8.473509757357446,8.4733810502,0.21207508531924724,0.21220379247669285,0.00012870715744561778,8.687052994272818,0.21354323691537225,0.21367194407281787,1,1.0,PASS,eta_fixed_geometric
6037,8.705662478796427,0.020077636119732047,-0.4746,-0.4745999999999628,0.1181710012859073,1.0287568519765273,1.1629623231915136,0.3433677269100851,8.493278012649546,8.4931467071,0.21238446614688122,0.21251577169642744,0.00013130554954621232,8.707104768802855,0.21382675615330982,0.21395806170285603,1,1.0,PASS,eta_fixed_geometric
6159,8.725669705687043,0.020007226890617007,-0.4746,-0.4746000000000185,0.11788214324562304,1.0286006461597934,1.1627663999208475,0.3429549092305966,8.512978701128386,8.5128447636,0.21269100455865697,0.2128249420870425,0.0001339375283855304,8.727086670562926,0.21410796943454002,0.21424190696292555,1,1.0,PASS,eta_fixed_geometric
6284,8.745761999375512,0.020092293688468453,-0.4746,-0.47460000000006713,0.11759352438065379,1.0284449769009598,1.1625703428587508,0.34254180964755127,8.532764904004807,8.5326282803,0.21299709537070477,0.21313371907551115,0.0001366237048063823,8.747153971681636,0.2143890676768283,0.2145256913816347,1,1.0,PASS,eta_fixed_geometric
6411,8.765770543987257,0.020008544611745623,-0.4746,-0.4746000000000336,0.11730755855207692,1.0282911413428564,1.1623757957083318,0.3421318915050997,8.55247036293798,8.5523310214,0.21330018104927717,0.2134395225872563,0.00013934153797912074,8.767138058892716,0.214667695954736,0.21480703749271512,1,1.0,PASS,eta_fixed_geometric
6541,8.785845337961213,0.020074793973955524,-0.4746,-0.4746000000000132,0.1170220888582213,1.0281379738334864,1.1621812954589201,0.3417220721848201,8.572242787719865,8.5721006762,0.21360255024134744,0.2137446617612131,0.00014211151986565085,8.787188739389036,0.2149459516691703,0.21508806318903595,1,1.0,PASS,eta_fixed_geometric
6674,8.80597465931132,0.020129321350106498,-0.4746,-0.4746000000000505,0.11673728388253646,1.0279855636664477,1.1619869582881093,0.3413125964772272,8.592070634050925,8.5919257017,0.2139040252603941,0.21404895761132003,0.00014493235092594148,8.807294301849804,0.21522366779887925,0.2153686001498052,1,1.0,PASS,eta_fixed_geometric
6809,8.826000545482966,0.02002588617164739,-0.4746,-0.4746000000000078,0.11645536239133832,1.0278350919903685,1.1617943031199143,0.34090666481228743,8.611798284925388,8.6116505033,0.21420226055757752,0.21435004218296605,0.00014778162538853223,8.827296961544288,0.21549867661889976,0.2156464582442883,1,1.0,PASS,eta_fixed_geometric
6947,8.846065190692881,0.020064645209914158,-0.4746,-0.47459999999993796,0.11617430486223429,1.0276854742947534,1.1616019551131798,0.34050138034808447,8.63156579470717,8.6314151153,0.21449939598571177,0.21465007539288194,0.00015067940717017336,8.847338738805565,0.21577294409839531,0.2159236235055655,1,1.0,PASS,eta_fixed_geometric
7088,8.866158492284917,0.020093301592035977,-0.4746,-0.47460000000002744,0.11589424914793782,1.027536781289973,1.1614100109775114,0.3400969468552509,8.651363204991583,8.6512095805,0.21479528729333452,0.21494891178491748,0.00015362449158295988,8.86740953764858,0.21604633265699746,0.21619995714858042,1,1.0,PASS,eta_fixed_geometric
7232,8.886270902072013,0.02011240978709547,-0.4746,-0.4745999999999456,0.11561532263578049,1.027389077372004,1.1612185607821846,0.339693554113365,8.67118110039062,8.6710244849,0.21508980168139402,0.21524641717201298,0.00015661549061896096,8.887499815210177,0.21631871481955756,0.21647533031017652,1,1.0,PASS,eta_fixed_geometric
7379,8.906393407058367,0.02012250498635418,-0.4746,-0.4746000000000285,0.11533764274856168,1.027242420961443,1.1610276882457136,0.3392913785202358,8.691010589670098,8.6908509386,0.21538281738826903,0.21554246845836644,0.00015965107009741075,8.907600562575723,0.21658997290562532,0.21674962397572273,1,1.0,PASS,eta_fixed_geometric
7529,8.926517509850122,0.0201241027917556,-0.4746,-0.4745999999999856,0.11506131744008674,1.0270968648353576,1.1608374710237561,0.3388905836994543,8.7108432871081,8.7106805573,0.21567422274202208,0.2158369525501218,0.00016272980809972637,8.927703285289793,0.21685999818169321,0.21702272798979294,1,1.0,PASS,eta_fixed_geometric
7682,8.94663520890585,0.020117699055727738,-0.4746,-0.47460000000008246,0.11478644568295122,1.0269524564522503,1.1606479809954264,0.3384913211028203,8.730671292967887,8.7305054425,0.21596391593796227,0.21612976640584947,0.00016585046788719637,8.947799983701957,0.2171286907340697,0.2172945412019569,1,1.0,PASS,eta_fixed_geometric
7838,8.966738978759576,0.020103769853726763,-0.4746,-0.4746000000000945,0.11451311794616792,1.0268092382671965,1.1604592845447945,0.3380937306042195,8.750487174345619,8.7503181627,0.21625180441395742,0.21642081605957664,0.00016901164561922144,8.96788313328028,0.21739595893466124,0.21756497058028046,1,1.0,PASS,eta_fixed_geometric
7997,8.98682175033189,0.020082771572313207,-0.4746,-0.47459999999992514,0.11424141666097459,1.0266672480375745,1.1602714428377445,0.33769794108253226,8.770283945996235,8.7701117342,0.21653780433565473,0.21671001613188956,0.00017221179623483351,8.98794566500802,0.21766171901178488,0.21783393080801972,1,1.0,PASS,eta_fixed_geometric
8159,9.0068768914288,0.02005514109691038,-0.4746,-0.4745999999999856,0.11397141667327712,1.0265265191179427,1.1600845120924492,0.3373040709912644,8.790055051428114,8.7898796018,0.21682184000068538,0.21699728962880016,0.0001754496281147766,9.007980945963174,0.2179258945350604,0.21810134416317517,1,1.0,PASS,eta_fixed_geometric
8324,9.026898187513526,0.020021296084724853,-0.4746,-0.47460000000005076,0.11370318568152281,1.0263870807430522,1.1598985438421408,0.3369122289130292,8.809794344115979,8.8096156204,0.21710384339754718,0.217282567113525,0.00017872371597782433,9.027982760166116,0.21818841605013795,0.21836713976611577,1,1.0,PASS,eta_fixed_geometric
8493,9.04699757378001,0.020099386266484286,-0.4746,-0.4746000000000865,0.11343521859499894,1.0262481474101603,1.1597124971289816,0.3365202215106458,8.829612174762326,8.8294301225,0.21738539901768306,0.21756745128000965,0.000182052262326593,9.04806292912313,0.21845075436080386,0.21863280662313045,1,1.0,PASS,eta_fixed_geometric
8665,9.067047202149707,0.020049628369697096,-0.4746,-0.4746000000000334,0.11316921296205265,1.026110595757064,1.1595275533585272,0.33613053804997045,8.849382476986547,8.8491970631,0.2176647251631607,0.21785013904970718,0.0001854138865464705,9.068093721909882,0.2187112449233357,0.21889665880988218,1,1.0,PASS,eta_fixed_geometric
8841,9.087155271405804,0.020108069256098024,-0.4746,-0.47459999999993896,0.11290372446188209,1.0259736749051402,1.159342711527029,0.3357410693785281,8.869211930442054,8.869023104,0.21794334096374968,0.21813216740580366,0.0001888264420539798,9.088183230146912,0.21897129970485807,0.21916012614691205,1,1.0,PASS,eta_fixed_geometric
9020,9.10719961305667,0.020044341650864942,-0.4746,-0.47459999999992536,0.11264035606957315,1.025838207211382,1.159159091075793,0.3353541742010493,8.888980046378906,8.8887877774,0.21821956667776377,0.21841183565667066,0.00019226897890689543,9.108209392368462,0.21922934598955557,0.21942161496846246,1,1.0,PASS,eta_fixed_geometric
9203,9.127284796838858,0.020085183782187523,-0.4746,-0.47459999999996133,0.1123777221816459,1.0257034751719176,1.15897572966467,0.3349678248307692,8.908789938474568,8.9085941794,0.2184948583642896,0.21869061743885787,0.00019575907456825803,9.128276677386221,0.2194867389116535,0.21968249798622175,1,1.0,PASS,eta_fixed_geometric
9389,9.147294070258548,0.020009273419690617,-0.4746,-0.4746000000000747,0.11211733683860775,1.025570250436977,1.1587936882137102,0.3345842566660034,8.928526438488754,8.9283271625,0.21876763176979352,0.21896690775854744,0.00019927598875391084,9.148268430513157,0.21974199202440303,0.21994126801315694,1,1.0,PASS,eta_fixed_geometric
9579,9.167328481382892,0.0200344111243442,-0.4746,-0.4746000000000282,0.1118578711029076,1.0254378476285413,1.1586120417570325,0.33420152076911724,8.94828919902232,8.9480863621,0.21903928236057268,0.2192421192828924,0.00020283692231970463,9.16828560484096,0.219996405818641,0.2201992427409607,1,1.0,PASS,eta_fixed_geometric
9773,9.187378760338836,0.020050278955944075,-0.4746,-0.47460000000004837,0.11159943974109933,1.0253063223430898,1.1584308730130037,0.3338197914306523,8.968069068555382,8.9678626286,0.2193096917834545,0.21951613173883544,0.00020643995538094373,9.188318934178412,0.22024986562303006,0.220456305578411,1,1.0,PASS,eta_fixed_geometric
9971,9.207436158828793,0.02005739848995719,-0.4746,-0.47460000000003877,0.11134214860085521,1.025175725029203,1.1582502588661416,0.33343923064923875,8.98785740724708,8.987647324,0.2195787515817127,0.21978883482879397,0.0002100832470812719,9.20835967298715,0.2205022657400697,0.22071234898715097,1,1.0,PASS,eta_fixed_geometric
10173,9.227492430793749,0.020056271964955425,-0.4746,-0.474599999999916,0.11108609505364184,1.025046101273915,1.1580702706336736,0.333059988693008,9.00764606858132,9.0074323036,0.21984636221242937,0.220060127193749,0.00021376498131964183,9.228399577120017,0.22075350853869757,0.22096727352001722,1,1.0,PASS,eta_fixed_geometric
10379,9.24753981296529,0.020047382171540607,-0.4746,-0.4745999999999043,0.11083136843002855,1.0249174920821134,1.1578909743293522,0.33268220465525494,9.02742738003334,9.0272098969,0.22011243293195015,0.22032991606528896,0.00021748313333880276,9.248430884444666,0.22100350441132655,0.22122098754466535,1,1.0,PASS,eta_fixed_geometric
10589,9.267571005430455,0.020031192465165434,-0.4746,-0.47459999999994734,0.11057805044570906,1.0247899341476794,1.1577124309229194,0.3323060070015527,9.047194124113167,9.0469728883,0.2203768813172875,0.2205981171304554,0.0002212358131679082,9.2684462954763,0.22125217136313324,0.22147340717630115,1,1.0,PASS,eta_fixed_geometric
10803,9.287579152316985,0.020008146886530593,-0.4746,-0.47459999999996394,0.11032621561675214,1.0246634601161757,1.1575346965947488,0.3319315141061121,9.0669395200968,9.0667144988,0.220639632220184,0.22086465351698514,0.00022502129680113114,9.288438954127049,0.22149943403024785,0.22172445532704899,1,1.0,PASS,eta_fixed_geometric
11022,9.307648554443182,0.020069402126195724,-0.4746,-0.47460000000009794,0.11007479769193759,1.0245375316179886,1.1573570210854938,0.3315571451442505,9.08674675423077,9.0865178992,0.22090180021241146,0.2211306552431811,0.00022885503076963687,9.308493092012771,0.22174633778200104,0.22197519281277067,1,1.0,PASS,eta_fixed_geometric
11245,9.327678864393416,0.020030309950235484,-0.4746,-0.47459999999992647,0.10982504722258124,1.0244127717590799,1.157180290659713,0.3311847675089284,9.106516780961588,9.1062840634,0.2211620834318282,0.22139480099341569,0.00023271756158749213,9.328508433840623,0.22199165287903533,0.22222437044062282,1,1.0,PASS,eta_fixed_geometric
11473,9.347751727799142,0.020072863405726855,-0.4746,-0.4746000000000959,0.10957593804857559,1.0242886642187843,1.157003781994162,0.33081285713048963,9.126330173946434,9.1260935499,0.2214215538527089,0.22165817789914222,0.00023662404643332025,9.34856655971405,0.22223638576761573,0.22247300981404905,1,1.0,PASS,eta_fixed_geometric
11705,9.367771379925012,0.020019652125868072,-0.4746,-0.474599999999926,0.10932864935702495,1.0241657924525953,1.1568283336330683,0.3304431808535455,9.14609239421999,9.145851839,0.2216789857050223,0.2219195409250112,0.00024055521998889162,9.368571770507712,0.22247937628772263,0.22271993150771152,1,1.0,PASS,eta_fixed_geometric
11942,9.387816877106937,0.02004549718192664,-0.4746,-0.474599999999945,0.10908219397075816,1.0240436615505362,1.1566532484653071,0.3300742698384435,9.165881467850488,9.1656369416,0.2219354092564494,0.2221799355069365,0.0002445262504870982,9.388603060582117,0.22272159273162906,0.22296611898211616,1,1.0,PASS,eta_fixed_geometric
12184,9.407878894574997,0.020062017468060064,-0.4746,-0.47460000000004465,0.10883668198562171,1.0239223234081014,1.1564786067578794,0.32970629321084,9.185688182459852,9.1854396479,0.22219071211514496,0.22243924667499826,0.0002485345598532973,9.40865110822472,0.2229629257648682,0.2232114603247215,1,1.0,PASS,eta_fixed_geometric
12431,9.427948631791715,0.02006973721671769,-0.4746,-0.47459999999996855,0.10859221503554833,1.0238018251676295,1.1563044831485447,0.32933940823547214,9.205503841091067,9.2052512631,0.2224447907006475,0.22269736869171552,0.000252577991068037,9.428707115189285,0.22320327409821772,0.22345585208928576,1,1.0,PASS,eta_fixed_geometric
12683,9.448017793067429,0.02006916127571424,-0.4746,-0.4746000000000912,0.108348886708482,1.023682209480785,1.1561309469018028,0.3289737608549786,9.22532024309672,9.2250635886,0.22269754997070912,0.2229542044674293,0.0002566544967201878,9.448762787373774,0.223442544277054,0.2236991987737742,1,1.0,PASS,eta_fixed_geometric
12940,9.468078568054892,0.020060774987461956,-0.4746,-0.47460000000008723,0.1081067829556916,1.0235635147641455,1.1559580621616576,0.328609486223407,9.245129664746619,9.2448689032,0.22294890330827322,0.2232096648548918,0.000260761546618582,9.468810315374474,0.22368065062785547,0.22394141217447405,1,1.0,PASS,eta_fixed_geometric
13202,9.488123612248716,0.020045044193824642,-0.4746,-0.47460000000002617,0.10786598249281892,1.0234457754485218,1.155785888201507,0.3282467092319816,9.264924840701111,9.2646599435,0.22319877154760448,0.2234636687487157,0.00026489720111122494,9.488842355041855,0.22391751434074436,0.2241824115418556,1,1.0,PASS,eta_fixed_geometric
13469,9.508146027598816,0.02002241535009876,-0.4746,-0.4745999999999408,0.1076265571910141,1.0233290222198774,1.1556144796686811,0.3278855450246535,9.284698944798567,9.2844298854,0.2234470828002486,0.22371614219881586,0.0002690593985672507,9.508852008147345,0.22415306334877805,0.2244221227473453,1,1.0,PASS,eta_fixed_geometric
13742,9.528212115591021,0.02006608799220634,-0.4746,-0.4745999999999117,0.10738770821809135,1.0232128625091714,1.1554432669251737,0.32752479335272366,9.30451744767403,9.3042441866,0.2236946679169911,0.22396792899102103,0.00027326107402991795,9.52890553034363,0.2243880826696003,0.22466134374363023,1,1.0,PASS,eta_fixed_geometric
14020,9.54824016058858,0.02002804499755991,-0.4746,-0.4746000000000463,0.10715040104699425,1.0230977625000832,1.155272944525103,0.32716591766769476,9.324299632470693,9.3240221477,0.2239405281178879,0.22421801288858134,0.000277484770693448,9.54892125340266,0.22462162093196802,0.22489910570266147,1,1.0,PASS,eta_fixed_geometric
14304,9.568294497413296,0.020054336824714195,-0.4746,-0.4745999999999268,0.10691386483251013,1.0229833445740957,1.1551029619477018,0.3268077580019505,9.34410903251821,9.3438272894,0.22418546489508628,0.22446720801329612,0.0002817431182098318,9.568963468573012,0.2248544360548017,0.22513617917301154,1,1.0,PASS,eta_fixed_geometric
14593,9.588297240667746,0.020002743254450478,-0.4746,-0.4746000000000073,0.10667900867069008,1.0228700444743482,1.1549339754147714,0.3264516970391256,9.36386870174939,9.3635826824,0.22442853891835668,0.22471455826774545,0.0002860193493887664,9.588954333406278,0.22508563165688855,0.22537165100627732,1,1.0,PASS,eta_fixed_geometric
14888,9.608310798322087,0.020013557654340833,-0.4746,-0.4745999999999393,0.10644508911982711,1.0227574992183917,1.1547654531268698,0.3260966142580903,9.383640275479188,9.3833499501,0.22467052284289935,0.2249608482220875,0.00029032537918816104,9.608956214510597,0.22531593903140923,0.2256062644105974,1,1.0,PASS,eta_fixed_geometric
15189,9.62832676063802,0.020015962315932223,-0.4746,-0.4746000000000444,0.10621219817626754,1.0226457500067454,1.154597463607462,0.325742654040134,9.403415437215457,9.4031207779,0.22491132342256215,0.22520598273801973,0.0002946593154575794,9.628960703669403,0.22554526645394546,0.22583992576940304,1,1.0,PASS,eta_fixed_geometric
15496,9.648337205086833,0.020010444448812986,-0.4746,-0.47460000000007313,0.10598042049297685,1.0225348340531355,1.154430070396391,0.32538995026626044,9.423186349614875,9.422887331,0.22515085547195746,0.22544987408683248,0.000299018614875024,9.648959879317557,0.22577352970268194,0.22607254831755697,1,1.0,PASS,eta_fixed_geometric
15810,9.668397930203518,0.020060725116685812,-0.4746,-0.47459999999999,0.10574910604191226,1.0224244379764968,1.154262805750894,0.3250375173849498,9.443008137630718,9.4427047227,0.22538979257280012,0.22569320750351807,0.000303414930717949,9.669009505757328,0.2260013681266102,0.22630478305732815,1,1.0,PASS,eta_fixed_geometric
16130,9.688436171119255,0.020038240915736864,-0.4746,-0.4745999999999468,0.10551908884893271,1.022314957147546,1.1540962747181946,0.32468663025329103,9.462808895692742,9.4625010643,0.22562727542651295,0.22593510681925544,0.00030783139274248583,9.689036855363232,0.22622795967049036,0.22653579106323285,1,1.0,PASS,eta_fixed_geometric
16456,9.708445431332793,0.020009260213538545,-0.4746,-0.4745999999999305,0.1052904323980475,1.0222064173778784,1.1539305264086117,0.32433739234857617,9.482582190158084,9.4822699241,0.22586324117470902,0.22617550723279223,0.0003122660580832104,9.709035431055147,0.22645324089706342,0.22676550695514663,1,1.0,PASS,eta_fixed_geometric
16789,9.728479189036397,0.020033757703604934,-0.4746,-0.47459999999995534,0.10506251818803009,1.0220985217400087,1.1537651148866077,0.32398886406789335,9.502380858872074,9.5020641287,0.2260983301643229,0.22641506033639658,0.00031673017207367593,9.729058679100076,0.22667782022800154,0.2269945504000752,1,1.0,PASS,eta_fixed_geometric
17129,9.748528212497986,0.020049023461586817,-0.4746,-0.4745999999999566,0.10483544730756475,1.021991315747641,1.1536001152315551,0.32364120360634047,9.522195772337058,9.5218745515,0.22633244016092746,0.2266536609979859,0.0003212208370584335,9.749097369913475,0.2269015975764166,0.22722281841347503,1,1.0,PASS,eta_fixed_geometric
17476,9.768583790071327,0.020055577573341588,-0.4746,-0.47460000000003766,0.10460931315522726,1.0218848407786483,1.1534355972777566,0.32329455810734176,9.542018312994848,9.5416925776,0.22656547707647867,0.22689121247132782,0.00032573539484914704,9.769142793435567,0.2271244804407182,0.22745021583556735,1,1.0,PASS,eta_fixed_geometric
17830,9.788637710857186,0.020053920785859523,-0.4746,-0.47460000000004454,0.10438420181479255,1.0217791343020055,1.153271625852372,0.3229490641642598,9.56184035687953,9.5615100853,0.22679735397765555,0.2271276255571859,0.00033027157953036124,9.789186739838668,0.22734638295913712,0.22767665453866748,1,1.0,PASS,eta_fixed_geometric
18191,9.808682245262217,0.020044534405030068,-0.4746,-0.4746,0.10416019242474459,1.0216742300996884,1.1531082610112648,0.32260484831703506,9.581654253232053,9.5813194266,0.22702799203016433,0.22736281866221653,0.00033482663205219865,9.809221480130017,0.22756722689796405,0.22790205353001625,1,1.0,PASS,eta_fixed_geometric
18559,9.828710125578304,0.020027880316088344,-0.4746,-0.47459999999992714,0.1039373575403024,1.0215701584822225,1.1529455582710857,0.3222620275413173,9.601452806845325,9.6011134085,0.22725731873297939,0.22759671707830442,0.0003393983453250371,9.8292397467727,0.2277869399273751,0.22812633827270012,1,1.0,PASS,eta_fixed_geometric
18934,9.848714526688836,0.020004401110531877,-0.4746,-0.4745999999999837,0.10371576348664543,1.0214669464975485,1.152783568836938,0.3219207097280728,9.621229258453337,9.6208852741,0.2274852682354993,0.22782925258883502,0.0003439843533357134,9.849234714431228,0.22800545597789146,0.22834944033122717,1,1.0,PASS,eta_fixed_geometric
19317,9.868740816206293,0.020026289517456757,-0.4746,-0.47459999999996205,0.10349490100966899,1.0213643538633501,1.152621922628001,0.32158011510327267,9.641028449710268,9.6406798553,0.227712366496025,0.22806096090629246,0.0003485944102674665,9.869251726374868,0.2282232766646004,0.22857187107486787,1,1.0,PASS,eta_fixed_geometric
19708,9.888779923663854,0.020039107457560525,-0.4746,-0.47459999999990293,0.10327486613750773,1.0212624228796585,1.1524606915778497,0.3212403952336302,9.660841407272573,9.6604881813,0.2279385163912817,0.2282917423638544,0.0003532259725727016,9.889281713886804,0.22844030661423176,0.22879353258680446,1,1.0,PASS,eta_fixed_geometric
20107,9.908823292125648,0.020043368461793443,-0.4746,-0.47460000000000063,0.10305574757746813,1.0211611919830375,1.1522999425757177,0.3209016910571375,9.680659662800538,9.6803017868,0.2281636293251097,0.22852150532564863,0.000357876000538937,9.909316121295655,0.2286564584951165,0.22901433449565545,1,1.0,PASS,eta_fixed_geometric
20514,9.928862858867356,0.02003956674170902,-0.4746,-0.474599999999938,0.1028376270750598,1.0210606959596134,1.152139737696967,0.3205641333691255,9.700475235698914,9.7001126938,0.22838762316844274,0.2287501650673569,0.00036254189891415933,9.929346886696482,0.22887165099756857,0.22923419289648272,1,1.0,PASS,eta_fixed_geometric
20929,9.948891035989977,0.020028177122621487,-0.4746,-0.4746000000000886,0.10262057976715369,1.0209609661535297,1.151980134431601,0.32022784330293425,9.720280613302284,9.7199133918,0.2286104226876926,0.22897764418997646,0.0003672215022838543,9.949366422602935,0.22908580930065092,0.22945303080293478,1,1.0,PASS,eta_fixed_geometric
21352,9.968900691084361,0.020009655094382184,-0.4746,-0.4746000000000952,0.10240467452761214,1.0208620306685816,1.1518211859081784,0.31989293280267156,9.74006873130331,9.7396968192,0.22883195978105064,0.2292038718843603,0.0003719121033096684,9.969367596648086,0.2292988653447754,0.22967077744808506,1,1.0,PASS,eta_fixed_geometric
21784,9.988931034353595,0.020030343269235366,-0.4746,-0.4745999999999579,0.10218948218439752,1.0207636899762522,1.1516625781866598,0.3195587403848995,9.759878357730496,9.7595017354,0.22905267662309825,0.22942929895359399,0.000376622330495735,9.989389599796112,0.22951124206561602,0.22988786439611175,1,1.0,PASS,eta_fixed_geometric
22225,10.008973060382106,0.020042026028509848,-0.4746,-0.47460000000007474,0.10197509555652066,1.0206659842551062,1.1515043812591716,0.31922541352538514,9.779700580608376,9.7793192311,0.22927247977373,0.2296538292821051,0.00038134950837509507,10.009423428140403,0.22972284753202743,0.23010419704040252,1,1.0,PASS,eta_fixed_geometric
22674,10.028974172577543,0.02000111219543869,-0.4746,-0.4746000000000823,0.10176206909974947,1.0205691627494387,1.1513470066652587,0.31889381935362926,9.799483369889177,9.7990972891,0.22949080268836575,0.22987688347754265,0.00038608078917690136,10.029416503727923,0.22993313383874536,0.23031921462792226,1,1.0,PASS,eta_fixed_geometric
23133,10.04901544850107,0.02004127592352626,-0.4746,-0.4745999999999326,0.10154953314184914,1.0204728273305135,1.151189813926236,0.31856260835705325,9.819306909419886,9.8189160753,0.22970853908118372,0.2300993732010692,0.000390834119885497,10.0494498690202,0.2301429596003146,0.2305337937202001,1,1.0,PASS,eta_fixed_geometric
23601,10.069044362997353,0.020028914496281768,-0.4746,-0.47460000000000485,0.10133804058814616,1.02037722634127,1.1510332135637482,0.3182326455199045,9.83911923850233,9.8387236423,0.22992512449502378,0.2303207206973532,0.00039559620232942905,10.069471017419513,0.23035177891718384,0.23074737511951326,1,1.0,PASS,eta_fixed_geometric
24078,10.089053839494971,0.02000947649761953,-0.4746,-0.4746000000000013,0.1011276580235074,1.0202823864612018,1.1508772572541515,0.3179040397264034,9.858913347414283,9.858512982,0.23014049208068776,0.23054085749497055,0.0004003654142827884,10.089472872341235,0.2305595249269512,0.230959890341234,1,1.0,PASS,eta_fixed_geometric
24565,10.109077944602749,0.02002410510777696,-0.4746,-0.47459999999991737,0.10091802102360234,1.020188140542655,1.1507216768410509,0.31757622596097157,9.87872292770966,9.8783177785,0.23035501689308902,0.2307601661027494,0.0004051492096603937,10.109489484984795,0.2307665572751354,0.2311717064847958,1,1.0,PASS,eta_fixed_geometric
25062,10.129108033725231,0.02003008912248177,-0.4746,-0.47460000000000335,0.1007092156100255,1.0200945249056756,1.1505665377999688,0.3172493421828228,9.898539420524164,9.8981294762,0.2305686132010667,0.23097855752523166,0.00040994432416496807,10.129512211851951,0.2309727913277868,0.23138273565195178,1,1.0,PASS,eta_fixed_geometric
25569,10.149135959190406,0.020027925465177072,-0.4746,-0.474600000000076,0.10050132115477337,1.0200015724780538,1.1504119009440128,0.3169235165275784,9.918354757599362,9.9179400095,0.23078120159104465,0.2311959496904059,0.0004147480993612618,10.149532905997322,0.23117814839796047,0.23159289649732173,1,1.0,PASS,eta_fixed_geometric
26086,10.169154050930228,0.02001809173982107,-0.4746,-0.4746000000000671,0.10029441071287451,1.0199093129864878,1.150257822642519,0.3165988677675892,9.938161342021901,9.9377417836,0.23099270890832635,0.2314122673302279,0.0004195584219015558,10.169543897740692,0.23138255571879007,0.23180211414069163,1,1.0,PASS,eta_fixed_geometric
26613,10.189155097188696,0.02000104625846813,-0.4746,-0.4746000000000517,0.1000885513484565,1.019817773142358,1.1501043550362484,0.3162755057653436,9.957952028711972,9.9575276557,0.23120306847672367,0.23162744148869585,0.0004243730119721789,10.189537975405184,0.23158594669321175,0.23201031970518393,1,1.0,PASS,eta_fixed_geometric
27151,10.209169157096309,0.02001405990761128,-0.4746,-0.4745999999999253,0.09988342776115137,1.0197268100042038,1.149951264954828,0.31595293922219053,9.977756552228069,9.9773273543,0.23141260486823967,0.23184180279630873,0.0004291979280690583,10.20954518542622,0.23178863319815157,0.23221783112622063,1,1.0,PASS,eta_fixed_geometric
27700,10.22918769217543,0.020018535079122064,-0.4746,-0.47459999999995717,0.09967912299284327,1.0196364580852333,1.1497986159667415,0.3156313020791298,9.997566457477012,9.9971324268,0.23162123469841767,0.2320552653754291,0.00043403067701142106,10.22955699026172,0.2319905327847085,0.2324245634617199,1,1.0,PASS,eta_fixed_geometric
28260,10.249202656238518,0.02001496406308863,-0.4746,-0.4745999999999044,0.09947571365896166,1.0195467486646521,1.149646467104282,0.3153107187195791,10.017373775409142,10.0169349061,0.2318288808293758,0.23226775013851864,0.00043886930914283084,10.24956534432572,0.2321915689165781,0.23263043822572094,1,1.0,PASS,eta_fixed_geometric
28831,10.269206476121777,0.02000381988325854,-0.4746,-0.47460000000005403,0.09927327027079219,1.0194577099706066,1.1494948730773138,0.31499130441908296,10.037171001893434,10.0367272917,0.23203547422834347,0.23247918442177706,0.00044371019343358853,10.269562674750848,0.23239167285741402,0.2328353830508476,1,1.0,PASS,eta_fixed_geometric
29414,10.28922603046026,0.020019554338482227,-0.4746,-0.47460000000002533,0.09907151563958358,1.0193692175959541,1.149343628028382,0.31467262542851665,10.0569847322556,10.0565361717,0.23224129820465933,0.23268985876025994,0.0004485605556006078,10.289575849452897,0.23259111719729653,0.23303967775289713,1,1.0,PASS,eta_fixed_geometric
30009,10.30925261565329,0.02002658519303141,-0.4746,-0.4745999999999745,0.09887053350284622,1.0192813061252537,1.1491927961964912,0.3143548171017682,10.076806345835582,10.0763529291,0.232446269817709,0.2328996865532904,0.0004534167355814134,10.309596165793776,0.23278981995819414,0.23324323669377556,1,1.0,PASS,eta_fixed_geometric
30616,10.329278027105538,0.020025411452247736,-0.4746,-0.4745999999999671,0.09867040119104514,1.0191940069483507,1.1490424372784769,0.3140380052222655,10.09662771578409,10.0961694392,0.2326503113214482,0.23310858790553723,0.0004582765840890346,10.329615419822412,0.23298770403832236,0.2334459806224114,1,1.0,PASS,eta_fixed_geometric
31235,10.349294539927671,0.02001651282213213,-0.4746,-0.47460000000005426,0.0984711899450822,1.0191073484388198,1.148892606640299,0.3137223064481287,10.116441187714297,10.1159780504,0.23285335221337355,0.23331648952767026,0.00046313731429670213,10.34962588700265,0.23318469928835306,0.23364783660264976,1,1.0,PASS,eta_fixed_geometric
31866,10.369294889650455,0.020000349722783858,-0.4746,-0.47460000000002744,0.09827296522781356,1.019021356127564,1.1487433555252322,0.31340782875099793,10.136239562956336,10.1357715657,0.2330553266941191,0.23352332395045394,0.00046799725633484,10.369620302953127,0.23338073999679132,0.23384873725312616,1,1.0,PASS,eta_fixed_geometric
32510,10.389303013297951,0.02000812364749696,-0.4746,-0.4745999999999589,0.09807548405061715,1.0189359219777319,1.1485945027632438,0.31309419039877096,10.156046528023007,10.1555736676,0.23325648527494458,0.23372934569795056,0.00047286042300598297,10.389622595660168,0.233576067637161,0.23404892806016697,1,1.0,PASS,eta_fixed_geometric
33167,10.409310684679328,0.020007671381376196,-0.4746,-0.47460000000005936,0.0978788228735081,1.0188510767410432,1.148446107565041,0.31278151615048966,10.175853934272793,10.1753762088,0.23345675040653546,0.23393447587932847,0.00047772547279301136,10.409624539551327,0.23377060527853466,0.23424833075132767,1,1.0,PASS,eta_fixed_geometric
33838,10.429339710318741,0.02002902563941426,-0.4746,-0.4745999999999582,0.09768276348234554,1.0187667242000997,1.1482980066748536,0.312469462020368,10.195683364850643,10.1952007675,0.23365634546809844,0.23413894281874192,0.00048259735064348774,10.42964793326139,0.2339645684107463,0.2344471657613898,1,1.0,PASS,eta_fixed_geometric
34522,10.449352080946635,0.020012370627892982,-0.4746,-0.4746000000000625,0.09748767312352646,1.0186830200199666,1.1481504790891042,0.31215861586406374,10.21549718151446,10.2150097165,0.23385489943217586,0.23434236444663625,0.0004874650144603976,10.44965477646765,0.23415759495319044,0.23464505996765084,1,1.0,PASS,eta_fixed_geometric
35220,10.469369382050196,0.020017301103562556,-0.4746,-0.47459999999991426,0.09729333560251752,1.0185998688345312,1.1480033630855733,0.3118486369270965,10.235316748877247,10.234824415,0.2340526331729489,0.234544967050196,0.0004923338772471197,10.469666646861294,0.23434989798404615,0.23484223186129327,1,1.0,PASS,eta_fixed_geometric
35932,10.489383542349097,0.020014160298900092,-0.4746,-0.4746000000000617,0.09709982437074438,1.0185172997194738,1.1478567158559907,0.3115396457142256,10.255134068370982,10.2546368675,0.23424947397811557,0.23474667484909695,0.0004972008709813736,10.489675473649156,0.2345414052781738,0.23503860614915517,1,1.0,PASS,eta_fixed_geometric
36658,10.509386964531792,0.020003422182695973,-0.4746,-0.4745999999999713,0.09690720708837533,1.0184353389437546,1.1477105904311675,0.31123175396370933,10.274941611739816,10.2744395464,0.2344453527919761,0.23494741813179232,0.0005020653398162267,10.509673659759565,0.23473204801974923,0.23523411335956546,1,1.0,PASS,eta_fixed_geometric
37399,10.529399245077244,0.020012280545449773,-0.4746,-0.4745999999999969,0.0967152900170697,1.0183539016931604,1.1475648414363306,0.3109246553652162,10.29475877518338,10.2942518455,0.2346404698938631,0.23514739957724373,0.0005069296833806192,10.529680794872556,0.2349220196891757,0.23542894937255632,1,1.0,PASS,eta_fixed_geometric
38155,10.549412089723733,0.020012844646490512,-0.4746,-0.4746000000000762,0.09652414836523956,1.0182730177145456,1.1474195274429089,0.3106184733309844,10.314577339849777,10.314065548,0.23483474987395603,0.23534654172373237,0.0005117918497763441,10.549688585296666,0.23511124544688933,0.23562303729666567,1,1.0,PASS,eta_fixed_geometric
38926,10.56941768680252,0.02000559707878681,-0.4746,-0.4745999999999679,0.09633385150583768,1.0181927139436082,1.1472747028188015,0.31031332241637477,10.334389563664324,10.3338729139,0.23502812313819632,0.23554477290251974,0.000516649764323418,10.56968921969107,0.2352996560267453,0.23581630579106871,1,1.0,PASS,eta_fixed_geometric
39713,10.589433868992689,0.020016182190168506,-0.4746,-0.47459999999997904,0.0961442251977323,1.0181129146169268,1.1471302364576965,0.3100089263752697,10.354213101073213,10.3536915935,0.23522076791947555,0.23574227549268834,0.0005215075732127872,10.589700524760945,0.23548742368773112,0.2360089312609439,1,1.0,PASS,eta_fixed_geometric
40516,10.609452236806687,0.02001836781399891,-0.4746,-0.4745999999999635,0.09595534498292962,1.0180336494627,1.1469861872894869,0.30970540937525953,10.374039627481483,10.3735132653,0.2354126093252038,0.23593897150668752,0.0005263621814837194,10.609714101603352,0.23567447412186837,0.2362008363033521,1,1.0,PASS,eta_fixed_geometric
41335,10.629464877686775,0.020012640880088133,-0.4746,-0.4746000000000245,0.09576728058659201,1.0179549454267542,1.146842610040896,0.3094028867275355,10.393861299747137,10.3933300885,0.2356035779396386,0.23613478918677444,0.0005312112471358432,10.629722038011876,0.23586073826473886,0.2363919495118747,1,1.0,PASS,eta_fixed_geometric
42171,10.649488059999875,0.020023182313099602,-0.4746,-0.4746000000000934,0.09557987471182242,1.0178767345198367,1.1466993860679557,0.3091011084448522,10.413694226129632,10.4131581672,0.23579383387024322,0.23632989279987449,0.0005360589296312668,10.649740597065561,0.23604637093592906,0.23658242986556033,1,1.0,PASS,eta_fixed_geometric
43023,10.669490135397321,0.0200020753974465,-0.4746,-0.47459999999994834,0.09539341832297565,1.0177991357788188,1.1465567393401574,0.30880054643947197,10.43350705223209,10.4329661551,0.2359830831652321,0.2365239802973207,0.0005408971320886025,10.669738136190762,0.23623108395867298,0.23677198109076159,1,1.0,PASS,eta_fixed_geometric
43893,10.689510133046271,0.02001999764894996,-0.4746,-0.47459999999994584,0.09520754280325999,1.0177219935378843,1.1464143893574787,0.30850060968709536,10.453338430144024,10.452792697,0.2361717029022472,0.2367174360462716,0.0005457331440243962,10.689753674241318,0.23641524409729442,0.23696097724131882,1,1.0,PASS,eta_fixed_geometric
44780,10.709516890152745,0.020006757106473844,-0.4746,-0.4745999999999843,0.09502253317445358,1.0176454239769102,1.1462725558045894,0.30820176107162717,10.473157486848118,10.472606926,0.23635940330462724,0.2369099641527459,0.0005505608481186641,10.709756053977085,0.23659856712896676,0.23714912797708543,1,1.0,PASS,eta_fixed_geometric
45685,10.72952529543272,0.020008405279975144,-0.4746,-0.4746000000000408,0.09483824657638887,1.01756936561585,1.1461311307330442,0.3079037731416595,10.492978964363752,10.4924235815,0.23654633106896839,0.23710171393272006,0.0005553828637516744,10.729760159395934,0.2367811950321812,0.23733657789593288,1,1.0,PASS,eta_fixed_geometric
46608,10.749527479199216,0.020002183766494985,-0.4746,-0.47459999999990826,0.09465475074664273,1.0174938441877885,1.1459901676066284,0.30760675854752767,10.512795060666312,10.5122348636,0.23673241853290428,0.2372926155992161,0.0005601970663118294,10.749758121108783,0.23696306044247173,0.23752325750878356,1,1.0,PASS,eta_fixed_geometric
47550,10.769537067973536,0.020009588774320537,-0.4746,-0.47460000000005553,0.094471916285555,1.0174188043197774,1.1458495684253653,0.30731051079930105,10.532619269778465,10.5320542635,0.23691779819507097,0.23748280447353665,0.000565006278465674,10.76976356142383,0.23714429164536455,0.23770929792383022,1,1.0,PASS,eta_fixed_geometric
48511,10.789545855333118,0.02000878735958266,-0.4746,-0.474600000000037,0.09428981411698123,1.017344273106005,1.1457093890643975,0.3070151476282893,10.552443456084548,10.551873648,0.23710239924857035,0.23767220733311767,0.0005698080845473186,10.789768274336527,0.23732481825197915,0.23789462633652647,1,1.0,PASS,eta_fixed_geometric
49491,10.809546113844034,0.020000258510915133,-0.4746,-0.47459999999995456,0.09410850967917318,1.01727027508216,1.1455696813912877,0.3067207783213266,10.572259956807136,10.5716853571,0.23728615703689826,0.23786075674403406,0.0005745997071358033,10.80976453263801,0.23750457583087403,0.23807917553800984,1,1.0,PASS,eta_fixed_geometric
50491,10.829550381558986,0.020004267714951816,-0.4746,-0.4745999999999262,0.09392788472200535,1.0171967598302214,1.1454303557161896,0.30642721389846644,10.592081190192152,10.5915018052,0.2374691913668343,0.23804857635898635,0.0005793849921520433,10.829764870574268,0.23768368038211563,0.23826306537426767,1,1.0,PASS,eta_fixed_geometric
51511,10.849550656077264,0.02000027451827781,-0.4746,-0.4745999999999434,0.09374800719209138,1.017123752936891,1.1452914658190831,0.3061345676761493,10.611899220834918,10.6113150599,0.23765143524234666,0.23823559617726353,0.0005841609349168664,10.849761286064764,0.2378620652298462,0.23844622616476308,1,1.0,PASS,eta_fixed_geometric
52552,10.869558434572308,0.020007778495044978,-0.4746,-0.4745999999999205,0.09356876959594945,1.0170512087742054,1.1451529300215686,0.30584266755497874,10.631725435162924,10.631136506,0.23783299940938463,0.2384219285723077,0.0005889291629230797,10.869765272851971,0.23803983768904757,0.23862876685197065,1,1.0,PASS,eta_fixed_geometric
53614,10.889565506983523,0.020007072411213134,-0.4746,-0.47459999999997443,0.09339024159888068,1.0169791536040287,1.1450148034446377,0.3055516296768763,10.651551694969339,10.6509580054,0.23801381201418437,0.23860750158352317,0.0005936895693388067,10.88976862125631,0.238216926286972,0.2388106158563108,1,1.0,PASS,eta_fixed_geometric
54698,10.90958242467033,0.020016917686807096,-0.4746,-0.47460000000003344,0.09321232531632404,1.0169075460336219,1.1448770115964855,0.3052612970848615,10.671388449458066,10.670790007,0.2381939752122637,0.23879241767032866,0.0005984424580649517,10.909781879529366,0.23839343007129976,0.2389918725293647,1,1.0,PASS,eta_fixed_geometric
55803,10.92958291036506,0.020000485694731243,-0.4746,-0.4746000000000053,0.09303524978759703,1.016836476140065,1.1447397332553653,0.3049720464714784,10.691209653080325,10.6906064711,0.23837325728473502,0.23897643926505907,0.0006031819803240523,10.929778774006333,0.2385691209260088,0.23917230290633285,1,1.0,PASS,eta_fixed_geometric
56931,10.949595287222088,0.02001237685702796,-0.4746,-0.4746000000000305,0.09285875987096567,1.0167658394604133,1.1446027719828036,0.30468346393340556,10.711043368742741,10.7104354551,0.23855191847934698,0.23915983212208758,0.0006079136427405984,10.949787621585116,0.2387442528423751,0.2393521664851157,1,1.0,PASS,eta_fixed_geometric
58082,10.969611084167505,0.02001579694541714,-0.4746,-0.4745999999999069,0.092682926952873,1.016695662815323,1.1444661843223851,0.30439566861022643,10.730881199048289,10.7302685615,0.23872988511921633,0.23934252266750455,0.0006126375482882196,10.969799951629913,0.23891875258162365,0.23953139012991187,1,1.0,PASS,eta_fixed_geometric
59256,10.989622319693126,0.020011235525619512,-0.4746,-0.4745999999999146,0.0925078170097386,1.0166259705563108,1.1443300228290973,0.30410877123709085,10.750715225855476,10.750097877,0.23890709383764985,0.239524442693126,0.0006173488554761519,10.989807782899938,0.23909255704446153,0.23970990589993768,1,1.0,PASS,eta_fixed_geometric
60454,11.009638024242527,0.02001570454940105,-0.4746,-0.47460000000008273,0.09233334696667025,1.0165567276698313,1.1441942241887977,0.30382263840870743,10.77055439592171,10.769932345,0.23908362832081664,0.23970567924252606,0.0006220509217094161,11.009820143211382,0.23926574728967154,0.23988779821138095,1,1.0,PASS,eta_fixed_geometric
61676,11.029650155291243,0.02001213104871709,-0.4746,-0.47460000000004443,0.09215958295779553,1.0164879584820257,1.1440588411388581,0.30353738124493185,10.790390731685296,10.7897639912,0.23925942360594732,0.23988616409124397,0.0006267404852966507,11.029828990316053,0.23943825863075752,0.24006499911605417,1,1.0,PASS,eta_fixed_geometric
62922,11.04965114306246,0.020000987771216897,-0.4746,-0.4745999999999144,0.09198658598765189,1.016419685004871,1.1439239226166733,0.30325310285861623,10.81021672523212,10.8095853086,0.23943441783034025,0.24006583446245955,0.0006314166321192971,11.04982675456169,0.23961002932957065,0.24024144596168995,1,1.0,PASS,eta_fixed_geometric
64194,11.069665027366662,0.02001388430420133,-0.4746,-0.47459999999999447,0.0918141442639159,1.0163518217758674,1.143789304679762,0.3029694578166113,10.830056200733429,10.8294201167,0.23960882663323346,0.24024491066666265,0.0006360840334291851,11.069837470857811,0.23978127012438222,0.2404173541578114,1,1.0,PASS,eta_fixed_geometric
65491,11.089668007602317,0.020002980235654895,-0.4746,-0.47459999999992913,0.09164245903843983,1.0162844461365919,1.1436551456554611,0.3026867797207808,10.84988556151657,10.8492448233,0.23978244608574606,0.24042318430231724,0.0006407382165711795,11.089837341363312,0.23995177984674143,0.2405925180633126,1,1.0,PASS,eta_fixed_geometric
66815,11.109682885215161,0.020014877612844893,-0.4746,-0.47460000000005825,0.09147133076767827,1.0162174779175304,1.1435212908352292,0.3024047425942091,10.869727403574686,10.8690820221,0.2399554816404752,0.24060086311516038,0.0006453814746851805,11.109849162984569,0.24012175940988278,0.24076714088456797,1,1.0,PASS,eta_fixed_geometric
68165,11.12968651562023,0.020003630405068817,-0.4746,-0.47459999999990665,0.09130095351612241,1.016150991211657,1.143387893226282,0.3021236688291407,10.889558781124949,10.8889087696,0.2401277344952817,0.24077774602023005,0.0006500115249483684,11.129849793692463,0.24029101256751417,0.24094102409246254,1,1.0,PASS,eta_fixed_geometric
69543,11.149700545269804,0.020014029649573196,-0.4746,-0.47460000000009367,0.09113113904518212,1.0160849107031253,1.143254806664252,0.30184325045137755,10.909401147830353,10.9087465163,0.2402993974394505,0.2409540289698029,0.0006546315303523897,11.149860875725432,0.24045972789507886,0.24111435942543125,1,1.0,PASS,eta_fixed_geometric
70948,11.169702493325477,0.02000194805567382,-0.4746,-0.4746000000000592,0.09096207422358724,1.0160193072532595,1.1431221788161436,0.30156379860119215,10.929232210809694,10.928572975,0.2404702825157834,0.24112951832547758,0.0006592358096941808,11.169859930602504,0.24062771979281017,0.24128695560250435,1,1.0,PASS,eta_fixed_geometric
72382,11.189712928678503,0.020010435353026976,-0.4746,-0.47459999999991703,0.0907935812542061,1.0159541100012122,1.142989871427993,0.30128502197222484,10.949072357992645,10.9484085294,0.24064057068585853,0.2413043992785031,0.0006638285926445775,11.18986752329489,0.2407951653022451,0.24145899389488967,1,1.0,PASS,eta_fixed_geometric
73845,11.20972358086041,0.02001065218190671,-0.4746,-0.4745999999999992,0.09062572645947473,1.015889342925379,1.142857937674892,0.3010070326061783,10.968913386934132,10.9682449776,0.24081019392627923,0.24147860326041126,0.0006684093341320363,11.209875383628148,0.24096199669401663,0.24163040602814867,1,1.0,PASS,eta_fixed_geometric
75337,11.229726660968215,0.020003080107803353,-0.4746,-0.4745999999999344,0.09045857111623741,1.0158250277771006,1.142726426960614,0.30072993459889136,10.988747569161033,10.9880745937,0.2409790918071817,0.2416520672682143,0.0006729754610326211,11.229875722859754,0.2411281536987211,0.2418011291597537,1,1.0,PASS,eta_fixed_geometric
76859,11.249727853365448,0.02000119239723314,-0.4746,-0.4745999999999977,0.09029206359707884,1.0157611427859021,1.1425952999170519,0.3004536450001108,11.00858053457266,11.0079030081,0.2411473187927875,0.24182484526544812,0.0006775264726606167,11.249874223656809,0.2412936890841486,0.24197121555680923,1,1.0,PASS,eta_fixed_geometric
78412,11.269732255850315,0.02000440248486782,-0.4746,-0.4746000000000073,0.09012615787932118,1.015697668548444,1.142464521438751,0.3001780898414429,11.02841733635359,11.0277352704,0.241314919496725,0.24199698545031545,0.0006820659535904383,11.269875982269514,0.24145864591592492,0.24214071186951536,1,1.0,PASS,eta_fixed_geometric
79997,11.289744412952876,0.020012157102561098,-0.4746,-0.4746000000000505,0.08996081316850754,1.0156345878538555,1.1423340604076362,0.29990320355588085,11.048262475029093,11.0475758824,0.24148193792378336,0.2421685305528758,0.0006865926290924307,11.289885541814481,0.24162306678538847,0.2423096594144809,1,1.0,PASS,eta_fixed_geometric
81614,11.309756094863436,0.02001168191055961,-0.4746,-0.47459999999994246,0.08979609420775034,1.0155719237610357,1.1422039689729264,0.29962909602390153,11.068107788779827,11.0674166811,0.24164830608360965,0.24233941376343715,0.0006911076798274962,11.30989467273822,0.24178688395839387,0.24247799163822137,1,1.0,PASS,eta_fixed_geometric
83263,11.329759551807744,0.020003456944307295,-0.4746,-0.47459999999999664,0.0896320608166592,1.0155096971857571,1.1420742955841925,0.2993558693303698,11.087945583593823,11.0872499784,0.2418139682139202,0.24250957340774448,0.000695605193824278,11.329895625401361,0.24195004180753799,0.24264564700136226,1,1.0,PASS,eta_fixed_geometric
84946,11.34977103946999,0.02001148766224674,-0.4746,-0.4745999999999927,0.08946857614725934,1.0154478544987795,1.1419449331762461,0.29908329788505755,11.107791977245114,11.1070918875,0.24197906222487653,0.24267915196999112,0.000700089745114596,11.349904652643685,0.2421126753985714,0.242812765143686,1,1.0,PASS,eta_fixed_geometric
86663,11.369782312742252,0.020011273272261966,-0.4746,-0.4746000000000757,0.08930570440678637,1.0153864183912675,1.1418159335898894,0.2988114909183877,11.127638791068895,11.1269342296,0.2421435216733574,0.2428480831422526,0.0007045614688951929,11.369913509602615,0.24227471853371974,0.24297928000261493,1,1.0,PASS,eta_fixed_geometric
88414,11.38978560712709,0.020003294384837673,-0.4746,-0.47460000000007907,0.08914350493268285,1.015325409451134,1.1416873449951441,0.29854054992650764,11.147478318422454,11.1467693013,0.24230728870463558,0.24301630582708889,0.0007090171224533037,11.389914431910857,0.24243611348840233,0.24314513061085563,1,1.0,PASS,eta_fixed_geometric
90201,11.409795792463761,0.020010185336672145,-0.4746,-0.47460000000000063,0.08898185364448055,1.0152647793184204,1.1415590701227334,0.29827026995940414,11.167325302889179,11.1666118435,0.24247048957458261,0.24318394896376105,0.0007134593891784391,11.409922286873877,0.24259698398469887,0.2433104433738773,1,1.0,PASS,eta_fixed_geometric
92024,11.429804691575846,0.02000889911208452,-0.4746,-0.4746000000000617,0.08882081342448545,1.0152045499887667,1.141431159901548,0.2980007583260213,11.187171630161396,11.1864537438,0.24263306141445007,0.24335094777584665,0.0007178863613965802,11.429928897531875,0.24275726737047876,0.24347515373187534,1,1.0,PASS,eta_fixed_geometric
93884,11.449815256641433,0.020010565065586322,-0.4746,-0.47459999999994473,0.0886603571244801,1.0151447096631503,1.1413035938376441,0.2977319718450497,11.207020226809679,11.2062979258,0.24279502983175405,0.24351733084143312,0.0007223010096790716,11.449937214985932,0.24291698817625296,0.24363928918593203,1,1.0,PASS,eta_fixed_geometric
95781,11.469819614435123,0.020004357793690992,-0.4746,-0.47459999999990915,0.088500544296063,1.0150852788551676,1.141176420380592,0.29746401260138877,11.226863274576306,11.2261365777,0.24295633985881615,0.24368303673512237,0.0007266968763062209,11.469939366153795,0.243076091577489,0.24380278845379522,1,1.0,PASS,eta_fixed_geometric
97716,11.489820591255132,0.02000097682000822,-0.4746,-0.47460000000000335,0.0883413485837855,1.0150262460172261,1.141049619698588,0.29719683880865355,11.246703576720707,11.2459724982,0.24311701453442502,0.24384809305513144,0.0007310785207064185,11.489938176278836,0.24323459955812865,0.24396567807883507,1,1.0,PASS,eta_fixed_geometric
99690,11.50982065001675,0.020000058761618127,-0.4746,-0.4745999999999888,0.08818274687098762,1.0149676009108932,1.1409231744638542,0.29693041395671615,11.266543572285853,11.2658081259,0.24327707773089635,0.24401252411674967,0.0007354463858533222,11.509936107295387,0.24339253500953362,0.24412798139538694,1,1.0,PASS,eta_fixed_geometric
101704,11.52982191262996,0.020001262613208726,-0.4746,-0.47460000000000707,0.08802471904543754,1.0149093345031814,1.1407970696780263,0.2966647064433717,11.286385359277025,11.2856455614,0.24343655335293413,0.2441763512299584,0.000739797877024273,11.529935280199378,0.24354992092235328,0.24428971879937755,1,1.0,PASS,eta_fixed_geometric
103759,11.549826181318593,0.020004268688635696,-0.4746,-0.47460000000003527,0.08786724777818905,1.0148514388689358,1.1406712925066294,0.29639968922591425,11.306230724585742,11.3054865887,0.24359545673285155,0.24433959261859428,0.000744135885742736,11.549937496361109,0.2437067717753667,0.24445090766110944,1,1.0,PASS,eta_fixed_geometric
105856,11.569834958943309,0.0200087776247144,-0.4746,-0.4745999999999621,0.0877103183148732,1.0147939070994656,1.1405458321226438,0.29613533949147713,11.326081155070344,11.3253326951,0.24375380387296453,0.24450226384330875,0.0007484599703442285,11.569944257842359,0.24386310277201417,0.2446115627423584,1,1.0,PASS,eta_fixed_geometric
107995,11.589840208738353,0.020005249795045397,-0.4746,-0.47459999999999075,0.08755399050428897,1.0147367595821042,1.1404207373807027,0.29587176017847755,11.345928673130484,11.3451759055,0.24391153560786982,0.24466430323835375,0.0007527676304839304,11.589947528035802,0.2440188549053186,0.24477162253580254,1,1.0,PASS,eta_fixed_geometric
110177,11.609843442483932,0.020003233745578126,-0.4746,-0.4745999999999384,0.08739824909312499,1.0146799891183944,1.1402959971309206,0.2956089277938027,11.365774775639261,11.3650177156,0.24406866684467055,0.24482572688393134,0.0007570600392607929,11.609948817914537,0.24417404227527584,0.24493110231453663,1,1.0,PASS,eta_fixed_geometric
112403,11.629845906477005,0.020002463993072688,-0.4746,-0.4746000000000666,0.08724308108231205,1.0146235893935682,1.140171601985931,0.29534682255775657,11.385620693010265,11.3848593579,0.24422521346673953,0.24498654857700508,0.0007613351102655486,11.629949373015915,0.24432868000564945,0.245090015115915,1,1.0,PASS,eta_fixed_geometric
114674,11.649848599130861,0.020002692653856007,-0.4746,-0.4745999999999392,0.087088475551197,1.0145675549005546,1.1400475441878368,0.2950854281244306,11.40546741489877,11.4047018192,0.24438118423209154,0.2451467799308613,0.0007655956987697721,11.649950191036533,0.24448277613776348,0.24524837183653325,1,1.0,PASS,eta_fixed_geometric
116991,11.669852287744238,0.02000368861337793,-0.4746,-0.4746000000000388,0.08693442349180974,1.0145118808696223,1.1399238174832715,0.29482473131744646,11.42531570138929,11.4245458571,0.24453658635494868,0.24530643064423785,0.0007698442892891677,11.669952038597197,0.24463633720790767,0.24540618149719684,1,1.0,PASS,eta_fixed_geometric
119355,11.689857524479745,0.020005236735506415,-0.4746,-0.4745999999999977,0.086780917652514,1.014456563201498,1.1398004170042428,0.29456472187999055,11.445166093267467,11.4443920161,0.24469143121227788,0.2454655083797448,0.0007740771674669134,11.689955467217521,0.24478937395005396,0.24556345111752087,1,1.0,PASS,eta_fixed_geometric
121767,11.709864661587565,0.0200071371078194,-0.4746,-0.47459999999996616,0.08662795239071278,1.0144015984056975,1.1396773391564758,0.29430539223869745,11.465018932453296,11.4642406422,0.24484572913426916,0.24562401938756473,0.000778290253295566,11.709960828536152,0.24494189608285666,0.24572018633615222,1,1.0,PASS,eta_fixed_geometric
124227,11.729865816159798,0.020001154572233348,-0.4746,-0.4746000000000416,0.08647558474585217,1.014347005442801,1.1395546308322568,0.29404684119731267,11.484866403354541,11.4840839114,0.2449994128052566,0.2457819047597969,0.0007824919545402764,11.729960239757242,0.24509383640270066,0.24587632835724094,1,1.0,PASS,eta_fixed_geometric
126737,11.749869352090808,0.020003535931010643,-0.4746,-0.4745999999999009,0.08632374781622212,1.0142927588234443,1.1394322391388465,0.293788957309051,11.504716795797885,11.503930118,0.24515255629292376,0.24593923409080887,0.0007866777978851047,11.749962063469992,0.2452452676721073,0.2460319454699924,1,1.0,PASS,eta_fixed_geometric
129298,11.76987509673622,0.020005744645412257,-0.4746,-0.47460000000006136,0.08617244008612834,1.014238856594716,1.13931016376554,0.2935317399189255,11.524569935143617,11.5237790874,0.24530516159260252,0.24609600933622033,0.0007908477436178174,11.769966126497906,0.24539619135428836,0.24618703909790618,1,1.0,PASS,eta_fixed_geometric
131910,11.789875150842965,0.020000054106744915,-0.4746,-0.47460000000007796,0.0860217181651608,1.0141853174282462,1.1391884513556272,0.29327528730637237,11.544417978754026,11.543622979,0.2454571720889387,0.24625217184296488,0.0007949997540261933,11.789964529696196,0.24554655094216926,0.24634155069619545,1,1.0,PASS,eta_fixed_geometric
134575,11.809876943429158,0.02000179258619246,-0.4746,-0.4745999999999066,0.08587152293738667,1.014132118835391,1.1390670551386997,0.2930195009244143,11.564268298271012,11.5634691601,0.2456086451581463,0.24640778332915758,0.0007991381710112933,11.809964700922755,0.24569640265174364,0.24649554082275493,1,1.0,PASS,eta_fixed_geometric
137294,11.829879890874025,0.020002947444867976,-0.4746,-0.47459999999999974,0.08572185595462845,1.0140792599660589,1.1389459772734685,0.2927643853212569,11.584120311574205,11.5833170484,0.24575957929982017,0.2465628424740256,0.0008032631742054264,11.829966056081943,0.24584574450773822,0.24664900768194364,1,1.0,PASS,eta_fixed_geometric
140068,11.849883297956154,0.02000340708212843,-0.4746,-0.4746000000000255,0.08557271955725351,1.0140267402421843,1.1388252205613565,0.2925099463998083,11.603973321437891,11.6031659511,0.24590997651826285,0.24671734685615476,0.0008073703378919106,11.849967899491833,0.2459945780539421,0.246801948391834,1,1.0,PASS,eta_fixed_geometric
142898,11.869886368018758,0.020003070062602615,-0.4746,-0.4745999999999543,0.08542411678469902,1.0139745593227414,1.1387047883771064,0.292256191270796,11.623826538012235,11.6230150743,0.24605983000652287,0.24687129371875827,0.000811463712235394,11.869969434047912,0.24614289603567663,0.24695435974791202,1,1.0,PASS,eta_fixed_geometric
145785,11.889888212605682,0.020001844586923757,-0.4746,-0.47460000000000596,0.08527605129172179,1.0139227170710003,1.1385846846032999,0.2920031281148296,11.643679073694377,11.642863533,0.24620913891130414,0.24702467960568164,0.0008155406943775034,11.889969770857702,0.24629069716332452,0.24710623785770203,1,1.0,PASS,eta_fixed_geometric
148731,11.90989458415713,0.0200063715514479,-0.4746,-0.47460000000008407,0.08512847776283325,1.0138711962651084,1.1384648733572131,0.291750681325724,11.663536632851672,11.6627170327,0.24635795130545723,0.2471775514571295,0.0008196001516722617,11.909974661442035,0.24643802859036334,0.2472576287420356,1,1.0,PASS,eta_fixed_geometric
151736,11.929897447664159,0.020002863507029723,-0.4746,-0.4746000000000617,0.0849814526650616,1.0138200152477108,1.138345401369851,0.29149894936753706,11.683391244774128,11.6825675965,0.24650620289003022,0.2473298511641584,0.0008236482741281748,11.92997607090499,0.24658482613086186,0.24740847440499003,1,1.0,PASS,eta_fixed_geometric
154802,11.949902159950943,0.020004712286785176,-0.4746,-0.47460000000004154,0.08483493373811415,1.0137691579163854,1.1382262352026302,0.29124786178385614,11.703248216391412,11.7024205373,0.24665394355953119,0.24748162265094287,0.0008276790914116816,11.949979355202652,0.2467311388112403,0.247558817902652,1,1.0,PASS,eta_fixed_geometric
157930,11.969907175864101,0.02000501591315687,-0.4746,-0.4745999999999081,0.0846889295817767,1.0137186259171584,1.1381073827151242,0.2909974351351685,11.72310601363685,11.7222743186,0.24680116222725168,0.2476328572641009,0.0008316950368492115,11.969982968829143,0.24687695519229358,0.2477086502291428,1,1.0,PASS,eta_fixed_geometric
161121,11.98991091448725,0.020003738623149442,-0.4746,-0.4746000000000873,0.08454344891583604,1.0136684209043778,1.1379888518893329,0.2907476862395859,11.74296306356825,11.7421273684,0.24694785091899973,0.24778354608725017,0.0008356951682504388,11.989985330518248,0.24702226694999752,0.24785796211824795,1,1.0,PASS,eta_fixed_geometric
164376,12.009911765545851,0.02000085105860102,-0.4746,-0.4745999999999468,0.08439850053111338,1.0136185445230463,1.1378706507896135,0.29049863208939936,11.76281776647157,11.7619780852,0.24709399907428065,0.2479336803458505,0.0008396812715698587,12.009984829647847,0.2471670631762759,0.24800674444784576,1,1.0,PASS,eta_fixed_geometric
167697,12.029914058563632,0.020002293017781274,-0.4746,-0.4745999999999195,0.08425405025603522,1.013568983666005,1.1377527524247553,0.29025021581285004,11.782674411332232,11.7818307629,0.24723964723139957,0.24808329566363163,0.0008436484322320581,12.029985795003729,0.2473113836714962,0.24815503210372825,1,1.0,PASS,eta_fixed_geometric
171085,12.049915788006826,0.0200017294431949,-0.4746,-0.47459999999992797,0.0841101098876999,1.0135197410667842,1.1376351672736276,0.2900024594893562,11.802531013182733,11.8016834082,0.24738477482409316,0.24823237980682578,0.0008476049827326193,12.049986220752073,0.24745520756933992,0.24830281255207254,1,1.0,PASS,eta_fixed_geometric
174542,12.069920679343069,0.020004891336242527,-0.4746,-0.4745999999999451,0.08396665001381179,1.0134708053768688,1.1375178721404127,0.28975531424447654,11.82239126238095,11.8215397157,0.24752941696211828,0.2483809636430685,0.0008515466809502215,12.06998983169512,0.24759856931416913,0.24845011599511935,1,1.0,PASS,eta_fixed_geometric
178068,12.089920778794127,0.02000009945105728,-0.4746,-0.4746000000000354,0.08382372493066667,1.0134221937951904,1.1374009122762492,0.289508875424018,11.842247255706164,11.8413917878,0.24767352308796298,0.24852899099412795,0.000855467906164975,12.089988674141265,0.24774141843510122,0.2485968863412662,1,1.0,PASS,eta_fixed_geometric
181666,12.109925115245767,0.020004336451640705,-0.4746,-0.4746000000000219,0.08368126743298632,1.0133738821623186,1.1372842335285311,0.2892630289265167,11.862107962021804,11.8612485836,0.2478171532239628,0.24867653164576708,0.0008593784218042799,12.109991775995583,0.2478838139737789,0.24874319239558318,1,1.0,PASS,eta_fixed_geometric
185336,12.129925672950305,0.020000557704537673,-0.4746,-0.4745999999999457,0.0835393319783451,1.0133258876652467,1.1371678813300183,0.2890178704804763,11.88196541880679,11.8811021435,0.24796025414351597,0.2488235294503056,0.0008632753067896459,12.12999112160098,0.248025702794191,0.24888897810098065,1,1.0,PASS,eta_fixed_geometric
189081,12.149930773659847,0.020005100709541757,-0.4746,-0.47460000000000246,0.0833978569148979,1.0132781881875987,1.1370518059632184,0.2887732953291566,11.901827879970238,11.9009607252,0.2481028936896088,0.2489700484598476,0.0008671547702387983,12.149995031808638,0.2481671518384001,0.2490343066086389,1,1.0,PASS,eta_fixed_geometric
192901,12.169932382913561,0.020001609253714362,-0.4746,-0.4746000000000436,0.08325689649572629,1.013230800764222,1.1369360527545942,0.28852939897720525,11.921687368839281,11.9208163503,0.24824501407428023,0.24911603261356063,0.0008710185392803993,12.169995472246807,0.24830810340752585,0.24917912194680625,1,1.0,PASS,eta_fixed_geometric
196798,12.189933100947025,0.02000071803346321,-0.4746,-0.4745999999999186,0.08311642964865151,1.0131837170066318,1.1368206052490224,0.28828614675315184,11.94154646491467,11.9406715972,0.24838663603235567,0.24926150374702516,0.0008748677146694916,12.189995042608233,0.24844857769356388,0.24932344540823337,1,1.0,PASS,eta_fixed_geometric
200774,12.209935176344471,0.0200020753974465,-0.4746,-0.47460000000006736,0.08297643803091925,1.0131369295214883,1.1367054491777426,0.2880435085919158,11.961407396969308,11.960528695,0.2485277793751628,0.24940648134447052,0.0008787019693077269,12.20999599097182,0.248588594002511,0.24946729597181871,1,1.0,PASS,eta_fixed_geometric
204830,12.2299356457947,0.020000469450230384,-0.4746,-0.4745999999999093,0.08283693982396714,1.0130904431416863,1.1365906003029038,0.2878015177052885,11.981267223485363,11.9803846994,0.24866842230933806,0.24955094639470055,0.0008825240853624905,12.229995353822595,0.2487281303372324,0.2496106544225949,1,1.0,PASS,eta_fixed_geometric
208968,12.249936409176561,0.02000076338185988,-0.4746,-0.47459999999992314,0.08269791919799795,1.0130442513466964,1.136476046400701,0.2875601483369642,12.001127821417304,12.0002414935,0.24880858775925674,0.24969491567656021,0.0008863279173034755,12.249995030568499,0.24886720915119476,0.24975353706849823,1,1.0,PASS,eta_fixed_geometric
213190,12.269939065858587,0.020002656682026502,-0.4746,-0.4746000000000947,0.08255936260116473,1.0129983484324154,1.1363617770817733,0.28731937859617807,12.020990782138146,12.0201006625,0.2489482837204413,0.2498384033585861,0.0008901196381447818,12.269996620137025,0.24900583799887954,0.24989595763702432,1,1.0,PASS,eta_fixed_geometric
217497,12.289940336312302,0.020001270453714085,-0.4746,-0.4746000000000577,0.08242129027276415,1.012952739894149,1.1362478098220272,0.2870792453055429,12.040852844850754,12.0399589478,0.24908749146154818,0.24998138851230145,0.0008938970507532673,12.289996842824312,0.24914399797355813,0.2500378950243114,1,1.0,PASS,eta_fixed_geometric
221891,12.30994154928788,0.020001212975577783,-0.4746,-0.47460000000009045,0.08228369051063908,1.0129074206456607,1.1361341357556922,0.286839729784379,12.060715325711003,12.0598176658,0.2492262235768763,0.25012388348787873,0.0008976599110024353,12.309997026963977,0.24928170125297378,0.2501793611639762,1,1.0,PASS,eta_fixed_geometric
226374,12.329943777727035,0.020002228439154682,-0.4746,-0.47460000000008945,0.08214655350642283,1.012862386268239,1.1360207475503106,0.28660081658298553,12.080579286589353,12.0796778792,0.24936449113768155,0.25026589852703474,0.0009014073893531815,12.329998245105113,0.24941895851575957,0.25032036590511275,1,1.0,PASS,eta_fixed_geometric
230948,12.349947855938163,0.02000407821112848,-0.4746,-0.4745999999999635,0.08200987119681347,1.0128176329528513,1.1359076392904632,0.2863624932374077,12.100445554787624,12.0995404138,0.24950230115053884,0.25040744213816346,0.0009051409876246197,12.350001331185107,0.24955577639748228,0.2504609173851069,1,1.0,PASS,eta_fixed_geometric
235614,12.369950151744531,0.02000229580636851,-0.4746,-0.4745999999999994,0.08187366597498433,1.0127731668511384,1.1357948302737397,0.28612480040821725,12.12031052340015,12.1194016604,0.24963962834438114,0.2505484913445315,0.0009088630001503617,12.37000265288051,0.24969212948036024,0.2506009924805106,1,1.0,PASS,eta_fixed_geometric
240374,12.389951322716021,0.02000117097148922,-0.4746,-0.47460000000000424,0.08173793085234823,1.0127289844801226,1.1356823154945925,0.28588772754865427,12.140174837063975,12.1392622693,0.24977648565204547,0.2506890534160213,0.0009125677639758578,12.390002867404164,0.24982803034018808,0.25074059810416394,1,1.0,PASS,eta_fixed_geometric
245230,12.409951824662926,0.02000050194690501,-0.4746,-0.4746000000000885,0.08160266028104027,1.0126850828520446,1.1355700911236164,0.28565126658995177,12.160038945458354,12.1591226904,0.2499128792045724,0.25082913426292563,0.0009162550583532436,12.410002430226804,0.24996348476845043,0.25087973982680367,1,1.0,PASS,eta_fixed_geometric
250184,12.429951926129206,0.020000101466280725,-0.4746,-0.47460000000000696,0.08146785003240631,1.012641459427914,1.1354581544115103,0.285415411739377,12.17990311939244,12.1789831877,0.2500488067367659,0.2509687384292061,0.0009199316924402012,12.430001609568633,0.25009849017619246,0.25101842186863266,1,1.0,PASS,eta_fixed_geometric
255239,12.449955640093398,0.02000371396419217,-0.4746,-0.4746000000000502,0.08133347080762424,1.012598103609753,1.1353464817545,0.28518011326271747,12.199771336592425,12.1988477438,0.25018430350097276,0.2511078962933979,0.0009235927924251541,12.450004417922873,0.25023308133044786,0.251156674122873,1,1.0,PASS,eta_fixed_geometric
260396,12.469958828215468,0.02000318812206867,-0.4746,-0.4746000000000216,0.0811995481687584,1.012555022534116,1.135235095115115,0.28494541743596447,12.219639493664816,12.2187122466,0.25031933455065136,0.251246581615467,0.0009272470648156173,12.470006716841702,0.25036722317688564,0.25129447024170126,1,1.0,PASS,eta_fixed_geometric
265657,12.489961281993056,0.02000245377758788,-0.4746,-0.4746000000000587,0.08106608114173469,1.0125122147431738,1.1351239944287586,0.28471132412292843,12.23950736654487,12.2385764866,0.25045391544818507,0.25138479539305614,0.0009308799448710658,12.490008297536773,0.25050093099190285,0.2514318109367739,1,1.0,PASS,eta_fixed_geometric
271024,12.509962656826163,0.020001374833108137,-0.4746,-0.4745999999999303,0.08093306965384126,1.0124696790718648,1.1350131803791939,0.28447783476446203,12.259374625945236,12.258440119,0.25058803088092674,0.25152253782616363,0.0009345069452368904,12.510008815132494,0.25063418918725766,0.25156869613249455,1,1.0,PASS,eta_fixed_geometric
276500,12.529966099944527,0.020003443118363398,-0.4746,-0.4745999999999935,0.08080049051378713,1.0124274069966421,1.1349026343654998,0.28424491016751285,12.279244381164347,12.2783062668,0.2507217187801807,0.25165983314452767,0.0009381143643469869,12.530011416441514,0.2507670352771676,0.2517051496415146,1,1.0,PASS,eta_fixed_geometric
282086,12.549967267967025,0.020001168022498246,-0.4746,-0.4746000000000276,0.08066837022280751,1.01238540585648,1.1347923792080872,0.28401259841567494,12.299112322698045,12.298170614,0.2508549452689799,0.2517966539670251,0.0009417086980452183,12.550011757986942,0.2508994352888969,0.25184114398694213,1,1.0,PASS,eta_fixed_geometric
287785,12.569968952549685,0.0200016845826603,-0.4746,-0.4745999999999542,0.08053668801847563,1.0123436679334188,1.1346823983099397,0.283780864538459,12.318981223267443,12.3180359307,0.250987729282242,0.251933021849684,0.0009452925674420243,12.570012631034079,0.2510314077666358,0.2519767003340778,1,1.0,PASS,eta_fixed_geometric
293599,12.589970169722147,0.020001217172461585,-0.4746,-0.4746000000000839,0.08040544813287656,1.0123021934760572,1.1345726959179165,0.28354971748397123,12.338850098550266,12.3379012372,0.25112007117188107,0.2520689325221461,0.0009488613502650622,12.590013051384043,0.2511629528337771,0.25211181418404216,1,1.0,PASS,eta_fixed_geometric
299531,12.609973197024352,0.020003027302205902,-0.4746,-0.4745999999999361,0.08027463343343239,1.0122609759965373,1.1344632584096177,0.28331912854959085,12.358721210148644,12.3577687931,0.25125198687570816,0.2522044039243525,0.0009524170486443495,12.610015296223755,0.25129408607511117,0.2522465031237555,1,1.0,PASS,eta_fixed_geometric
305582,12.629973434016238,0.02000023699188565,-0.4746,-0.47459999999990127,0.08014427175693062,1.0122200231786116,1.1343541097827925,0.2830891482992424,12.378589984788576,12.3776340268,0.25138344922766187,0.2523394072162386,0.0009559579885767278,12.630014765033003,0.2514247802444274,0.2523807382330041,1,1.0,PASS,eta_fixed_geometric
311756,12.649976109547936,0.020002675531697146,-0.4746,-0.4746000000000561,0.08001432680826781,1.0121793225461488,1.1342452203495044,0.2828597141792847,12.398461619246222,12.3975021294,0.25151449030171413,0.2524739801479363,0.0009594898462221835,12.65001668620624,0.2515550669600177,0.2525145568062399,1,1.0,PASS,eta_fixed_geometric
318054,12.669976458666758,0.020000349118822883,-0.4746,-0.47460000000000385,0.07988482735942085,1.0121388820485202,1.1341366149128174,0.2826308784509403,12.41833137168777,12.4173683657,0.25164508697898746,0.25260809296675824,0.0009630059877707708,12.67001629472068,0.2516849230329097,0.25264792902068045,1,1.0,PASS,eta_fixed_geometric
324480,12.6899791799449,0.020002721278142344,-0.4746,-0.4745999999999672,0.07975574081723072,1.0120986904517395,1.134028266827657,0.28240258497190507,12.438203909915126,12.4372374005,0.25177527002977484,0.25274177944490006,0.0009665094151252163,12.690018288729075,0.25181437881394864,0.25278088822907385,1,1.0,PASS,eta_fixed_geometric
331035,12.70997938895037,0.020000209005469307,-0.4746,-0.47459999999997154,0.07962709654171764,1.0120587558471925,1.1339202014231646,0.28217488711161537,12.458074381260833,12.4571043795,0.25190500768953683,0.2528750094503689,0.0009700017608320621,12.710017783735765,0.2519434024749323,0.25291340423576436,1,1.0,PASS,eta_fixed_geometric
337723,12.729981311842407,0.020001922892036637,-0.4746,-0.4745999999999469,0.07949886518161889,1.0120190680746874,1.1338123947292817,0.2819477343642999,12.477946977597577,12.4769734985,0.25203433424482924,0.25300781334240696,0.000973479097577723,12.730019005511496,0.25207202791391836,0.2530455070114961,1,1.0,PASS,eta_fixed_geometric
344546,12.749982887372441,0.02000157553003536,-0.4746,-0.4745999999999375,0.0793710578669905,1.0119796295567767,1.133704856770499,0.2817211478519103,12.497819649564928,12.4968427077,0.2521632378075136,0.2531401796724406,0.0009769418649270278,12.750019892648638,0.2522002430837098,0.25317718494863684,1,1.0,PASS,eta_fixed_geometric
351507,12.769984904686057,0.020002017313614402,-0.4746,-0.4745999999999581,0.07924366744460698,1.011940437059593,1.1335975821993958,0.281495116307222,12.517693186588787,12.5167127887,0.25229171809727013,0.25327211598605714,0.0009803978887870102,12.770021234037205,0.25232804744841886,0.25330844533720587,1,1.0,PASS,eta_fixed_geometric
358608,12.789985148883693,0.020000244197636068,-0.4746,-0.47459999999996416,0.07911670587989264,1.011901493232426,1.133490581768279,0.28126966238577555,12.537565376078836,12.5365815389,0.2524197728048563,0.2534036099836925,0.000983837178836211,12.79002081462683,0.2524554385479938,0.25343927572683,1,1.0,PASS,eta_fixed_geometric
365853,12.809986892360556,0.020001743476864103,-0.4746,-0.4745999999999228,0.07899015030600265,1.011862790045484,1.133383836870604,0.28104474688290276,12.557439470262162,12.5564522071,0.2525474220983934,0.253534685260556,0.0009872631621625771,12.810021906483458,0.25258243622129584,0.2535696993834584,1,1.0,PASS,eta_fixed_geometric
373244,12.829987640255487,0.020000747894931278,-0.4746,-0.4746000000000015,0.07886401445323504,1.0118243306959356,1.1332773597432106,0.2808203955819853,12.577312996461949,12.5763223124,0.2526746437935383,0.25366532785548657,0.0009906840619482438,12.830022014611176,0.2527090181492273,0.25369970221117555,1,1.0,PASS,eta_fixed_geometric
380785,12.849990190367208,0.020002550111720956,-0.4746,-0.4745999999999725,0.07873827864476513,1.0117861081916317,1.1331711344256694,0.28059657485393413,12.59718872216247,12.5961946323,0.2528014682047388,0.25379555806720866,0.000994089862469849,12.850023936507252,0.25283521434478295,0.2538293042072528,1,1.0,PASS,eta_fixed_geometric
388478,12.869991819129782,0.020001628762573626,-0.4746,-0.47460000000005387,0.07861295798457038,1.011748126139014,1.1330651743234552,0.2803733129444587,12.61706393918055,12.6160664586,0.2529278799492314,0.2539253605297809,0.0009974805805494924,12.870024948483175,0.25296100930262533,0.2539584898831748,1,1.0,PASS,eta_fixed_geometric
396326,12.889992383889977,0.020000564760195266,-0.4746,-0.47460000000002,0.07848805127587605,1.0117103831724081,1.1329594790840265,0.2801506091108742,12.636938514620367,12.6359376476,0.2530538692696105,0.25405473628997655,0.0010008670203660586,12.890024907683289,0.25308639306292235,0.2540872600832884,1,1.0,PASS,eta_fixed_geometric
404333,12.90999407485543,0.020001690965451954,-0.4746,-0.4746000000000988,0.07836354282624314,1.0116728735714786,1.1328540360707937,0.27992843672727785,12.656814606623168,12.655810373,0.25317946823226123,0.25418370185543004,0.0010042336231688154,12.910026004047468,0.2532113974243,0.2542156310474688,1,1.0,PASS,eta_fixed_geometric
412502,12.929996333229967,0.020002258374537916,-0.4746,-0.47459999999997937,0.07823943416272369,1.0116355968380049,1.1327488472046805,0.27970679984131114,12.676691663466062,12.6756840776,0.25330466976390476,0.2543122556299675,0.0010075858660627546,12.930027678599634,0.25333601513357173,0.2543436009996345,1,1.0,PASS,eta_fixed_geometric
420836,12.94999848807713,0.020002154847161824,-0.4746,-0.47460000000002506,0.07811572747273864,1.0115985526670104,1.1326439149714058,0.279485703690263,12.69656903094284,12.6955580927,0.2534294571342901,0.25444039537712904,0.0010109382428389324,12.950029260228893,0.2534602292860537,0.25447116752889265,1,1.0,PASS,eta_fixed_geometric
429338,12.96999976648447,0.020001278407341044,-0.4746,-0.4745999999999918,0.07799242553076868,1.0115617409216273,1.1325392423610925,0.2792651545745781,12.716445920957838,12.7154316481,0.25355384552663196,0.254568118384471,0.0010142728578390603,12.970029975853256,0.253584054895418,0.2545983277532571,1,1.0,PASS,eta_fixed_geometric
438012,12.99000158624356,0.020001819759088713,-0.4746,-0.47460000000000335,0.07786951762337826,1.0115251574477044,1.1324348209077646,0.2790451346560549,12.736323744240929,12.7353061505,0.2536778420026309,0.25469543574356024,0.0010175937409293567,12.990031243036622,0.2537074987956931,0.25472509253662245,1,1.0,PASS,eta_fixed_geometric
446861,13.010002863268328,0.02000127702476829,-0.4746,-0.47460000000001273,0.07774700846200037,1.0114888027011717,1.1323306552369319,0.2788256536808435,12.756201421567313,12.7551805207,0.2538014417010146,0.25482234256832825,0.0010209008673136566,13.010031977538713,0.25383055597139936,0.254851456838713,1,1.0,PASS,eta_fixed_geometric
455889,13.030004637812178,0.020001774543850947,-0.4746,-0.4746000000001,0.0776248897364487,1.0114526732755855,1.1322267389018832,0.27860669806543475,12.77607999717779,12.7750557901,0.2539246406343878,0.2549488477121784,0.0010242070777906065,13.030033219403792,0.25395322222600214,0.25497742930379275,1,1.0,PASS,eta_fixed_geometric
465099,13.050005565134624,0.02000092732244589,-0.4746,-0.4746000000000333,0.07750316772225749,1.0114167700910224,1.1321230778598597,0.27838828036209523,12.795958116578538,12.7949306206,0.2540474485560864,0.2550749445346234,0.0010274959785370186,13.050033623749291,0.25407550717075367,0.2551030031492907,1,1.0,PASS,eta_fixed_geometric
474495,13.070006359568803,0.02000079443417877,-0.4746,-0.47460000000001173,0.07738183613179034,1.0113810903576106,1.13201966737347,0.27817039058884674,12.815836493058686,12.81480572,0.2541698665101162,0.2552006395688018,0.0010307730586855968,13.070033904714494,0.25419741165580767,0.25522818471449327,1,1.0,PASS,eta_fixed_geometric
484081,13.090007527068321,0.020001167499518552,-0.4746,-0.4746000000000871,0.07726089000376678,1.0113456316973048,1.1319165038201742,0.27795302111283177,12.835715632657717,12.8346815889,0.2542918944106045,0.25532593816832083,0.0010340437577163186,13.09003456806883,0.2543189354111135,0.2553529791688298,1,1.0,PASS,eta_fixed_geometric
493861,13.110009380058042,0.020001852989719505,-0.4746,-0.47460000000001396,0.07714032559305564,1.011310392105691,1.1318135846026338,0.2777361664615043,12.855595831876037,12.8545585358,0.25441354818200423,0.255450844258041,0.0010372960760367533,13.110035926061729,0.254440094185691,0.2554773902617278,1,1.0,PASS,eta_fixed_geometric
503838,13.130010066812842,0.020000686754800545,-0.4746,-0.4746000000000497,0.07702015217313901,1.0112753733807722,1.1317109182400895,0.27751984458507317,12.87547527016206,12.8744347187,0.25453479665078227,0.255575348112842,0.0010405514620597245,13.130036126848266,0.2545608566862061,0.2556014081482658,1,1.0,PASS,eta_fixed_geometric
514017,13.150011617820333,0.02000155100749125,-0.4746,-0.4745999999999825,0.07690035567320376,1.0112405705171452,1.1316084933096855,0.27730403141527676,12.895355929153578,12.8943121534,0.25465568866675525,0.2556994644203332,0.0010437757535779468,13.150037200704169,0.2546812715505915,0.25572504730416945,1,1.0,PASS,eta_fixed_geometric
524401,13.17001193781113,0.020000319990796912,-0.4746,-0.474600000000019,0.07678094678241067,1.0112059857207896,1.1315063195454582,0.2770887474619742,12.915235761704247,12.9141887556,0.2547761761068834,0.255823182211131,0.001047006104247572,13.170037052250372,0.25480129054612455,0.2558482966503721,1,1.0,PASS,eta_fixed_geometric
534995,13.190012680040079,0.02000074222894901,-0.4746,-0.4745999999999755,0.07666191376958523,1.0111716146969683,1.131404387503317,0.27687397282621967,12.935116394141547,12.9340661664,0.25489628589853197,0.2559465136400796,0.0010502277415476158,13.190037334545888,0.2549209404043413,0.25597116814588894,1,1.0,PASS,eta_fixed_geometric
545803,13.21001338376014,0.020000703720061873,-0.4746,-0.4745999999999401,0.0765432575621002,1.0111374568319433,1.1313026985605457,0.2766597104099499,12.954997353127032,12.953943926,0.25501603063310796,0.25606945776013923,0.00105342712703127,13.210037586700736,0.25504023357370365,0.2560936607007349,1,1.0,PASS,eta_fixed_geometric
556829,13.23001346997939,0.020000086219249834,-0.4746,-0.47459999999997377,0.0764249797626941,1.0111035117033453,1.1312012546764878,0.27644596434154034,12.974878078671107,12.973821457,0.2551353913082828,0.2561920129793904,0.0010566216711076493,13.230037229584637,0.2551591509135296,0.25621577258463724,1,1.0,PASS,eta_fixed_geometric
568078,13.25001401221888,0.02000054223949015,-0.4746,-0.4746000000000182,0.07630707221624503,1.0110697760966445,1.1311000494359817,0.2762327211040386,12.994759633990725,12.9936998244,0.25525437822815533,0.25631418781888016,0.001059809590724825,13.250037336546413,0.2552777025556878,0.25633751214641265,1,1.0,PASS,eta_fixed_geometric
579554,13.270014121199726,0.02000010898084388,-0.4746,-0.4746000000000213,0.07618953837568437,1.0110362501330201,1.1309990863775068,0.27601998815318357,13.01464111912232,13.0135781426,0.25537300207740543,0.25643597859972544,0.0010629765223200138,13.270037018180883,0.25539589905856275,0.25645887558088276,1,1.0,PASS,eta_fixed_geometric
591262,13.290014514565407,0.020000393365681015,-0.4746,-0.4746000000000837,0.07607237224087557,1.0110029312386588,1.1308983609191512,0.2758077558346568,13.034523260776144,13.0334571229,0.25549125378926263,0.2565573916654067,0.0010661378761440687,13.290036991973041,0.25551373119689735,0.2565798690730414,1,1.0,PASS,eta_fixed_geometric
603207,13.310015700383085,0.02000118581767859,-0.4746,-0.4745999999999509,0.07595556909798852,1.0109698172257595,1.1307978695701009,0.27559601679332996,13.05440657130819,13.0533372684,0.2556091290748945,0.2566784319830848,0.001069302908190295,13.310037765839498,0.25563119453130767,0.25670049743949797,1,1.0,PASS,eta_fixed_geometric
615393,13.330016367089755,0.020000666706669435,-0.4746,-0.47459999999990776,0.07583913485795125,1.0109369089224174,1.1306976179788626,0.27538478293065316,13.074289718069249,13.0732172737,0.2557266490205059,0.2567990933897555,0.001072444369249581,13.330038028106419,0.2557483100371698,0.2568207544064194,1,1.0,PASS,eta_fixed_geometric
627825,13.350016744196367,0.020000377106613017,-0.4746,-0.4746000000000477,0.075723066417938,1.0109042046013659,1.1305976040397874,0.27517404980989096,13.094172954756758,13.0930973651,0.2558437894396093,0.25691937909636664,0.0010755896567573586,13.350038008144136,0.2558650533873781,0.25694064304413544,1,1.0,PASS,eta_fixed_geometric
640508,13.370016890482923,0.020000146286555123,-0.4746,-0.4746000000000008,0.075607361689354,1.0108717028315144,1.1304978265139087,0.27496381482070903,13.11405631327294,13.1129775991,0.2559605772099829,0.25703929138292203,0.0010787141729391436,13.3700377645981,0.2559814513251606,0.25706016549809974,1,1.0,PASS,eta_fixed_geometric
653448,13.390018237342558,0.02000134685963601,-0.4746,-0.4746000000000132,0.07549201069536726,1.010839399984627,1.1303982773467387,0.27475406099185645,13.133941230749238,13.1328593968,0.2560770065933191,0.2571588405425569,0.001081833949237776,13.390038728703352,0.25609749795411396,0.25717933190335174,1,1.0,PASS,eta_fixed_geometric
666649,13.410018949504979,0.020000712162420532,-0.4746,-0.474599999999919,0.07537702232432136,1.0108072977264093,1.13029896475695,0.2745448056404807,13.153825875786229,13.1527409321,0.2561930737187499,0.25727801740497824,0.0010849436862283568,13.41003906509664,0.2562131893104116,0.25729813299663995,1,1.0,PASS,eta_fixed_geometric
680117,13.430020121175398,0.02000117167041869,-0.4746,-0.47459999999999103,0.07526238858030368,1.0107753930011998,1.1301998823877528,0.27433603537243,13.173711332437724,13.1726232909,0.25630878873767315,0.25739683027539684,0.001088041537723683,13.430039867836438,0.2563285353987137,0.2574165769364374,1,1.0,PASS,eta_fixed_geometric
693857,13.450021166384138,0.020001045208741786,-0.4746,-0.47459999999995034,0.07514811114110316,1.0107436854616252,1.1301010322321023,0.2741277543870964,13.193597019714689,13.1925058889,0.256424146669449,0.2575152774841385,0.0010911308146894783,13.45004055084023,0.25644353112554086,0.25753466194023034,1,1.0,PASS,eta_fixed_geometric
707874,13.470021390736315,0.020000224352177312,-0.4746,-0.47459999999998714,0.07503419227029624,1.0107121749175119,1.1300024167949543,0.2739199679624058,13.213482249889735,13.2123880341,0.2565391408465807,0.25763335663631537,0.001094215789734676,13.470040419603626,0.256558169713891,0.2576523855036257,1,1.0,PASS,eta_fixed_geometric
722175,13.490022770776594,0.020001380040278217,-0.4746,-0.4745999999999008,0.07492061905052308,1.010680856992235,1.129904025430623,0.27371265366761505,13.233368967710843,13.2322716896,0.2566538030657508,0.25775108117659506,0.0010972781108442575,13.490041450516893,0.2566724828060494,0.25776976091689363,1,1.0,PASS,eta_fixed_geometric
736764,13.510022902794695,0.020000132018100754,-0.4746,-0.474599999999957,0.07480740347090595,1.0106497341905427,1.1298058690613417,0.2735058345161262,13.25325480672121,13.2521544641,0.2567680960734844,0.257868438694695,0.0011003426212106149,13.510041239794385,0.2567864330731737,0.25788677569438434,1,1.0,PASS,eta_fixed_geometric
751648,13.530023408239563,0.020000505444866867,-0.4746,-0.4745999999999996,0.0746945346829889,1.0106188027284015,1.1297079388185527,0.2732994918216452,13.273141366829137,13.2720379678,0.25688204141042625,0.2579854404395636,0.001103399029137364,13.530041408741672,0.25690004191253557,0.25800344094167293,1,1.0,PASS,eta_fixed_geometric
766833,13.550024325221345,0.020000916981782763,-0.4746,-0.47459999999993574,0.07458201085575743,1.0105880613194356,1.1296102336380884,0.2730936233419848,13.293028684484977,13.2919222368,0.2569956407363687,0.25810208842134585,0.001106447684977141,13.550041995355516,0.2570133108705388,0.25811975855551594,1,1.0,PASS,eta_fixed_geometric
782325,13.57002553421228,0.020001208990936683,-0.4746,-0.47459999999994973,0.07446983105376623,1.0105575089280823,1.1295127532296931,0.272888228465459,13.31291663230469,13.3118071508,0.25710890190759095,0.25821838341228087,0.0011094815046899242,13.570042879999363,0.2571262476946732,0.2582357291993631,1,1.0,PASS,eta_fixed_geometric
798130,13.590026770432168,0.020001236219886726,-0.4746,-0.4745999999999487,0.07435799515434369,1.010527144743196,1.1294154980077973,0.2726833080653419,13.33280494638669,13.3316924446,0.25722182404547844,0.258334325832168,0.0011125017866895348,13.59004379778836,0.25723885140167013,0.25835135318835967,1,1.0,PASS,eta_fixed_geometric
814254,13.610027635622576,0.02000086519040768,-0.4746,-0.47459999999995295,0.07424650376967742,1.0104969681536655,1.129318469026465,0.2724788643625745,13.352693245722193,13.3515777208,0.2573343899003824,0.2584499148225756,0.001115524922193245,13.610044350363124,0.2573511046409305,0.2584666295631237,1,1.0,PASS,eta_fixed_geometric
830704,13.630028813031652,0.020001177409076927,-0.4746,-0.4746000000000703,0.07413535149390035,1.010466976926091,1.1292216620981976,0.272274888533878,13.372582209249511,13.3714636569,0.25744660378214057,0.25856515613165243,0.0011185523495118588,13.630045220855884,0.2574630116063723,0.25858156395588416,1,1.0,PASS,eta_fixed_geometric
847486,13.650029598926258,0.02000078589460543,-0.4746,-0.4746000000000226,0.07402454065017905,1.010437170921864,1.1291250797604704,0.27207138592596763,13.392471082739585,13.3913495516,0.25755851618667336,0.2586800473262585,0.0011215311395851302,13.650045705440945,0.25757462270136067,0.2586961538409458,1,1.0,PASS,eta_fixed_geometric
864607,13.670030347412364,0.02000074848610652,-0.4746,-0.47460000000004116,0.07391406769005512,1.0104075484237454,1.129028719433679,0.2718683511033877,13.412360305095127,13.4112357554,0.2576700423172369,0.25879459201236443,0.0011245496951275413,13.670046158117296,0.25768585302216884,0.2588104027172964,1,1.0,PASS,eta_fixed_geometric
882074,13.690031231696258,0.0200008842838942,-0.4746,-0.4745999999999436,0.073803930093485,1.0103781080017369,1.128932579426995,0.2716657805036039,13.432249964946637,13.4311224387,0.2577812667496211,0.2589087929962588,0.0011275262466377,13.690046751989058,0.25779678704242137,0.25892431328905907,1,1.0,PASS,eta_fixed_geometric
899894,13.710032257592323,0.02000102589606435,-0.4746,-0.4746000000000196,0.07369412627936546,1.0103488484851826,1.1288366588637995,0.27146367227938084,13.452140130085496,13.4510096058,0.25789212750682644,0.2590226517923231,0.001130524285496648,13.710047492772793,0.2579073626872965,0.2590378869727932,1,1.0,PASS,eta_fixed_geometric
918074,13.7300332763756,0.020001018783277945,-0.4746,-0.47459999999999813,0.0735846555211602,1.0103197689361652,1.1287409576106942,0.2712620261497991,13.472030593862522,13.4708971072,0.25800268251307834,0.25913616917559956,0.0011334866625212214,13.730048231649612,0.2580176377870895,0.25915112444961075,1,1.0,PASS,eta_fixed_geometric
936621,13.750033997004884,0.020000720629282768,-0.4746,-0.47460000000008884,0.07347551786746802,1.010290868625225,1.1286454762110643,0.27106084325967167,13.491921113461773,13.4907846519,0.25811288354311124,0.25924934510488384,0.001136461561772606,13.750048677487893,0.25812756402612,0.25926402558789263,1,1.0,PASS,eta_fixed_geometric
955542,13.770033997740383,0.02000000073549879,-0.4746,-0.47460000000000574,0.07336671406722355,1.0102621470081659,1.12855021582183,0.27086012604683596,13.511811214268556,13.5106718189,0.25822278347182603,0.25936217884038193,0.0011393953685558955,13.77004840846059,0.2582371941920343,0.2593765895605902,1,1.0,PASS,eta_fixed_geometric
974846,13.790034788786823,0.02000079104644079,-0.4746,-0.4746000000000562,0.07325823438874128,1.0102336007858415,1.1284551684158761,0.2706598575976842,13.531702440798577,13.5305601083,0.25833234798824556,0.2594746804868233,0.0011423324985777583,13.790048934661078,0.25834649386250064,0.2594888263610784,1,1.0,PASS,eta_fixed_geometric
994540,13.810035597684005,0.0200008088971811,-0.4746,-0.47460000000008573,0.07315008153330496,1.0102052299484288,1.1283603368463766,0.2704600439240485,13.551594037506959,13.5504487505,0.25844156017704556,0.25958684718400526,0.0011452870069597054,13.810049483550317,0.25845544604335835,0.25960073305031806,1,1.0,PASS,eta_fixed_geometric
1014632,13.83003654314033,0.02000094545632678,-0.4746,-0.474599999999996,0.07304225336381706,1.0101770332149047,1.128265719726566,0.2702606821040182,13.571486115431108,13.5703378619,0.2585504277092223,0.25969868124033013,0.0011482535311078124,13.830050173747463,0.2585640583163542,0.259712311847462,1,1.0,PASS,eta_fixed_geometric
1035129,13.850036614596135,0.020000071455804284,-0.4746,-0.474599999999939,0.07293475382075881,1.010149010894065,1.1281713210032331,0.270061780453539,13.591377615231195,13.5902264361,0.25865899936493975,0.2598101784961351,0.0011511791311953345,13.850049994619296,0.2586723793881003,0.2598235585192956,1,1.0,PASS,eta_fixed_geometric
1056040,13.870036621318839,0.02000000672270407,-0.4746,-0.4746000000000077,0.07282757705118598,1.010121160741869,1.1280771360240898,0.269863329170012,13.611269348159755,13.6101152762,0.25876727315908354,0.2599213451188387,0.001154071959755143,13.870049755338151,0.2587804071783957,0.2599344791381508,1,1.0,PASS,eta_fixed_geometric
1077374,13.890037156767345,0.020000535448506593,-0.4746,-0.47459999999998265,0.07272071841476979,1.0100934808479678,1.1279831611885078,0.26966532066690374,13.631161956392834,13.630004971,0.2588752003745114,0.2600321857673453,0.0011569853928339313,13.890050049272684,0.25888809287985026,0.2600450782726842,1,1.0,PASS,eta_fixed_geometric
1099139,13.910037704004937,0.020000547237591086,-0.4746,-0.47459999999998603,0.07261417922412262,1.0100659708529176,1.1278893981250662,0.2694677583756214,13.651054913040372,13.6498950048,0.25898279096456456,0.2601426992049376,0.001159908240373042,13.910050359410995,0.2589954463706228,0.2601553546109958,1,1.0,PASS,eta_fixed_geometric
1121344,13.93003852384676,0.020000819841822358,-0.4746,-0.4745999999999964,0.07250795664338355,1.0100386293277435,1.1277958448108525,0.2692706380338252,13.670948441015605,13.6697856354,0.259090082831154,0.2602528884467592,0.0011628056156052224,13.930050946485082,0.25910250546947644,0.26026531108508166,1,1.0,PASS,eta_fixed_geometric
1143997,13.95003882854082,0.020000304694060125,-0.4746,-0.47459999999996616,0.07240205340604103,1.0100114562803584,1.127702504126263,0.26907396571064485,13.690841771742358,13.6896760781,0.2591970567984614,0.26036275044081947,0.0011656936423580788,13.950051022673343,0.2592092509309847,0.26037494457334276,1,1.0,PASS,eta_fixed_geometric
1167108,13.970039451973816,0.02000062343299696,-0.4746,-0.474600000000019,0.07229646365634759,1.009984449517367,1.1276093713802857,0.26887773152187233,13.71073573149699,13.7095671606,0.2593037204768258,0.2604722913738158,0.0011685708969899622,13.9700514217756,0.25931569027861023,0.2604842611756002,1,1.0,PASS,eta_fixed_geometric
1190686,13.990040169580608,0.020000717606791066,-0.4746,-0.47460000000000246,0.07219118716277222,1.0099576082968953,1.127516446832997,0.2686819360155844,13.730630096691705,13.729458658,0.25941007288890283,0.2605815115806074,0.0011714386917045516,13.990051919153474,0.2594218224617695,0.26059326115347403,1,1.0,PASS,eta_fixed_geometric
1214740,14.010040620087732,0.020000450507125303,-0.4746,-0.4745999999999226,0.07208622440473948,1.0099309320591598,1.1274237313723157,0.2684865810626558,13.750524530233626,13.7493502097,0.259516089854106,0.260690410387733,0.0011743205336269824,14.010052153462903,0.25952762322927647,0.26070194376290345,1,1.0,PASS,eta_fixed_geometric
1239280,14.030041123780245,0.020000503692511745,-0.4746,-0.4746000000000697,0.07198157228690333,1.009904419339614,1.1273312227265198,0.26829166187631914,13.77041933233242,13.7692421327,0.2596217914478256,0.26079899108024485,0.0011771996324192457,14.030052444912231,0.25963311257981125,0.2608103122122305,1,1.0,PASS,eta_fixed_geometric
1264316,14.050041822444147,0.020000698663902673,-0.4746,-0.47460000000000063,0.07187722867221662,1.009878068926025,1.1272389194638939,0.2680971754401469,13.790314604144214,13.7891345665,0.2597272182999326,0.2609072559441472,0.0011800376442145932,14.050052935214161,0.25973833106994704,0.26091836871416163,1,1.0,PASS,eta_fixed_geometric
1289857,14.07004191748006,0.020000095035913306,-0.4746,-0.47459999999993036,0.07177319632512155,1.009851880845986,1.1271468244881966,0.26790312787234566,13.810209628066325,13.8090267155,0.25983228941373504,0.2610152019800598,0.0011829125663247453,14.070052825706963,0.2598431976406381,0.26102611020696287,1,1.0,PASS,eta_fixed_geometric
1315914,14.090042039187953,0.020000121707891606,-0.4746,-0.47459999999999763,0.07166947056982007,1.0098258532551085,1.1270549341167686,0.26770951141333593,13.830104948441662,13.8289192051,0.25993709074629123,0.2611228340879528,0.0011857433416615493,14.09005274661469,0.2599477981730285,0.26113354151469004,1,1.0,PASS,eta_fixed_geometric
1342498,14.110042615606133,0.020000576418180628,-0.4746,-0.47459999999995506,0.07156604782188748,1.0097999845973389,1.1269632456228706,0.26751632031791545,13.850001072132546,13.8488124596,0.2600415434735872,0.26123015600613364,0.0011886125325464292,14.110053125903448,0.26005205377090235,0.2612406663034488,1,1.0,PASS,eta_fixed_geometric
1369619,14.130043156936942,0.020000541330808787,-0.4746,-0.47460000000002356,0.0714629292563847,1.0097742745138474,1.1268717604949094,0.2673235577220884,13.869897430420526,13.8687059904,0.26014572651641643,0.2613371665369417,0.0011914400205252917,14.130053473713705,0.2601560432931791,0.2613474833137044,1,1.0,PASS,eta_fixed_geometric
1397288,14.150043773040537,0.020000616103594916,-0.4746,-0.47460000000008573,0.0713601129487346,1.0097487218737113,1.1267804774714587,0.2671312209680485,13.889794148614023,13.8885999054,0.260249624426514,0.26144386764053706,0.0011942432140230608,14.150053899838948,0.2602597512249254,0.26145399443894846,1,1.0,PASS,eta_fixed_geometric
1425516,14.170044411403758,0.02000063836322061,-0.4746,-0.47459999999999414,0.07125759782020176,1.0097233257622065,1.1266893960380866,0.26693930897195145,13.909691219047517,13.9084941511,0.26035319235624144,0.2615502603037587,0.001197067947517283,14.170054351702115,0.2603631326545983,0.2615602006021156,1,1.0,PASS,eta_fixed_geometric
1454314,14.190044869743959,0.02000045834020153,-0.4746,-0.4746000000000567,0.07115538356129877,1.0096980854586712,1.126598516362078,0.26674782208609954,13.929588416230793,13.9283885247,0.26045645351316615,0.2616563450439582,0.00119989153079203,14.190054626959132,0.26046621072833887,0.2616661022591309,1,1.0,PASS,eta_fixed_geometric
1483694,14.210045481986514,0.02000061224255596,-0.4746,-0.47460000000002195,0.0710534671301786,1.0096729995726716,1.1265078361779506,0.2665567555371781,13.949486056107647,13.948283357,0.26055942587886705,0.2617621249865145,0.0012026991076474758,14.210055059470184,0.2605690033625372,0.26177170247018466,1,1.0,PASS,eta_fixed_geometric
1513667,14.230045741627766,0.020000259641250986,-0.4746,-0.47459999999996616,0.07095184977670607,1.0096480677756292,1.126417357035362,0.2663661125903307,13.969383618876751,13.9681781429,0.26066212275101464,0.26186759872776655,0.001205475976751913,14.230055142675118,0.2606715237983668,0.2618769997751187,1,1.0,PASS,eta_fixed_geometric
1544246,14.250046323300623,0.02000058167285648,-0.4746,-0.47459999999999,0.0708505267537804,1.0096232882716207,1.1263270751419476,0.2661758852548468,13.989281861979427,13.9880735521,0.26076446132119635,0.26197277120062346,0.0012083098794271052,14.250055551140974,0.26077368916154775,0.26198199904097486,1,1.0,PASS,eta_fixed_geometric
1575442,14.270046425791891,0.02000010249126956,-0.4746,-0.474599999999914,0.07074950080604,1.0095986611037917,1.1262369933758498,0.26598607959518056,14.009179920836418,14.0079687862,0.26086650495547303,0.262077639591892,0.0012111346364189757,14.270055483602642,0.26087556276622337,0.26208669740264234,1,1.0,PASS,eta_fixed_geometric
1607269,14.290047023368187,0.02000059757629548,-0.4746,-0.4745999999999351,0.0706487657095145,1.0095741841318842,1.1261471066168667,0.2657966848227643,14.029078682391155,14.0278648131,0.2609683409770316,0.2621822102681861,0.0012138692911545235,14.290055914260696,0.2609772318695409,0.26219110116069544,1,1.0,PASS,eta_fixed_geometric
1639738,14.310047030940456,0.020000007572268417,-0.4746,-0.47459999999997476,0.07054832563205199,1.009549857748766,1.1260574190116568,0.2656077096748072,14.048977217442477,14.0477605519,0.2610698134979792,0.26228647904045665,0.0012166655424774575,14.31005575797841,0.26107854053593194,0.2622952060784094,1,1.0,PASS,eta_fixed_geometric
1672863,14.330047087793414,0.02000005685295823,-0.4746,-0.47459999999996155,0.07044817606380885,1.0095256802435417,1.125967926960671,0.2654191465669643,14.068876105629341,14.0676566373,0.26117098216407264,0.26239045049341314,0.0012194683293405006,14.33005565397944,0.26117954835009805,0.26239901667943855,1,1.0,PASS,eta_fixed_geometric
1706658,14.350047630209687,0.02000054241627341,-0.4746,-0.4746000000000149,0.07034831355186864,1.0095016501742407,1.125878627798547,0.2652309898831503,14.088775694403756,14.087553502,0.2612719358059312,0.26249412820968665,0.0012221924037554288,14.350056038488345,0.26128034408458944,0.2625025364883449,1,1.0,PASS,eta_fixed_geometric
1741135,14.370047757386862,0.020000127177175364,-0.4746,-0.47460000000006236,0.07024874132315098,1.0094777677099955,1.1257895248308822,0.2650432465884233,14.108675233924428,14.1074502485,0.261372523462434,0.26259750888686284,0.0012249854244288372,14.370056010656144,0.2613807767317162,0.26260576215614506,1,1.0,PASS,eta_fixed_geometric
1776309,14.390048173886846,0.020000416499983076,-0.4746,-0.4746000000000573,0.0701494546024207,1.009454031100722,1.1257006142032415,0.2648559085613703,14.128575335567835,14.1273475765,0.2614728383190119,0.26270059738684637,0.0012277590678344552,14.390056274986527,0.26148093941869277,0.2627086984865272,1,1.0,PASS,eta_fixed_geometric
1812193,14.410048272054327,0.020000098167481085,-0.4746,-0.4745999999999291,0.07005045514830438,1.0094304401664427,1.1256118979064738,0.2646689799968237,14.148475336573506,14.1472448802,0.26157293548082095,0.26280339185432666,0.0012304563735057172,14.410056223777032,0.26158088720352524,0.26281134357703095,1,1.0,PASS,eta_fixed_geometric
1848802,14.430048419724502,0.02000014767017415,-0.4746,-0.4745999999999945,0.06995173988441633,1.0094069935761012,1.1255233735987695,0.26448245596032655,14.168375777155696,14.1671425241,0.26167264256880607,0.26290589562450073,0.0012332530556946608,14.430056224809212,0.26168044765351617,0.26291370070921083,1,1.0,PASS,eta_fixed_geometric
1886151,14.450048802597342,0.020000382872841116,-0.4746,-0.4746000000000337,0.06985330665773598,1.0093836902270827,1.1254350397594581,0.2642963332478913,14.188276678076901,14.1870406919,0.26177212452044074,0.2630081106973421,0.0012359861769013492,14.450056463731823,0.2617797856549213,0.2630157718318227,1,1.0,PASS,eta_fixed_geometric
1924254,14.470048918126377,0.02000011552903485,-0.4746,-0.4746000000000013,0.06975515670569685,1.0093605298230046,1.1253468979084418,0.2641106150620342,14.208177597416938,14.2069388821,0.26187132070943875,0.2631100360263776,0.0012387153169388654,14.470056437952987,0.26187884053604904,0.2631175558529879,1,1.0,PASS,eta_fixed_geometric
1963127,14.490049168058356,0.0200002499319791,-0.4746,-0.4746000000000651,0.06965728682598041,1.0093375110219998,1.125258945577727,0.2639252962025072,14.228078925609145,14.2268374933,0.26197024244921074,0.26321167475835594,0.0012414323091451962,14.490056549168468,0.2619776235593232,0.2632190558684684,1,1.0,PASS,eta_fixed_geometric
2002785,14.5100492698952,0.020000101836844832,-0.4746,-0.4746000000000252,0.06955969717994606,1.0093146332800076,1.1251711833173024,0.2637403778282674,14.247980435885474,14.2467362432,0.26206883400972636,0.26331302669519907,0.0012441926854727114,14.510056514834881,0.26207607894940743,0.26332027163488014,1,1.0,PASS,eta_fixed_geometric
2043244,14.53004929887584,0.02000002898063806,-0.4746,-0.47460000000000246,0.0694623861822661,1.0092918956458785,1.1250836101053705,0.2635558577862829,14.26788211469414,14.2666352053,0.26216718418169904,0.26341409357583956,0.0012469093941405163,14.5300564101442,0.262174295450059,0.2634212048441995,1,1.0,PASS,eta_fixed_geometric
2084521,14.550049650610601,0.020000351734763194,-0.4746,-0.4746000000000699,0.06936535070679206,1.0092692968158417,1.1249962235281914,0.2633717309906721,14.287784374488078,14.286534772,0.26226527612252326,0.26351487861060185,0.0012496024880785939,14.550056630658599,0.26227225617052063,0.26352185865859923,1,1.0,PASS,eta_fixed_geometric
2126632,14.570050065579562,0.020000414968960312,-0.4746,-0.47459999999996455,0.06926859082116545,1.0092468362365254,1.1249090240434483,0.2631879984059368,14.30768705148815,14.3064346838,0.2623630140914113,0.26361538177956234,0.0012523676881510681,14.570056916815185,0.26236986532703455,0.2636222330151856,1,1.0,PASS,eta_fixed_geometric
2169593,14.59005015032183,0.02000008474226634,-0.4746,-0.4746000000000405,0.06917210723092354,1.0092245135026137,1.1248220126848045,0.26300466220984803,14.327589610121407,14.3263345482,0.2624605402004221,0.2637156021218292,0.001255061921407119,14.59005687511163,0.26246726499022266,0.2637223269116298,1,1.0,PASS,eta_fixed_geometric
2213422,14.61005029222308,0.020000141901251954,-0.4746,-0.47460000000001,0.0690758968761076,1.0092023273403472,1.1247351870883235,0.26282171742166227,14.347492560112768,14.3462347492,0.26255773211031297,0.26381554302307997,0.001257810912766999,14.610056892887973,0.26256433277520586,0.26382214368797285,1,1.0,PASS,eta_fixed_geometric
2258137,14.630050695013292,0.02000040279021211,-0.4746,-0.474599999999969,0.06897995760455117,1.0091802766944513,1.1246485457027289,0.26263916077272864,14.367395970116583,14.3661354884,0.26265472489670927,0.2639152066132926,0.0012604817165833282,14.630057173830641,0.26266120371405854,0.2639216854306419,1,1.0,PASS,eta_fixed_geometric
2303755,14.650050958338204,0.020000263324911637,-0.4746,-0.4746000000000217,0.06888429016736997,1.0091583611809252,1.1245620895961548,0.26245699451358845,14.3872995258519,14.3860363663,0.2627514324863043,0.2640145920382029,0.001263159551898596,14.650057317546242,0.26275779169434266,0.26402095124624125,1,1.0,PASS,eta_fixed_geometric
2350294,14.67005098467817,0.020000026339965147,-0.4746,-0.47460000000009633,0.0687888938583772,1.0091365800820087,1.1244758185203907,0.2622752181212925,14.407203141938153,14.4059372845,0.26284784274001716,0.2641137001781697,0.0012658574381525511,14.670057226474826,0.2628540845366736,0.26411994197482613,1,1.0,PASS,eta_fixed_geometric
2397774,14.690051364923901,0.020000380245731857,-0.4746,-0.47460000000000985,0.0686937647032211,1.0091149319403143,1.1243897292669651,0.26209382483557214,14.4271073666936,14.4258388299,0.2629439982303019,0.2642125350239013,0.0012685367935993952,14.690057491463554,0.2629501247699544,0.2642186615635538,1,1.0,PASS,eta_fixed_geometric
2446213,14.710051672386417,0.020000307462515042,-0.4746,-0.4745999999999782,0.06859890358546906,1.0090934164113037,1.1243038230185576,0.2619128171482581,14.447011828535027,14.4457405767,0.2630398438513897,0.2643110956864163,0.0012712518350266322,14.710057685786593,0.2630458572515657,0.26431710908659234,1,1.0,PASS,eta_fixed_geometric
2495630,14.730051760303752,0.020000087917335204,-0.4746,-0.47459999999997193,0.06850431005040863,1.0090720328464158,1.1242180997469682,0.26173219499994843,14.466916323483453,14.4656423777,0.26313543682029916,0.2644093826037519,0.0012739457834527457,14.730057662644109,0.2631413391606561,0.2644152849441088,1,1.0,PASS,eta_fixed_geometric
2546046,14.750052125493225,0.020000365189473027,-0.4746,-0.47459999999996966,0.06840998061106246,1.0090507799171522,1.1241325566722546,0.26155195253321234,14.48682138931236,14.4855447261,0.2632307361808657,0.2645073993932243,0.0012766632123586419,14.750057918812718,0.26323652950035914,0.2645131927127178,1,1.0,PASS,eta_fixed_geometric
2597480,14.770052302214616,0.020000176721391143,-0.4746,-0.4745999999999376,0.06831591633400881,1.0090296573270279,1.1240471951395947,0.2613720925824084,14.506726411401972,14.5054471572,0.26332589081264324,0.26460514501461496,0.0012792542019717246,14.77005798851749,0.26333157711551713,0.26461083131748886,1,1.0,PASS,eta_fixed_geometric
2649953,14.790052461956066,0.020000159741450543,-0.4746,-0.47459999999999564,0.06822211528334399,1.0090086641062723,1.1239620137695348,0.26119261224091,14.526631803218734,14.5253498406,0.26342065873733134,0.26470262135606504,0.0012819626187337008,14.790058043209033,0.2634262399902987,0.2647082026090324,1,1.0,PASS,eta_fixed_geometric
2703486,14.810052609318438,0.0200001473623712,-0.4746,-0.4745999999999811,0.06812857631806918,1.0089877994685708,1.1238770119004766,0.2610135101147947,14.546537395636173,14.5452527797,0.2635152136822647,0.26479982961843795,0.001284615936173239,14.810058087452258,0.26352069181608506,0.2648053077522583,1,1.0,PASS,eta_fixed_geometric
2758101,14.830052957404527,0.020000348086090178,-0.4746,-0.4746000000001,0.06803529733277301,1.0089670624177867,1.123792187990939,0.26083478295599,14.566443505614716,14.5651561855,0.26360945178981154,0.2648967719045281,0.0012873201147165503,14.830058334313616,0.2636148286989002,0.26490214881361673,1,1.0,PASS,eta_fixed_geometric
2813819,14.850053193336883,0.020000235932354952,-0.4746,-0.4745999999999388,0.06794227868230872,1.008946452508803,1.1237075427337537,0.2606564322245463,14.58634968099304,14.5850597453,0.26370351234384337,0.26499344803688274,0.001289935693039368,14.850058470882622,0.26370878988958246,0.26499872558262183,1,1.0,PASS,eta_fixed_geometric
2870662,14.870053223158315,0.020000029821433358,-0.4746,-0.4745999999999942,0.06784951969771061,1.0089259690706853,1.123623075890432,0.2604784574176854,14.606255944413855,14.6049633647,0.2637972787444607,0.2650898584583157,0.001292579713854991,14.870058403168503,0.2638024587546486,0.2650950384685036,1,1.0,PASS,eta_fixed_geometric
2928654,14.890053489777799,0.020000266619483578,-0.4746,-0.4745999999999972,0.06775701723188204,1.0089056108905197,1.1235387849618663,0.2603008532698421,14.626162761046556,14.6248674831,0.2638907287312424,0.26518600667779957,0.0012952779465571496,14.89005857404469,0.26389581299813436,0.2651910909446915,1,1.0,PASS,eta_fixed_geometric
2987817,14.910053578379374,0.02000008860157551,-0.4746,-0.474599999999983,0.06766477211724124,1.0088853776368978,1.1234546710713222,0.2601236221477595,14.646069658058568,14.6447716868,0.26398392032080586,0.26528189157937376,0.0012979712585678982,14.910058568664443,0.2639889106058746,0.2652868818644425,1,1.0,PASS,eta_fixed_geometric
3048175,14.930053608838676,0.020000030459301005,-0.4746,-0.47460000000006164,0.06757278271527216,1.0088652684374209,1.1233707330888933,0.25994676167062225,14.665976571747903,14.6646760939,0.26407703709077346,0.2653775149386757,0.001300477847902215,14.930058506870616,0.2640819351227126,0.2653824129706148,1,1.0,PASS,eta_fixed_geometric
3109753,14.95005385977952,0.020000250940843782,-0.4746,-0.4746000000000328,0.06748104667259952,1.0088452822696583,1.1232869692277243,0.2597702680735689,14.685884237865979,14.6845809806,0.2641696219135401,0.26547287917951934,0.0013032572659792407,14.950058667254154,0.26417442938817537,0.2654776866541546,1,1.0,PASS,eta_fixed_geometric
3172575,14.970054118953183,0.020000259173662608,-0.4746,-0.4745999999999517,0.06738956389823711,1.0088254186092631,1.1232033797632321,0.259594141936883,14.705791984817813,14.7044861345,0.2642621341353699,0.26556798445318286,0.00130585031781294,14.9700588375363,0.26426685271848704,0.2655727030363,1,1.0,PASS,eta_fixed_geometric
3236666,14.990054345626154,0.020000226672971022,-0.4746,-0.4745999999999731,0.06729833351520942,1.008805676763063,1.123119964251898,0.25941838232596937,14.725699907894851,14.7243915141,0.26435443773130274,0.26566283152615355,0.001308393794850815,14.990058976953259,0.26435906905840767,0.2656674628532585,1,1.0,PASS,eta_fixed_geometric
3302051,15.010054348527671,0.020000002901517995,-0.4746,-0.4745999999999874,0.06720735533433292,1.0087860561891482,1.1230367228776401,0.25924298962840997,14.745607970839394,14.7442969278,0.2644463776882766,0.2657574207276703,0.0013110430393936667,15.010058894205159,0.26445092336576437,0.26576196640515803,1,1.0,PASS,eta_fixed_geometric
3368757,15.030054391559363,0.020000043031692023,-0.4746,-0.47459999999997365,0.067116627100842,1.0087665559036625,1.1229536539322496,0.25906796024495654,14.765516257645174,14.7642026372,0.2645381339141881,0.26585175435936215,0.001313620445174024,15.030058853163109,0.26454259551793413,0.26585621596310816,1,1.0,PASS,eta_fixed_geometric
3436811,15.050054564503276,0.020000172943911567,-0.4746,-0.4746000000000598,0.06702614736570837,1.0087471751023485,1.122870756440598,0.25889329212090706,14.78542503261861,14.7841087307,0.2646295318846654,0.26594583380327563,0.0013163019186102076,15.050058943579968,0.2646339109613578,0.265950212879968,1,1.0,PASS,eta_fixed_geometric
3506240,15.070054796199166,0.02000023169589061,-0.4746,-0.47460000000006747,0.06693591541531035,1.0087279131424796,1.1227880300985178,0.2587189846154664,14.805334054215782,14.8040151364,0.2647207419833837,0.26603965979916566,0.0013189178157819725,15.070059094267494,0.2647250400517116,0.2660439578674936,1,1.0,PASS,eta_fixed_geometric
3577071,15.09005486707967,0.020000070880504314,-0.4746,-0.4745999999999777,0.06684593120511433,1.0087087695262082,1.122705475214337,0.25854503837830345,14.825243199293677,14.8239216345,0.2648116677859935,0.26613323257967103,0.00132156479367751,15.09005908563141,0.26481588633773256,0.2661374511314101,1,1.0,PASS,eta_fixed_geometric
3649333,15.110054969133708,0.02000010205403884,-0.4746,-0.4746000000000305,0.06675619284150133,1.0086897433651754,1.1226230903983707,0.25837145048116905,14.845152591884233,14.8438284153,0.2649023772494754,0.2662265538337074,0.0013241765842320063,15.110059109632564,0.2649065177483312,0.2662306943325632,1,1.0,PASS,eta_fixed_geometric
3723055,15.130055125778235,0.020000156644525736,-0.4746,-0.47460000000008523,0.06666669919930522,1.0086708339391637,1.122540874962514,0.25819821947427746,14.865062287712977,14.8637355009,0.26499283806525753,0.2663196248782338,0.001326786812976266,15.130059189661038,0.26499690194806114,0.2663236887610374,1,1.0,PASS,eta_fixed_geometric
3798266,15.150055204763408,0.020000078985173374,-0.4746,-0.47459999999996094,0.06657744985391054,1.0086520406791122,1.1224588288602648,0.25802534525974485,14.884972133123714,14.8836427587,0.2650830716396939,0.2664124460634074,0.001329374423713503,15.150059193441187,0.2650870603174731,0.2664164347411866,1,1.0,PASS,eta_fixed_geometric
3874997,15.170055446575736,0.02000024181232855,-0.4746,-0.47459999999994096,0.06648844272342125,1.0086333626707753,1.1223769505193006,0.25785282452447505,14.90488242120954,14.9035504269,0.26517302536619525,0.26650501967573526,0.0013319943095400077,15.170059361432795,0.2651769402232542,0.26650893453279423,1,1.0,PASS,eta_fixed_geometric
3953278,15.190055666140472,0.020000219564734956,-0.4746,-0.4746000000000471,0.06639967762936644,1.0086147994038583,1.1222952401149975,0.2576806576379801,14.924792877814838,14.9234583205,0.265262788325634,0.2665973456404718,0.001334557314837781,15.190059508536454,0.2652666307216158,0.2666011880364536,1,1.0,PASS,eta_fixed_geometric
4033140,15.210055786865697,0.020000120725225497,-0.4746,-0.47460000000001273,0.0663111539104039,1.0085963502686808,1.122213697377441,0.2575088440316851,14.944703624026946,14.943366362,0.2653521628387505,0.2666894248656959,0.001337262026945396,15.210059558135615,0.2653559341086691,0.2666931961356145,1,1.0,PASS,eta_fixed_geometric
4114615,15.230055827570476,0.020000040704778718,-0.4746,-0.47459999999994795,0.06622287048650168,1.0085780145713898,1.1221323216492898,0.2573373823204871,14.964614425726747,14.9632745692,0.265441401843729,0.26678125837047695,0.0013398565267479512,15.23005952902481,0.26544510329806315,0.2667849598248111,1,1.0,PASS,eta_fixed_geometric
4197736,15.25005589029615,0.020000062725673673,-0.4746,-0.47459999999996083,0.06613482591820286,1.0085597915476,1.1220511119390724,0.2571662704152601,14.98452540172525,14.9831830426,0.26553048857089934,0.26687284769614905,0.0013423591252497147,15.250059523221022,0.26553412149577227,0.266876480621022,1,1.0,PASS,eta_fixed_geometric
4282536,15.270055915449808,0.02000002515365828,-0.4746,-0.47459999999990754,0.06604701948505898,1.0085416805856535,1.1219700679157305,0.25699550761852985,15.004436705933852,15.003091722,0.26561920951595575,0.26696419344980704,0.0013449839338512959,15.27005948110798,0.265622775174128,0.2669677591079793,1,1.0,PASS,eta_fixed_geometric
4369049,15.290055923251774,0.020000007801967402,-0.4746,-0.4746000000000611,0.06595945012025356,1.0085236810056128,1.1218891889266933,0.25682509255515723,15.024348237278565,15.0230006264,0.2657076859732097,0.2670552968517743,0.001347610878564609,15.290059422882797,0.265711185604232,0.2670587964827966,1,1.0,PASS,eta_fixed_geometric
4457310,15.31005600302129,0.02000007976951492,-0.4746,-0.47460000000004693,0.06587211646199727,1.0085057920707188,1.1218084740440575,0.25665502327021794,15.044259925168388,15.0429098438,0.26579607785290094,0.2671461592212889,0.0013500813683879898,15.310059437841717,0.265799512673329,0.267149594041717,1,1.0,PASS,eta_fixed_geometric
4547354,15.330056083306518,0.020000080285228577,-0.4746,-0.4745999999999812,0.06578501785726901,1.0084880131932548,1.121727922992571,0.2564852991836826,15.064171970713401,15.0628193021,0.26588411259311684,0.2672367812065186,0.0013526686134017751,15.33005945451084,0.26588748379743876,0.26724015241084054,1,1.0,PASS,eta_fixed_geometric
4639217,15.350056159962556,0.02000007665603601,-0.4746,-0.47460000000001107,0.06569815336307902,1.0084703437290958,1.1216475352271127,0.2563159191468813,15.084084355387786,15.0827289961,0.2659718045747699,0.2673271638625554,0.001355359287785518,15.35005946872338,0.2659751133355943,0.26733047262337983,1,1.0,PASS,eta_fixed_geometric
4732936,15.370056286717942,0.020000126755386552,-0.4746,-0.4745999999999765,0.06561152179118243,1.0084527829876948,1.1215673099731391,0.25614688152790804,15.103996809622007,15.1026389783,0.2660594770959346,0.26741730841794187,0.0013578313220072857,15.370059534186222,0.26606272456421465,0.26742055588622193,1,1.0,PASS,eta_fixed_geometric
4828548,15.390056359315157,0.020000072597215354,-0.4746,-0.4746000000000266,0.06552512264265825,1.008435330421548,1.121487247092419,0.2559781860354241,15.123909603056063,15.122549144,0.26614675625909356,0.2675072153151561,0.001360459056062524,15.390059546621059,0.26614994356499544,0.26751040262105796,1,1.0,PASS,eta_fixed_geometric
4926092,15.4100565338991,0.020000174583942723,-0.4746,-0.47460000000002267,0.06543895429855878,1.0084179852600303,1.121407345406672,0.25580983018682296,15.143822662960849,15.1424596477,0.266233870938251,0.26759688619909916,0.0013630152608481438,15.41005966215161,0.2662369991907614,0.2676000144516095,1,1.0,PASS,eta_fixed_geometric
5025606,15.430056601653103,0.020000067754004158,-0.4746,-0.47460000000000585,0.06535301671840642,1.0084007470537926,1.1213276051989864,0.2556418145785608,15.163735918263507,15.1623702804,0.2663206833895959,0.26768632125310354,0.0013656378635076294,15.430059671941475,0.2663237536779679,0.26768939154147553,1,1.0,PASS,eta_fixed_geometric
5127130,15.450056606403031,0.020000004749927417,-0.4746,-0.4746000000000179,0.06526730877605041,1.0083836151375642,1.1212480257441364,0.2554741376825365,15.183649174375113,15.182281085,0.2664074320279184,0.2677755214030313,0.001368089375112902,15.450059619796413,0.2664104454213003,0.2677785347964132,1,1.0,PASS,eta_fixed_geometric
5230705,15.470056626191687,0.020000019788655787,-0.4746,-0.4746000000000433,0.06518182920642795,1.0083665888221955,1.1211686061851829,0.25530679769315595,15.203562756172618,15.202192138,0.2664938700190689,0.2678644881916874,0.0013706181726185207,15.470059583739395,0.26649682756677784,0.26786744573939636,1,1.0,PASS,eta_fixed_geometric
5336373,15.490056766683253,0.020000140491566332,-0.4746,-0.47460000000005,0.06509657663552834,1.0083496674010808,1.1210893455609305,0.2551397925851618,15.22347695730372,15.2221035439,0.2665798093795324,0.2679532227832535,0.001373413403721102,15.490059669415066,0.26658271211134554,0.26795612551506665,1,1.0,PASS,eta_fixed_geometric
5444175,15.510056787718103,0.020000021034849543,-0.4746,-0.47459999999997365,0.06501155116738953,1.0083328504638527,1.1210102442824998,0.25497312322483473,15.243391003855768,15.2420150624,0.26666578386233475,0.26804172531810266,0.001375941455767915,15.51005963664556,0.26666863278979136,0.2680445742455593,1,1.0,PASS,eta_fixed_geometric
5554155,15.530056854273655,0.020000066555551504,-0.4746,-0.47459999999990826,0.06492675118470954,1.0083161372618186,1.1209313011584847,0.25480678710178695,15.263305411876857,15.261926857,0.2667514423967976,0.26812999727365394,0.0013785548768563416,15.530059650389292,0.2667542385124353,0.26813279338929163,1,1.0,PASS,eta_fixed_geometric
5666357,15.550056964800351,0.02000011052669807,-0.4746,-0.47460000000008123,0.0648421757858591,1.008299527191707,1.120852515660629,0.25464078310284105,15.28321986334311,15.2818389251,0.2668371014572415,0.26821803970035063,0.0013809382431091421,15.550059709078502,0.266839845735392,0.26822078397850113,1,1.0,PASS,eta_fixed_geometric
5780826,15.570057137012784,0.020000172212430865,-0.4746,-0.47460000000002117,0.06475782399291138,1.0082830196382475,1.1207738871873179,0.25447510996062467,15.303134789702472,15.3017512835,0.2669223473103113,0.2683058535127838,0.0013835062024725175,15.570059830409857,0.26692504070738465,0.26830854690985717,1,1.0,PASS,eta_fixed_geometric
5897607,15.590057233380431,0.020000096367648212,-0.4746,-0.47459999999993707,0.0646736954857897,1.008266614117679,1.1206954157487024,0.25430976769641456,15.323049844403148,15.3216637942,0.2670073889772837,0.2683934391804321,0.0013860502031484145,15.590059876835628,0.26701003243248067,0.2683960826356291,1,1.0,PASS,eta_fixed_geometric
6016747,15.610057305786475,0.02000007240604266,-0.4746,-0.47459999999999036,0.06458978914957388,1.0082503099935136,1.120617100612179,0.25414475476650117,15.342965070605812,15.3415765082,0.2670922351806624,0.26848079758647536,0.0013885624058129764,15.610059900221623,0.2670948296158109,0.26848339202162386,1,1.0,PASS,eta_fixed_geometric
6138294,15.63005741135295,0.020000105566476765,-0.4746,-0.4745999999999088,0.06450610385459063,1.0082341066299474,1.1205389410286983,0.25398006959275493,15.362880592439659,15.3614894812,0.2671768189132919,0.2685679301529511,0.0013911112396591818,15.630059957672819,0.26717936523315977,0.26857047647281895,1,1.0,PASS,eta_fixed_geometric
6262296,15.650057448994385,0.020000037641435292,-0.4746,-0.47460000000000785,0.0644226391378639,1.0082180035234043,1.1204609368700555,0.25381571190487473,15.382796164255836,15.3814026118,0.2672612847385487,0.26865483719438465,0.0013935524558359447,15.65005994808736,0.26726378383152394,0.2686573362873599,1,1.0,PASS,eta_fixed_geometric
6388803,15.670057484862735,0.0200000358683484,-0.4746,-0.4746000000000504,0.06433939384157217,1.0082020000386593,1.1203830873569187,0.2536516800609059,15.402712049633713,15.4013159648,0.26734543522902143,0.26874152006273455,0.0013960848337131182,15.670059937600742,0.2673478879670288,0.2687439728007419,1,1.0,PASS,eta_fixed_geometric
6517866,15.690057579714802,0.02000009485206838,-0.4746,-0.4746000000000741,0.06425636683790689,1.008186095550036,1.1203053917354686,0.2534879724725028,15.422628430567526,15.4212296,0.2674291491472758,0.26882797971480166,0.0013988305675258772,15.690059986953612,0.26743155638608584,0.2688303869536117,1,1.0,PASS,eta_fixed_geometric
6649536,15.710057635761597,0.02000005604679486,-0.4746,-0.4746000000000842,0.06417355766199451,1.0081702895618039,1.1202278498702685,0.2533245888542923,15.442544652676633,15.441143419,0.2675129830849645,0.26891421676159766,0.0014012336766331401,15.71005999834148,0.26751534566484736,0.2689165793414805,1,1.0,PASS,eta_fixed_geometric
6783866,15.730057703900306,0.020000068138707548,-0.4746,-0.47460000000002805,0.06409096523617511,1.008154581463703,1.12015046105053,0.25316152770864486,15.462461435872425,15.4610574716,0.26759626802788006,0.26900023230030534,0.0014039642724252843,15.730060022645992,0.2675985867735662,0.26900255104599147,1,1.0,PASS,eta_fixed_geometric
6920910,15.75005782183828,0.02000011793797356,-0.4746,-0.4745999999999468,0.0640085885438916,1.008138970660548,1.1200732246203435,0.2529987876535124,15.4823781462986,15.4809717945,0.26767967553967864,0.2690860273382789,0.0014063517986002694,15.750060097559262,0.26768195126066097,0.26908830305926124,1,1.0,PASS,eta_fixed_geometric
7060722,15.770057870529536,0.02000004869125764,-0.4746,-0.47459999999993413,0.06392642721792488,1.0081234566828698,1.1199961405309162,0.2528363685860364,15.502295182078628,15.5008862682,0.2677626884509081,0.26917160232953563,0.0014089138786275157,15.770060104020686,0.26776492194205836,0.2691738358206859,1,1.0,PASS,eta_fixed_geometric
7203359,15.790058002973812,0.02000013244427604,-0.4746,-0.4746000000000246,0.06384447977731939,1.0081080388535617,1.1199192076867837,0.252674268198014,15.52221254041008,15.5208010443,0.26784546256373076,0.26925695867381094,0.0014114961100801793,15.79006019501508,0.26784765460499926,0.26925915071507944,1,1.0,PASS,eta_fixed_geometric
7348877,15.810058070399927,0.020000067426114897,-0.4746,-0.4745999999999925,0.0637627459838325,1.0080927167325515,1.1198424261567852,0.2525124866346125,15.54212992888094,15.5407159737,0.26792814151898803,0.26934209669992804,0.0014139551809400075,15.810060221757233,0.26793029287629366,0.26934424805723367,1,1.0,PASS,eta_fixed_geometric
7497335,15.830058182027358,0.020000111627430504,-0.4746,-0.47459999999995484,0.06368122454719768,1.008077489684888,1.1197657950201894,0.2523510219557538,15.562047822193758,15.5606311643,0.26801035983359967,0.26942701772735766,0.0014166578937579999,15.830060293452323,0.2680124712585652,0.2694291291523232,1,1.0,PASS,eta_fixed_geometric
7648792,15.850058284837127,0.020000102809769698,-0.4746,-0.47460000000008,0.06359991484498695,1.008062357203721,1.1196893139816977,0.2521898735391435,15.581965562875235,15.5805465624,0.26809272196189227,0.2695117224371266,0.0014190004752343555,15.850060357067665,0.26809479419243054,0.2695137946676649,1,1.0,PASS,eta_fixed_geometric
7803308,15.87005830431785,0.020000019480721772,-0.4746,-0.4745999999999879,0.06351881634401581,1.0080473188007884,1.1196129828285475,0.25202904093668466,15.601883549926638,15.600462093,0.26817475439121097,0.2695962113178485,0.001421456926637532,15.870060338078446,0.26817678815180734,0.2695982450784449,1,1.0,PASS,eta_fixed_geometric
7960946,15.890058394980256,0.020000090662407294,-0.4746,-0.47459999999990116,0.06343792758735393,1.0080323738195829,1.1195368004767159,0.251868521864182,15.621802037850408,15.6203779091,0.2682563571298484,0.26968048588025617,0.0014241287504077604,15.890060390981786,0.2682583531313778,0.26968248188178556,1,1.0,PASS,eta_fixed_geometric
8121768,15.910058422427403,0.020000027447147233,-0.4746,-0.4746000000000749,0.06335724829287764,1.0080175218239222,1.119460766946344,0.2517083163639386,15.64172049295506,15.6402938761,0.26833792947234336,0.2697645463274032,0.001426616855059848,15.910060381367918,0.26833988841285894,0.2697665052679188,1,1.0,PASS,eta_fixed_geometric
8285839,15.930058471066243,0.02000004863883847,-0.4746,-0.4746000000000915,0.06327677729798445,1.0080027622175294,1.1193848814263014,0.25154842272709316,15.66163923875424,15.660210077,0.26841923231200226,0.2698483940662424,0.001429161754240127,15.930060393630802,0.2684211548765614,0.2698503166308015,1,1.0,PASS,eta_fixed_geometric
8453225,15.950058583325658,0.020000112259415732,-0.4746,-0.4746000000000147,0.06319651361618,1.0079880944400088,1.1193091432691653,0.2513888395894682,15.68155817604739,15.6801265533,0.2685004072782675,0.26993203002565913,0.0014316227473916143,15.950060470186646,0.26850229413925497,0.2699339168866466,1,1.0,PASS,eta_fixed_geometric
8623992,15.9700586444867,0.020000061161042717,-0.4746,-0.4746000000000046,0.06311645689525341,1.007973518049414,1.1192335524244077,0.2512295668445144,15.701477311590287,15.70004319,0.2685813328964137,0.2700154544866997,0.0014341215902859972,15.970060496304336,0.26858318471404985,0.27001730630433585,1,1.0,PASS,eta_fixed_geometric
8798209,15.990058736007601,0.020000091520901007,-0.4746,-0.4746000000000662,0.06303660600030751,1.0079590324634864,1.1191581081010336,0.251070602825573,15.721396925389335,15.7199600672,0.26866181061826566,0.27009866880760036,0.0014368581893346999,15.990060553429824,0.26866362804048904,0.27010048622982374,1,1.0,PASS,eta_fixed_geometric
8975945,16.01005877927486,0.020000043267259873,-0.4746,-0.47460000000003194,0.06295696044067442,1.0079446372196796,1.1190828101146864,0.25091194714428644,15.741316421318357,15.739877106,0.26874235795650314,0.27018167327486076,0.0014393153183576146,16.010060562937813,0.2687441416194556,0.2701834569378132,1,1.0,PASS,eta_fixed_geometric
9157272,16.03005887570026,0.020000096425396487,-0.4746,-0.4746000000000431,0.06287751901255093,1.0079303317291537,1.1190076576052084,0.25075359798819546,15.761235924142664,15.7597944065,0.2688229515575955,0.27026446920026004,0.001441517642664536,16.030060626228217,0.26882470208555276,0.2702662197282173,1,1.0,PASS,eta_fixed_geometric
9342262,16.05005896503735,0.020000089337094948,-0.4746,-0.47459999999999136,0.06279828116010899,1.0079161155227436,1.1189326503232162,0.2505955548318971,15.781156065397974,15.7797119078,0.26890289963937697,0.27034705723735186,0.0014441575979748933,16.050060683043192,0.26890461764521767,0.27034877524319256,1,1.0,PASS,eta_fixed_geometric
9530989,16.070059047790465,0.02000008275311119,-0.4746,-0.47459999999998675,0.06271924608947962,1.0079019880908389,1.11885778779265,0.2504378166722573,15.801076320888312,15.7996296096,0.26898272690215386,0.2704294381904653,0.0014467112883114197,16.070060733875795,0.2689844129874839,0.2704311242757953,1,1.0,PASS,eta_fixed_geometric
9723528,16.090059073544463,0.020000025753999316,-0.4746,-0.47460000000006053,0.06264041321140709,1.0078879489627752,1.11878306972967,0.25028038291119836,15.820996772914034,15.8195474609,0.2690623006304289,0.2705116126444622,0.0014493120140333104,16.09006072829989,0.2690639553858549,0.27051326739988824,1,1.0,PASS,eta_fixed_geometric
9919957,16.11005914457424,0.020000071029778063,-0.4746,-0.4745999999999976,0.06256178133917746,1.0078739975640698,1.1187084952823014,0.2501232517536916,15.840917090601131,15.8394655628,0.2691420539731091,0.2705935817742411,0.001451527801132002,16.11006076857934,0.26914367797821015,0.27059520577934215,1,1.0,PASS,eta_fixed_geometric
10120354,16.130059201448955,0.020000056874712128,-0.4746,-0.4746000000000194,0.062483349927607304,1.007860133437157,1.1186340642049906,0.24996642268222866,15.860838158376662,15.8593838552,0.26922104307229233,0.27067534624895373,0.0014543031766613979,16.13006079527273,0.2692226368960675,0.2706769400727289,1,1.0,PASS,eta_fixed_geometric
10324799,16.15005922930953,0.020000027860577755,-0.4746,-0.4745999999999971,0.06240511825906654,1.0078463560959903,1.118559776087131,0.24980989483171473,15.880759206767964,15.8793023226,0.26930002254156626,0.270756906709531,0.0014568841679647448,16.15006079351052,0.26930158674255544,0.2707584709105202,1,1.0,PASS,eta_fixed_geometric
10533374,16.17005925064107,0.020000021331540527,-0.4746,-0.47460000000008085,0.0623270854738598,1.0078326650320835,1.1184856303815855,0.2496536670492317,15.900680056462267,15.8992209866,0.2693791941788035,0.27083826404107114,0.0014590698622676257,16.1700607857675,0.26938072930523305,0.27083979916750067,1,1.0,PASS,eta_fixed_geometric
10746163,16.19005931859063,0.020000067949558973,-0.4746,-0.47459999999992375,0.06224925059801169,1.0078190597196226,1.1184116264304957,0.2494977379488301,15.920601964583708,15.9191398992,0.2694573540069225,0.2709194193906317,0.001462065383709188,16.19006082518055,0.2694588605968402,0.2709209259805494,1,1.0,PASS,eta_fixed_geometric
10963250,16.210059328373685,0.02000000978305319,-0.4746,-0.4745999999999762,0.06217161327592835,1.0078055397435035,1.1183377641625214,0.24934210737995643,15.940523202211338,15.9390589553,0.2695361261623468,0.27100037307368474,0.001464246911337952,16.210060806955383,0.26953760474404476,0.2710018516553827,1,1.0,PASS,eta_fixed_geometric
11184723,16.230059387289018,0.020000058915333855,-0.4746,-0.47459999999997793,0.062094172331684495,1.007792104547798,1.1182640427242627,0.24918677354460222,15.96044494128194,15.9589782611,0.2696144460070773,0.27108112618901714,0.00146668018193985,16.230060838380908,0.2696158970989675,0.27108257728090734,1,1.0,PASS,eta_fixed_geometric
11410670,16.250059440534965,0.020000053245947808,-0.4746,-0.4745999999999837,0.06201692722277761,1.0077787536894671,1.118190461863306,0.24903173591089364,15.98036672190935,15.9788977611,0.26969271862561506,0.2711616794349645,0.00146896080934944,16.250060864645985,0.2696941427366344,0.27116310354598383,1,1.0,PASS,eta_fixed_geometric
11641181,16.2700594556019,0.02000001506693339,-0.4746,-0.47460000000008645,0.06193987732269429,1.007765486712924,1.1181170212459959,0.2488769937757572,16.000289392508392,15.9988174221,0.2697700630935067,0.271242033501899,0.001471970408392309,16.270060853231648,0.26977146072325553,0.27124343113164784,1,1.0,PASS,eta_fixed_geometric
11876349,16.29005950143299,0.0200000458310887,-0.4746,-0.4745999999999672,0.061863021618165856,1.007752303098357,1.1180437201682414,0.24872254565581445,16.020211611730012,16.0187373122,0.2698478897029766,0.2713221892329898,0.0014742995300132122,16.29006087307177,0.2698492613417578,0.271323560871771,1,1.0,PASS,eta_fixed_geometric
12116268,16.31005957039602,0.02000006896303449,-0.4746,-0.4745999999999479,0.06178635939561148,1.007739202380321,1.1179705582099384,0.24856839066572134,16.040134149721016,16.0386574228,0.2699254206750048,0.2714021475960209,0.0014767269210160805,16.310060916525117,0.269926766804101,0.2714034937251171,1,1.0,PASS,eta_fixed_geometric
12361033,16.330059582553314,0.020000012157293,-0.4746,-0.4745999999999623,0.06170989022108232,1.0077261841430984,1.1178975352164437,0.24841452847967366,16.060057098090176,16.0585776737,0.2700024844631379,0.271481908853314,0.0014794243901761206,16.33006090364524,0.27000380555506354,0.27148322994523966,1,1.0,PASS,eta_fixed_geometric
12610743,16.35005962769618,0.020000045142864534,-0.4746,-0.47460000000004554,0.061633613014856925,1.007713247863262,1.1178246504150031,0.2482609574694307,16.079979923818243,16.0784981534,0.27007970387793634,0.2715614742961776,0.0014817704182412683,16.350060924214624,0.27008100039638094,0.2715627708146222,1,1.0,PASS,eta_fixed_geometric
12865497,16.37005963489893,0.020000007202750945,-0.4746,-0.4745999999999701,0.061557527315078395,1.007700393124753,1.1177519036213097,0.2481076772467702,16.09990334245345,16.0984187906,0.2701562924454777,0.2716408442989291,0.0014845518534514213,16.370060907299127,0.2701575648456753,0.27164211669912675,1,1.0,PASS,eta_fixed_geometric
13125398,16.390059689791727,0.020000054892797412,-0.4746,-0.4745999999999408,0.061481632067599185,1.0076876194137638,1.1176792940833815,0.24795468622713063,16.119826273294787,16.1183396698,0.2702334164969393,0.2717200199917258,0.0014866034947864648,16.39006093852041,0.27023466522562245,0.2717212687204089,1,1.0,PASS,eta_fixed_geometric
13390549,16.410059717573674,0.020000027781945734,-0.4746,-0.4746000000000505,0.06140592683176869,1.0076749263222837,1.1176068216343316,0.24780198405882647,16.139749851217772,16.1382607157,0.2703098663559018,0.27179900187367423,0.0014891355177724108,16.41006094306943,0.27031109185165647,0.2718002273694289,1,1.0,PASS,eta_fixed_geometric
13661057,16.430059788322673,0.02000007074899846,-0.4746,-0.4745999999999696,0.06133041062145232,1.0076623133528415,1.1175344855835865,0.24764956928696588,16.159673705364607,16.1581819974,0.27038608295806554,0.27187779092267306,0.0014917079646075138,16.430060991015917,0.2703872856513101,0.2718789936159176,1,1.0,PASS,eta_fixed_geometric
13937029,16.450059812891617,0.020000024568945885,-0.4746,-0.4746000000000288,0.061255083055803704,1.0076497801116147,1.1174622858188752,0.24749744167481683,16.179597780203043,16.1781034254,0.27046203268857383,0.2719563874916169,0.001494354803043052,16.45006099320494,0.27046321300189646,0.2719575678049395,1,1.0,PASS,eta_fixed_geometric
14218576,16.470059836677983,0.020000023786365718,-0.4746,-0.4745999999999617,0.06117994324942452,1.007637326122585,1.117390221742964,0.24734559996412467,16.19952178578783,16.198025044,0.2705380508901527,0.2720347926779816,0.0014967417878288813,16.470060995026117,0.27053920923828656,0.27203595102611544,1,1.0,PASS,eta_fixed_geometric
14505811,16.490059885729206,0.020000049051221446,-0.4746,-0.4745999999999344,0.0611049903946906,1.0076249509253559,1.11731829283143,0.2471940430498235,16.219446083874487,16.2179468786,0.2706138018547186,0.2721130071292066,0.0014992052744879913,16.490061022519214,0.2706149386447265,0.2721141439192145,1,1.0,PASS,eta_fixed_geometric
14798848,16.510059897866984,0.02000001213777891,-0.4746,-0.4746000000000236,0.06103022401796403,1.0076126541168264,1.1172464988788626,0.24704277049906614,16.239370573431824,16.2378688664,0.27068932443516047,0.27219103146698487,0.0015017070318243952,16.510061013498483,0.27069044006665877,0.27219214709848316,1,1.0,PASS,eta_fixed_geometric
15097805,16.530059926980336,0.020000029113353388,-0.4746,-0.4746000000000811,0.060955643214602014,1.0076004352250036,1.1171748392645606,0.2468917810040889,16.259295102063398,16.2577910605,0.2707648249169381,0.272268866480335,0.0015040415633968962,16.53006102184552,0.2707659197821215,0.2722699613455184,1,1.0,PASS,eta_fixed_geometric
15402801,16.55005993396201,0.020000006981674732,-0.4746,-0.4746000000000197,0.06088124743102404,1.0075882938378187,1.1171033137034607,0.24674107396429806,16.2792204287297,16.277713421,0.2708395052323098,0.2723465129620095,0.0015070077296996942,16.55006100844587,0.27084057971616815,0.27234758744586784,1,1.0,PASS,eta_fixed_geometric
15713959,16.57005998357615,0.020000049614140102,-0.4746,-0.4745999999999575,0.06080703573080941,1.0075762294829702,1.1170319215409703,0.2465906480003809,16.299145123322745,16.2976360117,0.2709148602534057,0.27242397187615097,0.0015091116227452517,16.5700610380565,0.27091591473375587,0.2724250263565011,1,1.0,PASS,eta_fixed_geometric
16031403,16.590060044149425,0.02000006057327174,-0.4746,-0.4745999999999746,0.06073300753994787,1.007564241749515,1.1169606624693764,0.24644050246393318,16.319070552292693,16.3175588005,0.2709894918567315,0.2725012436494261,0.0015117517926945823,16.59006107899716,0.2709905267044661,0.2725022784971607,1,1.0,PASS,eta_fixed_geometric
16355259,16.61006005496497,0.020000010815545526,-0.4746,-0.4745999999999526,0.06065916239386372,1.007552330245949,1.1168895362851348,0.24629063692614084,16.338995666691524,16.3374817261,0.2710643882734445,0.27257832886497013,0.0015139405915256532,16.61006107054418,0.2710654038526563,0.27257934444418197,1,1.0,PASS,eta_fixed_geometric
16685658,16.630060106009726,0.02000005104475726,-0.4746,-0.47460000000002533,0.060585499274872015,1.0075404944937303,1.1168185422505696,0.24614104983262414,16.358921390477125,16.3574048774,0.2711387155326008,0.27265522860972524,0.001516513077124415,16.63006110267771,0.2711397122005863,0.2726562252777107,1,1.0,PASS,eta_fixed_geometric
17022731,16.65006012652182,0.02000002051209321,-0.4746,-0.47460000000000313,0.06051201776188304,1.0075287341125088,1.1167476802011693,0.24599174083684905,16.3788469957071,16.3773281832,0.27121313081471854,0.27273194332181916,0.0015188125071006198,16.650061104629334,0.2712141089222335,0.27273292142933414,1,1.0,PASS,eta_fixed_geometric
17366613,16.67006012783958,0.02000000131775853,-0.4746,-0.474600000000055,0.06043871713415322,1.0075170486758225,1.1166769496824145,0.24584270898103872,16.39877358616661,16.3972516541,0.2712865416729713,0.2728084737395804,0.0015219320666091107,16.6700610877309,0.2712875015642915,0.2728094336309006,1,1.0,PASS,eta_fixed_geometric
17717442,16.690060136061643,0.020000008222062965,-0.4746,-0.47460000000001323,0.06036559662086106,1.0075054377514105,1.1166063501897747,0.2456939532022155,16.418699577676353,16.4171762765,0.2713605583852896,0.27288385956164163,0.001523301176352021,16.690061078074663,0.2713615003983101,0.2728848015746621,1,1.0,PASS,eta_fixed_geometric
18075359,16.710060187499277,0.020000051437633986,-0.4746,-0.47460000000005775,0.06029265541831817,1.007493900904251,1.1165358811853638,0.24554547236693988,16.438625506082666,16.4371001916,0.2714346814166113,0.2729599958992779,0.0015253144826665732,16.710061111965622,0.27143560588295657,0.27296092036562314,1,1.0,PASS,eta_fixed_geometric
18440506,16.730060216063315,0.020000028564038583,-0.4746,-0.4745999999999939,0.060219893099580785,1.0074824377608822,1.1164655424937548,0.2453972661056813,16.458552186704242,16.4570242667,0.27150802935907237,0.2730359493633152,0.0015279200042428442,16.730061123308545,0.2715089366043024,0.27303685660854526,1,1.0,PASS,eta_fixed_geometric
18813029,16.750060219679348,0.020000003616034913,-0.4746,-0.47460000000001573,0.060147309006660474,1.007471047913225,1.1163953337151908,0.24524933357603662,16.47847903840395,16.4769484991,0.27158118127539765,0.2731117205793474,0.0015305393039497517,16.750061110023008,0.2715820716190578,0.27311261092300754,1,1.0,PASS,eta_fixed_geometric
19193078,16.770060251161418,0.02000003148206816,-0.4746,-0.4746000000000351,0.060074902286349895,1.0074597309247226,1.1163252542594309,0.2451016735343916,16.4984058913142,16.4968729408,0.27165435984721853,0.2731873103614184,0.0015329505141998823,16.77006112491711,0.27165523360291033,0.2731881841171102,1,1.0,PASS,eta_fixed_geometric
19580804,16.790060256532083,0.020000005370665763,-0.4746,-0.4745999999999188,0.060002672475820265,1.0074484864219813,1.1162553039125274,0.2449542855300195,16.51833228779261,16.5167975372,0.2717279687394729,0.27326271933208446,0.0015347505926115446,16.790061114007656,0.2717288262150461,0.27326357680765767,1,1.0,PASS,eta_fixed_geometric
19976363,16.810060282582807,0.020000026050725338,-0.4746,-0.4746000000000267,0.05993061875103463,1.0074373139773796,1.1161854821095714,0.2448071683724501,16.538260913377506,16.5367223343,0.2717993692053007,0.27333794828280844,0.0015385790775077623,16.810061124080388,0.27180021070288163,0.2733387897803894,1,1.0,PASS,eta_fixed_geometric
20379913,16.83006031685867,0.02000003427586305,-0.4746,-0.474599999999922,0.059858740505518857,1.0074262131990737,1.1161157884946735,0.2446603213120367,16.558188057559452,16.5566473191,0.27187225929921865,0.273412997758669,0.0015407384594503526,16.83006114267481,0.27187308511535946,0.2734138235748098,1,1.0,PASS,eta_fixed_geometric
20791615,16.85006033839482,0.0200000215361482,-0.4746,-0.4745999999999649,0.059787037166086715,1.0074151837024148,1.1160462227431536,0.2445137436644799,16.57811528578883,16.5765724699,0.27194505260598945,0.27348786849481854,0.0015428158888290966,16.850061148820615,0.27194586303178525,0.27348867892061435,1,1.0,PASS,eta_fixed_geometric
21211634,16.87006036270599,0.020000024311168596,-0.4746,-0.47459999999995184,0.05971550803172668,1.0074042250848834,1.1159767844048532,0.24436743448138415,16.59804279812646,16.5964978016,0.27201756457952797,0.27356256110598665,0.0015449965264586751,16.870061158027138,0.27201835990067735,0.27356335642713603,1,1.0,PASS,eta_fixed_geometric
21640138,16.890060389001704,0.020000026295715602,-0.4746,-0.47459999999994074,0.05964415246327598,1.007393336955556,1.115907473088262,0.24422139293779305,16.617970524841166,16.6164233128,0.27208986416053804,0.2736370762017053,0.0015472120411672563,16.89006116949863,0.2720906446574638,0.27363785669863105,1,1.0,PASS,eta_fixed_geometric
22077298,16.910060398696555,0.02000000969484945,-0.4746,-0.4746000000000076,0.05957296988798448,1.0073825189355488,1.1158382884650762,0.24407561834191802,16.637899091695427,16.6363489842,0.2721613070011273,0.2737114144965531,0.0015501074954258343,16.910061164644507,0.27216207294907946,0.2737121804445053,1,1.0,PASS,eta_fixed_geometric
22523290,16.930060442927658,0.020000044231104963,-0.4746,-0.4746000000000088,0.059501959488370545,1.0073717706107461,1.11576922996765,0.24393010949778318,16.657827310427088,16.6562748661,0.27223313250057046,0.2737855768276596,0.0015524443270891197,16.930061194596764,0.2722338841696761,0.2737863284967652,1,1.0,PASS,eta_fixed_geometric
22978291,16.950060458602835,0.020000015675176785,-0.4746,-0.4746000000000526,0.059431120855957684,1.0073610916310145,1.1157002974247392,0.24378486604451408,16.677756058477637,16.6762008951,0.2723044001251971,0.27385956350283536,0.00155516337763828,16.950061196258265,0.27230513778062715,0.27386030115826543,1,1.0,PASS,eta_fixed_geometric
23442484,16.970060489754623,0.020000031151786942,-0.4746,-0.4746000000000019,0.059360453205173226,1.0073504815910383,1.1156314902969318,0.2436398868456201,16.69768402539023,16.6961271143,0.2723764643643918,0.2739333754546216,0.0015569110902298178,16.970061213656628,0.2723771882663968,0.2739340993566266,1,1.0,PASS,eta_fixed_geometric
23916054,16.990060506883044,0.020000017128420228,-0.4746,-0.47459999999996744,0.05928995601393433,1.0073399401271785,1.1155628082999538,0.24349517130206855,16.717612651148773,16.7160534938,0.27244785573427066,0.2740070130830432,0.001559157348772544,16.990061217287078,0.2724485661383049,0.27400772348707747,1,1.0,PASS,eta_fixed_geometric
24399191,17.010060533976063,0.020000027093019426,-0.4746,-0.47460000000008207,0.05921962857438351,1.007329466849842,1.1154942509672912,0.24335071843082845,16.737542282806764,16.7359800567,0.2725182511692985,0.2740804772760619,0.0015622261067633758,17.010061231132834,0.27251894832606993,0.2740811744328333,1,1.0,PASS,eta_fixed_geometric
24892088,17.030060559937372,0.02000002596131148,-0.4746,-0.47459999999995145,0.05914947030545827,1.0073190613901717,1.115425817954492,0.24320652750632918,16.757471682515686,16.7559067914,0.27258887742168625,0.2741537685373707,0.0015648911156844747,17.030061244092966,0.27258956157728065,0.2741544526929651,1,1.0,PASS,eta_fixed_geometric
25394942,17.05006057830072,0.020000018363344835,-0.4746,-0.4746000000000261,0.05907948061259634,1.0073087233793105,1.1153575089029018,0.24306259777264097,16.77740168442586,16.7758336907,0.2726588938748584,0.2742268876007188,0.0015679937258603616,17.05006124969667,0.2726595652708106,0.27422755899667095,1,1.0,PASS,eta_fixed_geometric
25907954,17.070060583770015,0.02000000546929549,-0.4746,-0.474599999999974,0.05900965889995492,1.007298452449834,1.1152893234511645,0.24291892846854365,16.79733114411462,16.7957607489,0.27272943965539653,0.2742998348700141,0.0015703952146175482,17.070061242643394,0.2727300985287755,0.27430049374339305,1,1.0,PASS,eta_fixed_geometric
26431330,17.09006060691862,0.020000023148606452,-0.4746,-0.4745999999999607,0.05894000444975838,1.0072882482184238,1.1152212611176018,0.24277551857903776,16.817259515144496,16.8156879957,0.2728010917741237,0.2743726112186202,0.0015715194444965164,17.090061253502096,0.27280173835760024,0.27437325780209676,1,1.0,PASS,eta_fixed_geometric
26965279,17.11006063344572,0.020000026527098744,-0.4746,-0.4745999999999531,0.05887051670396206,1.0072781103270698,1.1151533215751614,0.24263236741502914,16.837190511015613,16.8356154162,0.2728701224301062,0.27444521724572013,0.0015750948156139088,17.110061267967662,0.27287075695204877,0.2744458517676627,1,1.0,PASS,eta_fixed_geometric
27510014,17.13006064180648,0.020000008360761434,-0.4746,-0.47460000000000424,0.058801195132095405,1.0072680384234902,1.1150855045226213,0.2424894743418043,16.857119702813993,16.8555429884,0.2729409389924875,0.2745176534064804,0.0015767144139928746,17.13006126449105,0.2729415616770581,0.27451827609105095,1,1.0,PASS,eta_fixed_geometric
28065754,17.150060672201004,0.02000003039452292,-0.4746,-0.47459999999991975,0.058732038992678724,1.0072580321265152,1.1150178094509766,0.2423468382869702,16.877050724561567,16.8754707517,0.2730099476394372,0.27458992050100406,0.0015799728615668585,17.15006128326819,0.2730105587066234,0.27459053156819024,1,1.0,PASS,eta_fixed_geometric
28632720,17.170060677800844,0.020000005599842396,-0.4746,-0.47459999999993785,0.05866304784835273,1.0072480911009507,1.1149502361476886,0.24220445880257832,16.896980721462175,16.8953986587,0.27307995633866966,0.27466201910084465,0.001582062762174985,17.170061277466587,0.2730805560044125,0.2746626187665875,1,1.0,PASS,eta_fixed_geometric
29211140,17.19006070133259,0.020000023531745625,-0.4746,-0.4745999999999197,0.05859422095530799,1.0072382149690384,1.1148827840988147,0.24206233480580305,16.916911365391115,16.9153267515,0.2731493359414756,0.2747339498325907,0.001584613891115083,17.190061289808813,0.27314992441769803,0.2747345383088131,1,1.0,PASS,eta_fixed_geometric
29801245,17.210060729126425,0.02000002779383366,-0.4746,-0.47459999999997937,0.05852555776742656,1.0072284033834078,1.1148154529827856,0.24192046561902783,16.93684136211053,16.9352550159,0.2732193670158942,0.27480571322642433,0.0015863462105301096,17.210061306621135,0.27321994451060405,0.27480629072113416,1,1.0,PASS,eta_fixed_geometric
30403271,17.230060759272337,0.02000003014591274,-0.4746,-0.47460000000005687,0.05845705770079216,1.0072186559929377,1.1147482424397468,0.24177885048405615,16.95677264299133,16.9551834492,0.2732881162810088,0.2748773100723376,0.0015891937913288245,17.23006132598969,0.27328868299836273,0.27487787678969156,1,1.0,PASS,eta_fixed_geometric
31017458,17.250060765223935,0.020000005951596542,-0.4746,-0.4746000000000327,0.05838872025836881,1.0072089724605238,1.1146811521939168,0.2416374888198671,16.97670369477518,16.9751120245,0.2733570704487569,0.2749487407239357,0.0015916702751788137,17.250061321364328,0.2733576265891493,0.2749492968643281,1,1.0,PASS,eta_fixed_geometric
31644053,17.270060790005097,0.020000024781161654,-0.4746,-0.4746000000000212,0.05832054470824382,1.0071993524175809,1.114614181737746,0.24149637955697603,16.9966351928097,16.995040784,0.2734255971953985,0.27502000600509646,0.001594408809697967,17.270061335765188,0.27342614295548984,0.2750205517651878,1,1.0,PASS,eta_fixed_geometric
32283306,17.290060812478703,0.020000022473606775,-0.4746,-0.4745999999999422,0.058252530540655774,1.0071897955287112,1.1145473307804818,0.24135552208279773,17.01656570974175,17.0149697061,0.2734951027369519,0.27509110637870293,0.0015960036417510537,17.290061348051527,0.2734956383097753,0.27509164195152636,1,1.0,PASS,eta_fixed_geometric
32935473,17.31006084157518,0.020000029096476326,-0.4746,-0.4746000000000843,0.05818467714609063,1.0071803014462377,1.1144805989322677,0.24121491557574246,17.036498385779947,17.034898799,0.27356245579523275,0.27516204257517884,0.0015995867799460939,17.310061367150183,0.2735629813702367,0.2751625681501828,1,1.0,PASS,eta_fixed_geometric
33600814,17.33006085083046,0.02000000925528072,-0.4746,-0.4745999999999334,0.058116984037760874,1.0071708698411386,1.114413985922567,0.24107455946604103,17.05642967247891,17.0548280358,0.2736311783515504,0.27523281503045993,0.001601636678909557,17.3300613665936,0.273631694114691,0.2752333307936006,1,1.0,PASS,eta_fixed_geometric
34279596,17.350060866326857,0.020000015496396947,-0.4746,-0.4745999999999165,0.05804945055360333,1.007161500361849,1.1143474913074327,0.24093445281806328,17.076360973585984,17.0747574419,0.27369989274087203,0.2753034244268555,0.0016035316859834836,17.35006137246063,0.27370039887464515,0.27530393056062863,1,1.0,PASS,eta_fixed_geometric
34972090,17.37006087276697,0.020000006440112093,-0.4746,-0.474600000000031,0.057982076174374175,1.007152192678291,1.1142811147821499,0.24079459498976485,17.09629299217675,17.0946870014,0.2737678805902206,0.2753738713669698,0.0016059907767491666,17.370061369450507,0.2737683772737576,0.27537436805050675,1,1.0,PASS,eta_fixed_geometric
35678574,17.39006089850969,0.020000025742724723,-0.4746,-0.4745999999999716,0.05791486023653784,1.0071429464420705,1.1142148558985703,0.24065498503703564,17.116226161820453,17.114616742,0.2738347366892384,0.27544415650969256,0.0016094198204541499,17.390061385918784,0.27383522409833105,0.2754446439187852,1,1.0,PASS,eta_fixed_geometric
36399330,17.41006092584416,0.020000027334465948,-0.4746,-0.4745999999999347,0.057847802234475124,1.007133761328396,1.1141487143630584,0.24051562234107482,17.13615808603619,17.1345466455,0.27390283980797037,0.2755142803441615,0.001611440536191111,17.410061404151353,0.27390331811516333,0.27551475865135444,1,1.0,PASS,eta_fixed_geometric
37134646,17.430060946254315,0.020000020410155892,-0.4746,-0.4746000000000328,0.0577809016339967,1.007124637010088,1.114082689852704,0.24037650622144166,17.156089582858744,17.1544767029,0.27397136339557093,0.2755842433543165,0.0016128799587455944,17.430061415628963,0.2739718327702185,0.2755847127289641,1,1.0,PASS,eta_fixed_geometric
37884816,17.450060956532333,0.02000001027801721,-0.4746,-0.47459999999997027,0.0577141578856422,1.0071155731593877,1.1140167820282998,0.24023763596356285,17.176023613048983,17.1744069102,0.27403734348335007,0.2756540463323347,0.0016167028489846302,17.450061417140653,0.27403780409166956,0.2756545069406542,1,1.0,PASS,eta_fixed_geometric
38650141,17.470060981115243,0.020000024582909955,-0.4746,-0.4746000000000321,0.05764757035060701,1.0071065694382355,1.1139509904613258,0.24009901066438713,17.195956451974514,17.1943372914,0.2741045291407289,0.2757236897152424,0.0016191605745135007,17.470061433120357,0.27410498114584314,0.27572414172035664,1,1.0,PASS,eta_fixed_geometric
39430926,17.490060990234404,0.020000009119160507,-0.4746,-0.4746000000000367,0.05758113857334268,1.0070976255349025,1.1138853149030195,0.23996062979985386,17.21588752926851,17.2142678161,0.2741734609658941,0.2757931741344031,0.0016197131685089516,17.49006143379643,0.27417390452792034,0.2757936176964293,1,1.0,PASS,eta_fixed_geometric
40227484,17.510061001577498,0.020000011343094686,-0.4746,-0.4746000000000263,0.05751486194294763,1.0070887411183211,1.113819754950019,0.23982249252004373,17.235821199417277,17.2341985014,0.2742398021602206,0.2758625001774959,0.0016226980172753258,17.510061436853576,0.2742402374362989,0.2758629354535742,1,1.0,PASS,eta_fixed_geometric
41040134,17.53006102392867,0.02000002235117291,-0.4746,-0.4745999999999632,0.05744873988110037,1.0070799158634942,1.1137543102299106,0.23968459804028525,17.25575551248923,17.2541293556,0.27430551143944015,0.27593166832867055,0.0016261568892304012,17.53006145107302,0.27430593858379027,0.27593209547302067,1,1.0,PASS,eta_fixed_geometric
41869200,17.550061031053772,0.02000000712510334,-0.4746,-0.4746000000000162,0.0573827719277368,1.00707114946282,1.113688980486262,0.2395469458201814,17.275687904721455,17.2740603518,0.2743731263323177,0.27600067925377303,0.001627552921455333,17.550061450217775,0.27437354549632076,0.2760010984177761,1,1.0,PASS,eta_fixed_geometric
42715014,17.57006103232152,0.020000001267745236,-0.4746,-0.47459999999996033,0.05731695750755842,1.0070624415947804,1.1136237653473842,0.2394095350766828,17.295622601862824,17.2939914989,0.2744384304586944,0.27606953342151996,0.001631102962825537,17.57006144365374,0.27443884179091427,0.2760699447537398,1,1.0,PASS,eta_fixed_geometric
43577915,17.590061043288962,0.020000010967444554,-0.4746,-0.4746000000000974,0.05725129602785332,1.0070537919373468,1.1135586644232376,0.2392723649878093,17.31555569981241,17.3139228118,0.27450534347655164,0.2761382314889609,0.0016328880124092393,17.5900614469352,0.2745057471227881,0.2761386351351973,1,1.0,PASS,eta_fixed_geometric
44458248,17.610061059516052,0.02000001622708901,-0.4746,-0.4745999999999863,0.05718578696436581,1.0070452001789592,1.113493677390289,0.23913543487208663,17.3354891296329,17.3338542856,0.2745719298831517,0.2762067739160514,0.0016348440328997071,17.610061455619412,0.2745723259865116,0.2762071700194113,1,1.0,PASS,eta_fixed_geometric
45356365,17.630061077488353,0.020000017972299385,-0.4746,-0.4745999999999759,0.05712042979224681,1.0070366660096965,1.113428803923515,0.23899874404450214,17.355424847541848,17.353785916,0.2746362299465055,0.2762751614883534,0.00163893154184791,17.630061466189286,0.27463661864743827,0.2762755501892862,1,1.0,PASS,eta_fixed_geometric
46272625,17.650061091497875,0.020000014009521908,-0.4746,-0.4745999999999764,0.05705522399621541,1.0070281891222976,1.1133640437062011,0.23886229183777236,17.375358566895247,17.373717697,0.27470252460262756,0.27634339449787504,0.0016408698952474765,17.650061472934233,0.2747029060389856,0.2763437759342331,1,1.0,PASS,eta_fixed_geometric
47207395,17.67006111201255,0.02000002051467669,-0.4746,-0.4745999999999173,0.056990169010786504,1.0070197692045213,1.1132993963706648,0.23872607747721136,17.39529248394909,17.3936496384,0.2747686280634625,0.27641147361255136,0.0016428455490888894,17.670061486319618,0.2747690023705296,0.2764118479196185,1,1.0,PASS,eta_fixed_geometric
48161048,17.69006111952542,0.020000007512868626,-0.4746,-0.47460000000000135,0.05692526437046429,1.0070114059586561,1.1132348616475534,0.2385901003951813,17.415226207162767,17.4135817202,0.2748349123626532,0.27647939932542087,0.001644486962767644,17.69006148683598,0.2748352796732121,0.27647976663597973,1,1.0,PASS,eta_fixed_geometric
49133966,17.710061125494956,0.02000000596953834,-0.4746,-0.4746000000000426,0.056860509511514015,1.0070030990757006,1.113170439168703,0.23845435981604043,17.435159883267712,17.4335139533,0.2749012422272443,0.27654717219495595,0.0016459299677116235,17.710061485939327,0.27490160267161556,0.2765475326393272,1,1.0,PASS,eta_fixed_geometric
50126538,17.730061126412057,0.02000000091709783,-0.4746,-0.4746000000000253,0.05679590392131865,1.006994848254806,1.1131061286157107,0.23831885506890993,17.455095479397976,17.4534463336,0.2749656470140813,0.27661479281205814,0.0016491457979768143,17.73006148011814,0.2749660007201662,0.276615146518143,1,1.0,PASS,eta_fixed_geometric
51139162,17.750061141302755,0.020000014890699813,-0.4746,-0.4746000000000366,0.05673144701707849,1.006986653187721,1.1130419295992142,0.2381835853333449,17.4750311992846,17.4733788795,0.2750299420181541,0.2766822618027547,0.0016523197846005644,17.750061488396074,0.27503028911147354,0.2766826088960741,1,1.0,PASS,eta_fixed_geometric
52172242,17.770061148964963,0.020000007662209638,-0.4746,-0.4745999999999603,0.056667138348205935,1.0069785135844769,1.1129778418603773,0.23804855006402603,17.49496662038318,17.4933115694,0.27509452858178207,0.2767495795649637,0.0016550509831816385,17.770061489568715,0.2750948691855335,0.27674992016871514,1,1.0,PASS,eta_fixed_geometric
53226192,17.790061163983882,0.020000015018918103,-0.4746,-0.4745999999999719,0.05660297735124897,1.0069704291423136,1.1129138650269392,0.23791374847649793,17.514901945210298,17.5132444174,0.2751592187735845,0.2768167465838829,0.001657527810298376,17.790061498218982,0.27515955300868455,0.27681708081898293,1,1.0,PASS,eta_fixed_geometric
54301433,17.810061174979516,0.020000010995632776,-0.4746,-0.47459999999990576,0.05653896354861196,1.006962399570716,1.1128499988110645,0.23777917996436349,17.534836922091174,17.5331774114,0.27522425288834285,0.27688376357951583,0.0016595106911729829,17.810061502964626,0.27522458087345214,0.2768840915646251,1,1.0,PASS,eta_fixed_geometric
55398395,17.830061180178706,0.020000005199192143,-0.4746,-0.47459999999999924,0.05647509643413326,1.0069544245770883,1.1127862428955069,0.23764484385905404,17.554773559722637,17.5531105492,0.27528762045606925,0.27695063097870687,0.0016630105226376202,17.830061502030297,0.27528794230765996,0.2769509528302976,1,1.0,PASS,eta_fixed_geometric
56517517,17.850061183463858,0.02000000328514906,-0.4746,-0.47459999999999664,0.056411375485987,1.0069465038682213,1.1127225969462062,0.23751073945682055,17.574709785365243,17.5730438341,0.2753513980986142,0.2770173493638559,0.0016659512652417163,17.85006149929623,0.2753517139309878,0.2770176651962295,1,1.0,PASS,eta_fixed_geometric
57659247,17.870061190776042,0.02000000731218449,-0.4746,-0.4745999999999846,0.05634780017830665,1.006938637151961,1.112659060624063,0.2373768660431239,17.594643553246357,17.5929772716,0.27541763752968507,0.277083919176043,0.0016662816463579588,17.870061500701375,0.27541794745501846,0.2770842291013764,1,1.0,PASS,eta_fixed_geometric
58824042,17.890061206852227,0.020000016076187243,-0.4746,-0.47460000000000696,0.056284369991575815,1.006930824138408,1.1125956335952285,0.23724322291451086,17.614581186579343,17.6129108658,0.27548002027288376,0.27715034105222713,0.0016703207793433705,17.890061510980622,0.2754803244012791,0.2771506451806225,1,1.0,PASS,eta_fixed_geometric
60012367,17.91006121561392,0.020000008761691366,-0.4746,-0.47459999999998526,0.056221084474553124,1.0069230645474476,1.1125323155930789,0.23710980950923377,17.634518159354418,17.6328446002,0.27554305625950093,0.27721661541391995,0.0016735591544190243,17.91006151405343,0.27554335469901403,0.27721691385343306,1,1.0,PASS,eta_fixed_geometric
61224698,17.930061228164778,0.02000001255085881,-0.4746,-0.47460000000000185,0.0561579430921532,1.0069153580901,1.1124691062661485,0.23697662508670045,17.654452509670012,17.6527784853,0.275608718494766,0.2772827428647773,0.0016740243700112956,17.930061521021454,0.2756090113514418,0.2772830357214531,1,1.0,PASS,eta_fixed_geometric
62461519,17.95006122908801,0.02000000092323354,-0.4746,-0.47460000000003943,0.05609494539537266,1.0069077044892878,1.112406005348085,0.23684366908570534,17.67439022601904,17.6727125052,0.27567100306897174,0.2773487238880108,0.0016777208190390525,17.950061516465933,0.2756712904468941,0.27734901126593314,1,1.0,PASS,eta_fixed_geometric
63723326,17.970061238756266,0.02000000966825441,-0.4746,-0.4745999999999222,0.0560320908247249,1.0069001034558596,1.1123430124608251,0.23671094070974197,17.6943253014285,17.6926466798,0.2757359373277666,0.27741455895626643,0.0016786216284998545,17.970061520757575,0.275736219329076,0.27741484095757585,1,1.0,PASS,eta_fixed_geometric
65010623,17.99006124527579,0.02000000651952199,-0.4746,-0.47460000000003044,0.05596937892466761,1.0068925547148182,1.1122801273295326,0.23657843937953105,17.714261688921265,17.7125809966,0.27579955635452436,0.2774802486757899,0.0016806923212655533,17.990061522000744,0.2757998330794784,0.27748052540074397,1,1.0,PASS,eta_fixed_geometric
66323925,18.010061249790386,0.020000004514596575,-0.4746,-0.474600000000001,0.055906809200850026,1.0068850579876536,1.1122173496393166,0.2364461644317665,17.73419936257576,17.7325154563,0.27586188721462435,0.2775457934903862,0.0016839062757618706,18.010061521337366,0.2758621587616048,0.2775460650373667,1,1.0,PASS,eta_fixed_geometric
67663758,18.030061262192387,0.020000012402000323,-0.4746,-0.4745999999999759,0.05584438113395281,1.00687761299439,1.1121546790493153,0.236314115148169,17.75413633536943,17.7524500682,0.275924926822956,0.2776111939923851,0.001686267169429101,18.030061528657953,0.27592519328852205,0.27761146045795115,1,1.0,PASS,eta_fixed_geometric
69030657,18.05006126823541,0.02000000604302343,-0.4746,-0.47459999999998564,0.05578209428228102,1.0068702194656567,1.1120921152955583,0.23618229097252777,17.77407442013133,17.7723848177,0.27598684810407903,0.27767645053540946,0.001689602431330428,18.050061529714327,0.27598710958299577,0.2776767120143262,1,1.0,PASS,eta_fixed_geometric
70425169,18.07006127143984,0.02000000320443175,-0.4746,-0.4745999999999587,0.055719948150834864,1.006862877127037,1.1120296580595652,0.2360506912338284,17.794011511723937,17.7923197076,0.27604975971590306,0.2777415638398395,0.0016918041239364356,18.070061528025118,0.27605001630118053,0.27774182042511697,1,1.0,PASS,eta_fixed_geometric
71847852,18.09006127442656,0.02000000298671776,-0.4746,-0.47459999999996316,0.05565794224973082,1.0068555857061254,1.1119673070270164,0.23591931526975368,17.813949726879905,17.8122547402,0.27611154754665534,0.2778065342265599,0.001694986679904531,18.090061526209475,0.27611179932956986,0.2778067860094744,1,1.0,PASS,eta_fixed_geometric
73299275,18.110061275948482,0.020000001521924597,-0.4746,-0.4745999999999736,0.05559607610332545,1.006848344933519,1.1119050618968946,0.23578816244606166,17.833884745116254,17.8321899137,0.2761765308322275,0.27787136224848297,0.0016948314162554823,18.11006152301861,0.2761767779023572,0.27787160931861266,1,1.0,PASS,eta_fixed_geometric
74780019,18.13006128159184,0.020000005643356727,-0.4746,-0.47460000000002794,0.055534349217078824,1.0068411545389608,1.1118429223481947,0.23565723208636352,17.8538208621481,17.8521252332,0.276240419443738,0.2779360483918403,0.001695628948102268,18.130061524037107,0.2762406618890054,0.2779362908371077,1,1.0,PASS,eta_fixed_geometric
76290676,18.15006128695257,0.02000000536073036,-0.4746,-0.4745999999999869,0.05547276112952421,1.0068340142573449,1.1117808880921751,0.23552652358233925,17.873762214529645,17.8720606937,0.2762990724229262,0.2780005932525711,0.0017015208296449202,18.15006152485925,0.2762993103296054,0.27800083115925034,1,1.0,PASS,eta_fixed_geometric
77831850,18.17006128840767,0.020000001455097574,-0.4746,-0.47459999999990843,0.055411311378856305,1.0068269238248604,1.111718958838857,0.23539603632296358,17.893700172828567,17.8919962912,0.27636111557910326,0.2780649972076681,0.0017038816285648295,18.170061521860447,0.27636134903188037,0.2780652306604452,1,1.0,PASS,eta_fixed_geometric
79404158,18.19006129260441,0.02000000419673934,-0.4746,-0.47459999999998864,0.05534999947388835,1.0068198829756507,1.1116571342677153,0.2352657696327812,17.913639066048958,17.9119320318,0.2764222265554501,0.27812926080440903,0.0017070342489589052,18.190061521686385,0.2764224556374266,0.27812948988638553,1,1.0,PASS,eta_fixed_geometric
81008229,18.21006130006913,0.020000007464720138,-0.4746,-0.47460000000000485,0.0552888249444656,1.0068128914475099,1.1115954140783435,0.2351357228789346,17.933574581518776,17.9318679155,0.2764867185503519,0.27819338456912845,0.0017066660187765592,18.210061524861864,0.27648694334308743,0.278193609361864,1,1.0,PASS,eta_fixed_geometric
82644704,18.230061302743295,0.020000002674166555,-0.4746,-0.47459999999997693,0.05522778734876181,1.0068059489827983,1.1115337979980358,0.23500589548681242,17.95351507476385,17.9518039338,0.27654622797944484,0.27825736894329367,0.001711140963848834,18.230061523326835,0.2765464485629856,0.27825758952683444,1,1.0,PASS,eta_fixed_geometric
84314238,18.250061305507778,0.020000002764484527,-0.4746,-0.4745999999999039,0.05516688620750185,1.00679905532088,1.111472285715348,0.234876286800191,17.973452030387577,17.9717400911,0.27660927512020095,0.2783212144077787,0.001711939287577735,18.250061521960678,0.276609491573101,0.27832143086067873,1,1.0,PASS,eta_fixed_geometric
86017499,18.270061310263383,0.020000004755604327,-0.4746,-0.4745999999999626,0.05510612105270641,1.0067922102037419,1.1114108769293156,0.2347468961848386,17.99339400151207,17.9916763888,0.27666730875131407,0.27838492146338467,0.0017176127120706042,18.27006152266274,0.27666752115067084,0.27838513386274144,1,1.0,PASS,eta_fixed_geometric
87755168,18.290061313162926,0.02000000289954284,-0.4746,-0.4745999999999256,0.05504549143595201,1.006785413376747,1.111349571357702,0.23461772304618503,18.01333229699541,18.0116128226,0.2767290161675149,0.2784484905629263,0.0017194743954114244,18.290061521584402,0.2767292245889905,0.27844869898440194,1,1.0,PASS,eta_fixed_geometric
89527940,18.31006131329838,0.02000000013545396,-0.4746,-0.47460000000002506,0.05498499690192893,1.00677866458584,1.1112883687104977,0.2344887667730549,18.03327113870679,18.0315493911,0.2767901745915893,0.27851192219837984,0.001721747606790558,18.31006151781623,0.27679037910943904,0.2785121267162296,1,1.0,PASS,eta_fixed_geometric
91336525,18.330061320329136,0.020000007030758014,-0.4746,-0.4745999999999287,0.054924636965519205,1.0067719635747834,1.1112272686664517,0.23436002668872405,18.05321065395941,18.0514861034,0.2768506663697252,0.2785752169291378,0.0017245505594125632,18.330061521016226,0.2768508670568153,0.27857541761622784,1,1.0,PASS,eta_fixed_geometric
93181646,18.350061328931826,0.020000008602688964,-0.4746,-0.4746000000000744,0.05486441118900941,1.0067653100940561,1.1111662709515253,0.23423150221556654,18.07315069999725,18.0714229537,0.2769106289345764,0.2786383752318251,0.0017277462972487,18.35006152585968,0.27691082586243,0.2786385721596787,1,1.0,PASS,eta_fixed_geometric
95064041,18.3700613382403,0.02000000930847472,-0.4746,-0.4745999999999597,0.054804319123210106,1.0067587038938657,1.111105375278939,0.2341031927495754,18.09308690050246,18.0913599408,0.2769744377378416,0.278701397440301,0.0017269597024593963,18.370061531479106,0.2769746309766461,0.2787015906791055,1,1.0,PASS,eta_fixed_geometric
96984463,18.3900613483805,0.020000010140196946,-0.4746,-0.47460000000009583,0.05474436031799544,1.0067521447257832,1.111044581360288,0.23397509768281843,18.11302783343566,18.1112970643,0.27703351494483996,0.27876428408049847,0.0017307691356585053,18.390061537999138,0.277033704563479,0.2787644736991375,1,1.0,PASS,eta_fixed_geometric
98943680,18.410061357331294,0.020000008950795983,-0.4746,-0.474600000000001,0.05468453433167851,1.006745632343291,1.1109838889145836,0.2338472164234794,18.13296910610432,18.1312343216,0.2770922512269749,0.2788270357312932,0.0017347845043182986,18.410061543397365,0.2770924372930459,0.2788272217973642,1,1.0,PASS,eta_fixed_geometric
100942475,18.430061358092335,0.02000000076104216,-0.4746,-0.4745999999999575,0.05462484073939521,1.0067391665030756,1.1109232976771999,0.23371954841384285,18.15290621619776,18.1511717054,0.2771551418945748,0.27888965269233523,0.0017345107977604357,18.43006154067218,0.27715532447442115,0.2788898352721816,1,1.0,PASS,eta_fixed_geometric
102981649,18.450061365272088,0.0200000071797521,-0.4746,-0.47460000000006125,0.05456527905382308,1.0067327469562315,1.1108628073191595,0.2335920929606937,18.172848032705073,18.1711092298,0.2772133325670154,0.27895213547208897,0.0017388029050735554,18.450061544430817,0.27721351172574416,0.2789523146308177,1,1.0,PASS,eta_fixed_geometric
105062017,18.470061371859007,0.020000006586918816,-0.4746,-0.47459999999999686,0.05450584885419078,1.0067263734621748,1.1108024175780362,0.23346484951124516,18.192785720437872,18.1910468872,0.2772756514211352,0.27901448465900813,0.0017388332378729388,18.47006154766052,0.277275827222649,0.2790146604605219,1,1.0,PASS,eta_fixed_geometric
107184411,18.490061376250374,0.02000000439136808,-0.4746,-0.4745999999999648,0.05444654970551732,1.006720045780082,1.110742128176224,0.2333378174804724,18.21272787308282,18.2109846756,0.27733350316755434,0.27907670065037493,0.001743197482820591,18.490061548757378,0.2773336756745586,0.27907687315737917,1,1.0,PASS,eta_fixed_geometric
109349680,18.510061378699596,0.020000002449220344,-0.4746,-0.47459999999993674,0.054387381169268036,1.006713763669882,1.110681938831567,0.23321099627387634,18.232665767994693,18.2309225948,0.2773956107049038,0.27913878389959734,0.0017431731946935258,18.51006154797363,0.2773957799789386,0.27913895317363213,1,1.0,PASS,eta_fixed_geometric
111558691,18.530061387058453,0.020000008358856364,-0.4746,-0.4745999999999315,0.0543283427864755,1.0067075268905452,1.1106218492402298,0.23308438525125524,18.252608190196213,18.2508606523,0.2774531968622398,0.2792007347584544,0.0017475378962146237,18.530061553159914,0.27745336296370127,0.2792009008599159,1,1.0,PASS,eta_fixed_geometric
113812327,18.550061395407013,0.02000000834856162,-0.4746,-0.47459999999996894,0.05426943414084876,1.006701335206742,1.1105618591409159,0.23295798386203773,18.272550642128778,18.2707988415,0.2775107532782357,0.2792625539070137,0.0017518006287779997,18.55006155839517,0.2775109162663938,0.2792627168951718,1,1.0,PASS,eta_fixed_geometric
116111489,18.570061399567123,0.02000000416011095,-0.4746,-0.4746000000000457,0.05421065481277247,1.0066951883839237,1.1105019682680963,0.23283179154674608,18.292488638553436,18.290737158,0.2775727610136869,0.27932424156712443,0.0017514805534375455,18.57006155950015,0.2775729209467137,0.27932440150015125,1,1.0,PASS,eta_fixed_geometric
118457097,18.590061402350393,0.02000000278326993,-0.4746,-0.47460000000009095,0.05415200436397948,1.006689086186725,1.1104421763363608,0.2327058077040447,18.31243090090015,18.310675604,0.27763050145024337,0.27938579835039334,0.0017552969001499719,18.590061559285367,0.27763065838521683,0.2793859552853668,1,1.0,PASS,eta_fixed_geometric
120850090,18.610061409838355,0.0200000074879597,-0.4746,-0.474600000000094,0.05409348234863956,1.0066830283801893,1.1103824830517093,0.2325800317144699,18.332368765639277,18.3306141851,0.27769264419907813,0.27944722473835526,0.0017545805392771285,18.610061563831305,0.2776927981920281,0.2794473787313052,1,1.0,PASS,eta_fixed_geometric
123291424,18.63006141178209,0.02000000194373588,-0.4746,-0.47459999999999125,0.054035088370615283,1.006677014735635,1.1103228881699547,0.23245446306354142,18.352310734067327,18.3505528908,0.2777506777147636,0.2795085209820911,0.0017578432673275302,18.630061562887988,0.27775082882066116,0.2795086720879887,1,1.0,PASS,eta_fixed_geometric
125782076,18.65006141195217,0.020000000170080426,-0.4746,-0.4745999999999676,0.0539768219946116,1.006671045021517,1.1102633914061788,0.23232910115083508,18.372256841643946,18.3704917243,0.2778045703082235,0.2795696876521703,0.0017651173439467982,18.650061560224977,0.27780471858103084,0.27956983592497764,1,1.0,PASS,eta_fixed_geometric
128323043,18.670061415953423,0.020000004001251324,-0.4746,-0.47459999999990765,0.05391868278198866,1.0066651190070386,1.1102039924710954,0.23220394536687064,18.392198387731547,18.3904306907,0.27786302822187636,0.2796307252534227,0.0017676970315463336,18.67006156144609,0.27786317371454317,0.2796308707460895,1,1.0,PASS,eta_fixed_geometric
130915341,18.690061420346254,0.020000004392831106,-0.4746,-0.4746000000000296,0.053860670322336934,1.006659236465498,1.110144691103474,0.23207899516111916,18.412135247117522,18.4103697862,0.2779261732287317,0.2796916341462534,0.0017654609175217217,18.690061563110742,0.27792631599321993,0.27969177691074165,1,1.0,PASS,eta_fixed_geometric
133560007,18.71006142545063,0.02000000510437474,-0.4746,-0.4746000000000443,0.05380278419615154,1.0066533971702596,1.110085487031837,0.23195424996170835,18.43208054721074,18.4303090106,0.2779808782398874,0.2797524148506305,0.0017715366107431407,18.710061565537934,0.2779810183271927,0.2797525549379358,1,1.0,PASS,eta_fixed_geometric
136258099,18.730061431942843,0.020000006492216765,-0.4746,-0.474600000000071,0.053745023984770074,1.006647600895985,1.1100263799848193,0.23182970919680337,18.45202108319616,18.4502483643,0.27804034874668204,0.27981306764284497,0.001772718896162928,18.730061569403016,0.27804048620685506,0.279813205103018,1,1.0,PASS,eta_fixed_geometric
139010696,18.750061437774782,0.02000000583193725,-0.4746,-0.47460000000009056,0.053687389279234735,1.0066418474193826,1.10996736970012,0.2317053723137358,18.471961159119402,18.4701878446,0.2781002786553799,0.27987359317478067,0.0017733145194007705,18.750061572656936,0.27810041353753334,0.2798737280569341,1,1.0,PASS,eta_fixed_geometric
141818899,18.770061442447982,0.020000004673199595,-0.4746,-0.47460000000005126,0.05362987966792143,1.006636136517977,1.1099084559118775,0.23158123875235062,18.491905126486238,18.4901274507,0.27815631596174484,0.2799339917479813,0.0017776757862364434,18.770061574800312,0.2781564483140748,0.27993412410031127,1,1.0,PASS,eta_fixed_geometric
144683831,18.79006144382395,0.020000001375971705,-0.4746,-0.47459999999993724,0.05357249474572112,1.0066304679710356,1.1098496383600913,0.23145730796482478,18.511844084666702,18.51006718,0.27821735915724943,0.27999426382395143,0.001776904666701995,18.790061573693762,0.27821748902706034,0.27999439369376233,1,1.0,PASS,eta_fixed_geometric
147606639,18.81006144879389,0.020000004969934548,-0.4746,-0.47459999999995145,0.053515234083466576,1.0066248415565955,1.1097909167593207,0.23133357934962487,18.531786935400067,18.530007039,0.27827451339382137,0.2800544097938875,0.00177989640006615,18.810061576227596,0.2782746408275294,0.28005453722759555,1,1.0,PASS,eta_fixed_geometric
150588491,18.8300614494271,0.020000000633211713,-0.4746,-0.47460000000008346,0.05345809729626286,1.0066192570580823,1.1097322908686489,0.23121005239913525,18.55172465168303,18.5499470192,0.2783367977440676,0.2801144302270977,0.0017776324830300894,18.830061574470264,0.27833692278723277,0.28011455527026285,1,1.0,PASS,eta_fixed_geometric
153630581,18.85006145391314,0.020000004486040092,-0.4746,-0.47460000000000846,0.05340108395490753,1.0066137142555818,1.10967376040082,0.23108672650825546,18.571675034160275,18.5698871285,0.27838641975286293,0.2801743254131388,0.001787905660275868,18.850061576610464,0.278386542450189,0.2801744481104649,1,1.0,PASS,eta_fixed_geometric
156734125,18.870061456431486,0.020000002518347253,-0.4746,-0.4745999999999801,0.05334419367200213,1.0066082129344638,1.109615325110798,0.2309636011605619,18.59162023899814,18.5898273607,0.2784412174333468,0.28023409573148683,0.0017928782981400104,18.870061576826846,0.2784413378287063,0.2802342161268463,1,1.0,PASS,eta_fixed_geometric
159900365,18.89006146047825,0.020000004046763446,-0.4746,-0.4746000000000411,0.05328742603536325,1.0066027528787007,1.109556984727247,0.23084067578431852,18.61156026853128,18.6097677186,0.2785011919469689,0.28029374187824985,0.0017925499312809734,18.890061578614702,0.2785013100834206,0.2802938600147016,1,1.0,PASS,eta_fixed_geometric
163130567,18.91006146266198,0.020000002183726998,-0.4746,-0.474600000000041,0.053230780654143606,1.0065973338753338,1.109498738999904,0.23071794985228525,18.631503881194007,18.6297081987,0.2785575814679717,0.28035326396197746,0.0017956824940057459,18.910061578581775,0.27855769738776814,0.2803533798817739,1,1.0,PASS,eta_fixed_geometric
166426024,18.93006146835385,0.020000005691871516,-0.4746,-0.4745999999999797,0.053174257114433604,1.00659195571028,1.1094405876540279,0.23059542278557216,18.651442249169232,18.6496488057,0.2786192191846162,0.28041266265384834,0.0017934434692321588,18.93006158209845,0.2786193329292175,0.28041277639844964,1,1.0,PASS,eta_fixed_geometric
169788053,18.950061470120023,0.02000000176617247,-0.4746,-0.47459999999991115,0.053117855040274595,1.0065866181741283,1.1093825304531344,0.23047309408587205,18.671392977529116,18.6695895319,0.2786684925909064,0.28047193822002114,0.0018034456291147194,18.95006158173012,0.27866860420100537,0.2804720498301201,1,1.0,PASS,eta_fixed_geometric
173218000,18.970061474789663,0.020000004669642576,-0.4746,-0.4746000000000254,0.05306157401717309,1.0065813210548753,1.1093245671203262,0.23035096316965947,18.691329449767746,18.6895303837,0.27873202502191674,0.2805310910896637,0.001799066067746935,18.970061584305196,0.2787321345374494,0.2805312006051963,1,1.0,PASS,eta_fixed_geometric
176717236,18.99006147639248,0.020000001602817112,-0.4746,-0.47460000000007624,0.053005413668425774,1.0065760641450197,1.1092666974167247,0.23022902953372762,18.711278229654145,18.7094713546,0.2787832467383353,0.28059012179247844,0.00180687505414312,18.990061583852636,0.27878335419849165,0.28059022925263477,1,1.0,PASS,eta_fixed_geometric
180287161,19.010061476542106,0.020000000149625448,-0.4746,-0.47460000000003366,0.052949373597679115,1.0065708472362753,1.1092089210824878,0.23010729263059432,18.731212546158442,18.7294124459,0.27884893038366343,0.2806490306421061,0.0018001002584426828,19.01006158198534,0.278849035826898,0.2806491360853407,1,1.0,PASS,eta_fixed_geometric
183929204,19.030061480664237,0.020000004122132493,-0.4746,-0.47460000000000185,0.052893453399681975,1.0065656701205967,1.1091512378478325,0.22998575189176593,18.751159233197352,18.7493536626,0.27890224746688475,0.2807078180642364,0.0018055705973516467,19.030061584128294,0.2789023509309416,0.28070792152829327,1,1.0,PASS,eta_fixed_geometric
187644821,19.050061483910508,0.020000003246268452,-0.4746,-0.47459999999997876,0.05283765269964544,1.0065605325937557,1.109093647473588,0.2298644068133014,18.771100292535813,18.7692949994,0.27896119137469455,0.280766484510508,0.0018052931358134572,19.050061585432424,0.27896129289661076,0.2807665860324242,1,1.0,PASS,eta_fixed_geometric
191435498,19.070061484781398,0.020000000870890107,-0.4746,-0.4745999999999639,0.05278197111504154,1.006555434451798,1.109036149711846,0.22974325687284922,18.791044593160667,18.7892364544,0.2790168916207314,0.28082503038139706,0.0018081387606656563,19.07006158439752,0.27901699123685475,0.2808251299975204,1,1.0,PASS,eta_fixed_geometric
195302752,19.09006148688946,0.020000002108063908,-0.4746,-0.4745999999999885,0.05272640825080133,1.006550375490633,1.1089787443009842,0.2296223015191463,18.811001138097932,18.8091780308,0.2790603487915284,0.2808834560894624,0.0018231072979340013,19.090061584635453,0.27906044653752105,0.28088355383545505,1,1.0,PASS,eta_fixed_geometric
199248130,19.110061490396077,0.020000003506616824,-0.4746,-0.47459999999996905,0.05267096372316914,1.0065453555081834,1.1089214309902637,0.22950154022391667,18.830942986498265,18.8291197284,0.2791185038978128,0.280941761996079,0.0018232580982662228,19.110061586306948,0.27911859980868314,0.28094185790694937,1,1.0,PASS,eta_fixed_geometric
203273210,19.13006149421446,0.020000003818381882,-0.4746,-0.47460000000002767,0.052615637153507304,1.0065403743038697,1.1088642095335242,0.22938097246843198,18.850888003837333,18.8490615457,0.2791734903771257,0.2809999485144594,0.0018264581373337307,19.13006158832456,0.27917358448722496,0.2810000426245587,1,1.0,PASS,eta_fixed_geometric
207379602,19.150061497910386,0.020000003695926902,-0.4746,-0.474599999999969,0.05256042816300273,1.0065354316780033,1.1088070796835985,0.2292605977319966,18.87082714891394,18.8690034818,0.2792343489964466,0.2810580161103857,0.0018236671139391092,19.15006159025342,0.2792344413394794,0.2810581084534185,1,1.0,PASS,eta_fixed_geometric
211568948,19.170061498597562,0.020000000687174228,-0.4746,-0.47459999999995706,0.052505336381228326,1.006530527432699,1.1087500412013345,0.22914041551062855,18.890769311729695,18.8889455334,0.27929218686786683,0.28111596519756077,0.001823778329693937,19.170061589206615,0.27929227747691954,0.2811160558066135,1,1.0,PASS,eta_fixed_geometric
215842925,19.190061502036862,0.020000003439301833,-0.4746,-0.47460000000005853,0.0524503614155805,1.006525661369051,1.1086930938238453,0.22902042525038324,18.910714566239225,18.908887706,0.27934693579763703,0.2811737960368603,0.0018268602392232935,19.190061590944396,0.2793470247051708,0.2811738849443941,1,1.0,PASS,eta_fixed_geometric
220203242,19.21006150512358,0.020000003086718666,-0.4746,-0.4745999999999878,0.0523955028995043,1.0065208332913584,1.1086362373143859,0.22890062645256778,18.930662818979794,18.9288299959,0.2793986861437858,0.28123150922358064,0.0018328230797948208,19.21006159236145,0.2793987733816543,0.28123159646144913,1,1.0,PASS,eta_fixed_geometric
224651643,19.230061507052632,0.020000001929049004,-0.4746,-0.4745999999999637,0.05234076046170884,1.0065160430045694,1.1085794714306891,0.22878101860661068,18.950604983420067,18.9487724021,0.27945652363256457,0.2812891049526307,0.00183258132006614,19.2300615926521,0.27945660923203164,0.2812891905520978,1,1.0,PASS,eta_fixed_geometric
229189908,19.250061510421833,0.020000003369204433,-0.4746,-0.4746000000000069,0.052286133723206674,1.0065112903138698,1.1085227959217197,0.22866160118356105,18.97055009115842,18.9687149267,0.2795114192634145,0.2813465837218345,0.0018351644584200244,19.250061594413584,0.27951150325516494,0.28134666771358496,1,1.0,PASS,eta_fixed_geometric
233819852,19.270061513577218,0.020000003155382636,-0.4746,-0.4746000000000131,0.05223162231824564,1.006506575026526,1.1084662105494039,0.22854237368183916,18.990498075877973,18.9886575676,0.2795634376992453,0.2814039459772175,0.0018405082779722193,19.270061595991358,0.2795635201133848,0.28140402839135703,1,1.0,PASS,eta_fixed_geometric
238543327,19.29006151636389,0.02000000278667307,-0.4746,-0.47460000000000874,0.05217722587855581,1.0065018969505557,1.1084097150723593,0.2284233355928304,19.010439834696893,19.0086003243,0.27962168166699897,0.2814611920638903,0.0018395103968913418,19.290061597229965,0.2796217625330719,0.28146127292996326,1,1.0,PASS,eta_fixed_geometric
243362222,19.310061516939818,0.0200000005759292,-0.4746,-0.4746000000000322,0.05212294404202126,1.0064972558954424,1.108353309254874,0.22830448641986245,19.030384343316587,19.0285431946,0.27967717362323086,0.2815183223398172,0.0018411487165863605,19.31006159628682,0.27967725297023094,0.2815184016868173,1,1.0,PASS,eta_fixed_geometric
248278465,19.330061516954768,0.020000000014947585,-0.4746,-0.47460000000004493,0.0520687764386106,1.0064926516709078,1.108296992852272,0.22818582564741183,19.050331597901174,19.0484861797,0.2797299190535938,0.28157533725476824,0.0018454182011744535,19.33006159481114,0.2797299969099676,0.28157541511114204,1,1.0,PASS,eta_fixed_geometric
253294023,19.350061518167642,0.02000000121287513,-0.4746,-0.4746000000000441,0.052014722699602126,1.006488084087732,1.1082407656205153,0.22806735276128373,19.07027250336643,19.068429281,0.27978901480121365,0.2816322371676421,0.0018432223664284209,19.350061594561318,0.27978909119488904,0.28163231356131746,1,1.0,PASS,eta_fixed_geometric
258410902,19.370061519385207,0.020000001217565004,-0.4746,-0.4746000000000577,0.05196078246582561,1.0064835529584342,1.108184627324788,0.22794906726669786,19.090216076176066,19.0883724969,0.2798454432091404,0.28168902248520666,0.001843579276066265,19.370061594343582,0.2798455181675159,0.28168909744358217,1,1.0,PASS,eta_fixed_geometric
263631149,19.390061521289677,0.020000001904468948,-0.4746,-0.4746000000000801,0.051906955374590474,1.0064790580961471,1.1081285777258907,0.22783096865965535,19.110162294097762,19.1083158278,0.2798992271919154,0.28174569348967893,0.0018464662977635271,19.39006159483964,0.27989930074187797,0.2817457670396415,1,1.0,PASS,eta_fixed_geometric
268956852,19.41006152321343,0.020000001923753414,-0.4746,-0.47460000000003894,0.05185324106838313,1.0064745993153337,1.1080726165892882,0.2277130564460164,19.13012023103677,19.1282592725,0.27994129217665886,0.28180225071342946,0.001860958536770596,19.410061595381368,0.27994136434459804,0.28180232288136864,1,1.0,PASS,eta_fixed_geometric
274390141,19.43006152387024,0.02000000065680996,-0.4746,-0.47459999999997926,0.05179963919286522,1.0064701764316513,1.1080167436830781,0.22759533013713198,19.15006246115438,19.1482028294,0.2799990627158593,0.28185869447024103,0.001859631754381752,19.430061594682048,0.27999913352766725,0.281858765282049,1,1.0,PASS,eta_fixed_geometric
279933190,19.450061525519452,0.02000000164921332,-0.4746,-0.4746000000000644,0.05174614938572276,1.0064657892610283,1.107960958766367,0.22747778922535264,19.170007217159757,19.1681465004,0.2800543083596949,0.2819150251194529,0.0018607167597579632,19.450061595000534,0.28005437784077714,0.2819150946005351,1,1.0,PASS,eta_fixed_geometric
285588216,19.470061527074265,0.02000000155481053,-0.4746,-0.47459999999992397,0.05169277129512353,1.0064614376210335,1.1079052616083656,0.22736043322457405,19.189936141848097,19.1880902839,0.28012538522616737,0.28197124317426514,0.0018458579480977733,19.47006159524956,0.2801254534014639,0.28197131134956166,1,1.0,PASS,eta_fixed_geometric
291357481,19.490061528244475,0.020000001170209843,-0.4746,-0.47459999999997776,0.05163950456860916,1.0064571213302542,1.1078496519771182,0.2272432616458559,19.20990409701851,19.2080341795,0.28015743122596604,0.28202734874447444,0.0018699175185084016,19.490061595138457,0.28015749811994795,0.28202741563845635,1,1.0,PASS,eta_fixed_geometric
297243293,19.51006152978187,0.0200000015373937,-0.4746,-0.4746000000000744,0.05158634885244172,1.0064528402079302,1.1077941296385092,0.22712627399598043,19.229837819681293,19.2279781873,0.2802237101005751,0.2820833424818687,0.0018596323812936078,19.510061595418545,0.28022377573725166,0.28208340811854526,1,1.0,PASS,eta_fixed_geometric
303248006,19.530061530334002,0.02000000055213681,-0.4746,-0.4745999999999617,0.051533303799966027,1.0064485940747316,1.1077386943651082,0.22700946979586364,19.249792208192407,19.2479223057,0.2802693221415957,0.2821392246340011,0.001869902492405373,19.530061594736935,0.2802693865445285,0.28213928903693386,1,1.0,PASS,eta_fixed_geometric
309374023,19.550061533302443,0.020000002968440348,-0.4746,-0.47460000000003333,0.05148036905341925,1.0064443827514653,1.1076833459173336,0.22689284854051006,19.26974897243084,19.2678665378,0.2803125608716037,0.28219499550244365,0.0018824346308399242,19.550061596494764,0.28031262406392443,0.28219505869476436,1,1.0,PASS,eta_fixed_geometric
315623793,19.57006153382817,0.0200000005257259,-0.4746,-0.47460000000006364,0.05142754427837794,1.0064402060615292,1.1076280840791815,0.2267764097748989,19.289689587052504,19.2878108782,0.28037194677566646,0.28225065562817164,0.0018787088525051843,19.570061595832563,0.2803720087800592,0.2822507176325644,1,1.0,PASS,eta_fixed_geometric
321999817,19.59006153518554,0.020000001357369127,-0.4746,-0.47460000000004227,0.051374829120367484,1.006436063827641,1.1075729086130501,0.2266601529983998,19.3096324374597,19.3077553299,0.2804290977258397,0.28230620528553985,0.001877107559700164,19.590061596024274,0.28042915856457284,0.282306266124273,1,1.0,PASS,eta_fixed_geometric
328504645,19.610061535819412,0.02000000063387184,-0.4746,-0.4745999999999091,0.05132222323913485,1.0064319558744954,1.1075178192955266,0.22654407774030175,19.32957745787929,19.327699891,0.2804840779401232,0.2823616448194102,0.0018775668792869737,19.610061595514342,0.2804841376350531,0.28236170451434006,1,1.0,PASS,eta_fixed_geometric
335140880,19.63006153870174,0.020000002882329074,-0.4746,-0.4746000000000181,0.05126972628398013,1.0064278820269241,1.1074628158916768,0.22642818350542085,19.349524669967973,19.347644564,0.2805368687337655,0.2824169747017393,0.001880105967973833,19.630061597274306,0.28053692730633273,0.28241703327430656,1,1.0,PASS,eta_fixed_geometric
341911175,19.650061539071,0.020000000369259092,-0.4746,-0.47460000000004915,0.051217337925941436,1.0064238421121443,1.1074078981885187,0.22631246984514872,19.36947394578303,19.3675893439,0.2805875932879687,0.28247219517099964,0.0018846018830309674,19.650061596542248,0.280587650759216,0.28247225264224696,1,1.0,PASS,eta_fixed_geometric
348818239,19.670061539342996,0.020000000271996634,-0.4746,-0.4745999999999647,0.05116505781865231,1.0064198359569334,1.1073530659542334,0.2261969362710523,19.389425296123125,19.3875342327,0.28063624321987035,0.2825273066429972,0.0018910634231268375,19.67006159573357,0.2806362996104461,0.28252736303357295,1,1.0,PASS,eta_fixed_geometric
355864835,19.690061539754463,0.020000000411467538,-0.4746,-0.47460000000000285,0.05111288562291014,1.0064158633895317,1.1072983189639047,0.22608158230911102,19.409378689642313,19.4074792302,0.2806828501121501,0.2825823095544635,0.0018994594423134004,19.690061595084632,0.280682905442319,0.2825823648846324,1,1.0,PASS,eta_fixed_geometric
363053782,19.710061541034165,0.020000001279699326,-0.4746,-0.4745999999999723,0.05106082099965515,1.0064119242389327,1.1072436569920054,0.22596640748422187,19.429315575282374,19.4274243368,0.280745965751791,0.28263720423416316,0.0018912384823721595,19.71006159532381,0.28074602004143756,0.2826372585238097,1,1.0,PASS,eta_fixed_geometric
370387955,19.73006154130906,0.020000000274896356,-0.4746,-0.4746000000000365,0.051008863618014266,1.006408018335662,1.107189079821027,0.22585141133800854,19.449254371845687,19.4473695504,0.2808071694633725,0.2826919909090577,0.0018848214456852475,19.7300615945777,0.28080722273201175,0.282692044177697,1,1.0,PASS,eta_fixed_geometric
377870289,19.750061543900504,0.020000002591445583,-0.4746,-0.4745999999999695,0.0509570131350244,1.0064041455100783,1.1071345872200182,0.22573659338395516,19.46921367514769,19.4673148738,0.2808478687528151,0.28274667010050436,0.0018988013476892718,19.75006159616728,0.28084792101959266,0.28274672236728193,1,1.0,PASS,eta_fixed_geometric
385503776,19.770061545991023,0.02000000209051779,-0.4746,-0.4745999999999338,0.05090526922506372,1.0064003055947526,1.1070801789756826,0.2256219531725611,19.489156278764042,19.4872603039,0.2809052672269807,0.282801242091022,0.00189597486404125,19.77006159727473,0.2809053185106869,0.28280129337472815,1,1.0,PASS,eta_fixed_geometric
393291469,19.790061546345534,0.020000000354509752,-0.4746,-0.4746000000000042,0.05085363155976047,1.0063964984228393,1.107025854871176,0.22550749024689223,19.50910067067923,19.5072058391,0.28096087566630246,0.28285570724553466,0.0018948315792322035,19.790061596664604,0.28096092598537226,0.28285575756460446,1,1.0,PASS,eta_fixed_geometric
401236484,19.810061547105953,0.02000000076042121,-0.4746,-0.4746000000000861,0.05080209980340791,1.00639272382773,1.1069716146812538,0.22539320413239447,19.529046856423328,19.5271514811,0.28101469068262475,0.2829100660059538,0.0018953753233290627,19.810061596478484,0.2810147400551557,0.28291011537848476,1,1.0,PASS,eta_fixed_geometric
409341999,19.830061547974605,0.020000000868652685,-0.4746,-0.47460000000002206,0.05075067362798841,1.0063889816441818,1.106917458188101,0.225279094370198,19.549013437346588,19.5470972294,0.28104811062801716,0.28296431857460647,0.00191620794658931,19.830061596418354,0.2810481590717657,0.28296436701835503,1,1.0,PASS,eta_fixed_geometric
417611256,19.85006154819244,0.020000000217831923,-0.4746,-0.47460000000009367,0.05069935270803646,1.0063852717080408,1.1068633851760519,0.22516516050575386,19.568944432172355,19.5670430828,0.28111711602008427,0.2830184653924377,0.0019013493723534225,19.850061595724828,0.28111716355247296,0.2830185129248264,1,1.0,PASS,eta_fixed_geometric
426047563,19.870061548235963,0.02000000004352431,-0.4746,-0.47459999999991054,0.05064813671626561,1.0063815938556675,1.1068093954267362,0.22505140207913255,19.58889574402363,19.5869890414,0.28116580421233195,0.2830725068359641,0.0019067026236321283,19.870061594874095,0.28116585085046353,0.28307255347409566,1,1.0,PASS,eta_fixed_geometric
434654295,19.89006154895439,0.02000000071842454,-0.4746,-0.474599999999914,0.050597025325813935,1.0063779479244432,1.1067554887217812,0.22493781863000537,19.608848709795176,19.6069351058,0.28121283915921325,0.2831264431543872,0.0019136039951739292,19.890061594715036,0.2812128849198601,0.283126488915034,1,1.0,PASS,eta_fixed_geometric
443434895,19.910061550741833,0.02000000178744428,-0.4746,-0.4746000000000138,0.05054601821233982,1.0063743337526034,1.1067016648447185,0.22482440970230816,19.62878458138141,19.6268812759,0.2812769693604231,0.2831802748418326,0.0019033054814094896,19.910061595641462,0.281277014260052,0.2831803197414615,1,1.0,PASS,eta_fixed_geometric
452392875,19.930061552745347,0.020000002003515684,-0.4746,-0.47460000000004454,0.05049511505602188,1.0063707511794744,1.1066479235832056,0.22471117484870548,19.6487407255615,19.6468275507,0.28132082718384765,0.2832340020453472,0.0019131748614995558,19.930061596800112,0.2813208712386128,0.2832340461001124,1,1.0,PASS,eta_fixed_geometric
461531818,19.950061554275997,0.02000000153064923,-0.4746,-0.4746000000000278,0.05044431553794228,1.0063672000452695,1.1065942647252753,0.22459811362256446,19.668698391862804,19.6667739289,0.2813631624131929,0.2832876253759977,0.001924462962804796,19.950061597501755,0.2813632056389501,0.2832876686017549,1,1.0,PASS,eta_fixed_geometric
470855380,19.970061555999276,0.02000000172327909,-0.4746,-0.47459999999991875,0.050393619337066646,1.0063636801908165,1.1065406880560893,0.22448522557123374,19.688638780271592,19.6867204111,0.2814227757276839,0.28334114489927487,0.001918369171590939,19.970061598411583,0.2814228181399905,0.2833411873115814,1,1.0,PASS,eta_fixed_geometric
480367290,19.99006155675951,0.020000000760236426,-0.4746,-0.47459999999999264,0.050343026138301605,1.006360191458202,1.1064871933665408,0.2243725102539874,19.70858056995546,19.7066669956,0.281480986804052,0.2833945611595112,0.0019135743554592466,19.99006159837363,0.28148102841817035,0.2833946027736296,1,1.0,PASS,eta_fixed_geometric
490071353,20.01006155683497,0.020000000075455857,-0.4746,-0.4745999999999624,0.05029253562422187,1.0063567336899952,1.1064337804443185,0.22425996722361344,19.72854254432514,19.7266136824,0.281519012509829,0.28344787443496955,0.0019288619251405237,20.01006159766588,0.281519053340741,0.28344791526588153,1,1.0,PASS,eta_fixed_geometric
499971452,20.030061558756426,0.02000000192145919,-0.4746,-0.4745999999999997,0.0502421474730515,1.0063533067293402,1.1063804490719926,0.2241475960218978,19.74848710649091,19.7465604737,0.2815744522655166,0.28350108505642524,0.0019266327909086556,20.03006159881884,0.2815744923279304,0.28350112511883907,1,1.0,PASS,eta_fixed_geometric
510071546,20.050061560117957,0.020000001361529032,-0.4746,-0.47460000000001307,0.05019186137676387,1.0063499104210223,1.1063271990460128,0.2240353962199956,19.76843296787906,19.7665073668,0.2816285922388957,0.2835541933179577,0.0019256010790620337,20.05006159942629,0.2816286315472283,0.2835542326262903,1,1.0,PASS,eta_fixed_geometric
520375675,20.070061560620058,0.020000000502100664,-0.4746,-0.4746000000000326,0.05014167702329878,1.0063465446103348,1.106274030157986,0.22392336737880064,19.788380085789957,19.7864543609,0.2816814748301013,0.2836071997200591,0.0019257248899577917,20.070061599188467,0.2816815133985102,0.283607238288468,1,1.0,PASS,eta_fixed_geometric
530887961,20.090061560709856,0.02000000008979754,-0.4746,-0.47459999999997216,0.05009159410000824,1.0063432091432563,1.106220942198266,0.22381150905662092,19.808309541563627,19.8064014563,0.2817520191462286,0.28366010440985434,0.0019080852636257362,20.090061598552232,0.28175205698860495,0.2836601422522307,1,1.0,PASS,eta_fixed_geometric
541612610,20.110061562156883,0.020000001447026756,-0.4746,-0.4746000000000047,0.050041612292235596,1.0063399038664445,1.1061679349545286,0.22369982080599987,19.828296915224954,19.8263486544,0.28176464693192926,0.2837129077568825,0.0019482608249532518,20.11006159928686,0.2817646840619048,0.28371294488685805,1,1.0,PASS,eta_fixed_geometric
552553911,20.130061563066494,0.020000000909614877,-0.4746,-0.4745999999999828,0.0499917312957598,1.0063366286279227,1.106115008224844,0.2235883022015338,19.848228731147778,19.8462959528,0.28183283191871666,0.2837656102664958,0.0019327783477791627,20.130061599497438,0.28183286834966026,0.2837656466974394,1,1.0,PASS,eta_fixed_geometric
563716241,20.15006156406128,0.020000000994782868,-0.4746,-0.47459999999992775,0.04994195080133204,1.00633338327616,1.1060621618013948,0.22347695280533286,19.868180584638115,19.866243352,0.28188097942316404,0.2838182120612771,0.0019372326381130733,20.15006159980632,0.2818810151682065,0.2838182478063196,1,1.0,PASS,eta_fixed_geometric
575104065,20.170061564994942,0.020000000933664743,-0.4746,-0.47460000000003955,0.049892270502886915,1.0063301676606102,1.1060093954791874,0.22336577218537418,19.888152492932182,19.8861908515,0.28190907206275995,0.28387071349494164,0.0019616414321816933,20.170061600066962,0.2819091071347799,0.2838707485669616,1,1.0,PASS,eta_fixed_geometric
586721938,20.190061565390643,0.020000000395699387,-0.4746,-0.47460000000000757,0.049842690096423656,1.0063269816314802,1.105956709054718,0.2232547599130137,19.908068523294496,19.9061384503,0.28199304209614695,0.2839231150906443,0.0019300729944973227,20.190061599802277,0.2819930765077814,0.2839231495022787,1,1.0,PASS,eta_fixed_geometric
598574508,20.210061566441983,0.020000001051339308,-0.4746,-0.4745999999999924,0.049793209275056594,1.0063238250396238,1.1059041023209337,0.22314391555190774,19.928042520358115,19.9260861495,0.2820190460838674,0.28397541694198125,0.001956370858113843,20.210061600205638,0.2820190798475224,0.28397545070563623,1,1.0,PASS,eta_fixed_geometric
610666516,20.23006156780532,0.020000001363336378,-0.4746,-0.4746000000000208,0.04974382773695586,1.006320697736919,1.1058515750755387,0.22303323867579863,19.947998515965427,19.9460339482,0.28206305183989144,0.2840276196053182,0.00196456776542675,20.230061600933155,0.2820630849677279,0.28402765273315467,1,1.0,PASS,eta_fixed_geometric
623002798,20.25006156791339,0.020000000108072777,-0.4746,-0.4745999999999901,0.049694545184530585,1.0063175995761984,1.1057991271201388,0.22292272886671102,19.967936384643078,19.9659818447,0.28212518327031333,0.2840797232133916,0.0019545399430782595,20.250061600417354,0.2821252157742755,0.2840797557173538,1,1.0,PASS,eta_fixed_geometric
635588290,20.270061568920305,0.02000000100691238,-0.4746,-0.4746000000000354,0.04964536131224824,1.006314530410566,1.1057467582473626,0.22281238568764156,19.98789419903063,19.9859298408,0.28216736988967384,0.28413172812030396,0.0019643582306301255,20.270061600812113,0.28216740178148214,0.28413176001211227,1,1.0,PASS,eta_fixed_geometric
648428026,20.290061570210632,0.020000001290329462,-0.4746,-0.4746000000000307,0.04959627582262882,1.0063114900942878,1.1056944682577712,0.22270220871842464,20.00783380483542,20.0058779355,0.282227765375211,0.284183634710633,0.0019558693354220225,20.290061601501787,0.28222779666636555,0.28418366600178757,1,1.0,PASS,eta_fixed_geometric
661527142,20.31006157166771,0.020000001457076862,-0.4746,-0.47460000000003827,0.04954728841817825,1.0063084784823786,1.1056422569513806,0.22259219753765722,20.02779330541387,20.0258261283,0.2822682662538405,0.28423544336770945,0.0019671771138689564,20.31006160236949,0.28226829695562117,0.2842354740694901,1,1.0,PASS,eta_fixed_geometric
674890877,20.330061572064114,0.020000000396404784,-0.4746,-0.4746000000000146,0.0494983988053217,1.0063054954307749,1.1055901241317916,0.22248235173153882,20.04773445795694,20.0457744178,0.2823271141071757,0.28428715426411344,0.001960040156937737,20.33006160218759,0.28232714423065275,0.2842871843875905,1,1.0,PASS,eta_fixed_geometric
688524578,20.3500615733898,0.020000001325686353,-0.4746,-0.4745999999999713,0.04944960668382362,1.0063025407957187,1.1055380695949453,0.22237267087010462,20.067695484035138,20.0657228056,0.2823660893546638,0.2843387677898015,0.001972678435137709,20.350061602945843,0.28236611891070496,0.28433879734584266,1,1.0,PASS,eta_fixed_geometric
702433698,20.370061574646922,0.020000001257120103,-0.4746,-0.47459999999997443,0.04940091176195297,1.0062996144346814,1.1054860931452972,0.22226315454130405,20.08763806926317,20.0856712903,0.2824235053837505,0.28439028434692304,0.001966778963172544,20.37006160364619,0.2824235343830175,0.28439031334619,1,1.0,PASS,eta_fixed_geometric
716623800,20.39006157467546,0.020000000028537298,-0.4746,-0.47459999999993535,0.049352313749543006,1.0062967162058842,1.1054341945883797,0.22215380233542778,20.107600448042316,20.1056198706,0.2824611266331445,0.28444170407545855,0.0019805774423140576,20.39006160312841,0.28246115508609293,0.284441732528407,1,1.0,PASS,eta_fixed_geometric
731100562,20.41006157596794,0.020000001292481782,-0.4746,-0.47459999999994495,0.04930381234874336,1.0062938459678206,1.105382373720997,0.2220446138242923,20.127544299881457,20.1255685485,0.2825172760864838,0.28449302746794203,0.001975751381458224,20.41006160388484,0.2825173040033846,0.2844930553848428,1,1.0,PASS,eta_fixed_geometric
745869774,20.430061577246025,0.02000000127808612,-0.4746,-0.4746000000000675,0.04925540727204845,1.0062910035802815,1.1053306303504358,0.2219355886018137,20.147507932867292,20.1455173225,0.28255364437873354,0.28454425474602374,0.001990610367290202,20.43006160463695,0.2825536717696586,0.2845442821369488,1,1.0,PASS,eta_fixed_geometric
760937343,20.450061577350827,0.020000000104800443,-0.4746,-0.47460000000000047,0.04920709823280946,1.0062881889037045,1.1052789642842675,0.22182672626267894,20.16745287684705,20.1654661911,0.2826087005037756,0.28459538625082814,0.001986685747052519,20.450061604225656,0.2826087273786051,0.2845954131256576,1,1.0,PASS,eta_fixed_geometric
776309298,20.470061578632535,0.02000000128170669,-0.4746,-0.4745999999999872,0.04915888493707821,1.0062854017989022,1.1052273753218236,0.2217180263839579,20.187379084595506,20.1854151564,0.2826824940370294,0.2846464222325338,0.001963928195504394,20.470061605000968,0.28268252040546216,0.28464644860096655,1,1.0,PASS,eta_fixed_geometric
791991787,20.490061579775436,0.020000001142903095,-0.4746,-0.47459999999998337,0.04911076710092109,1.0062826421278828,1.105175863272531,0.2216094885641271,20.207363519837955,20.2053642166,0.28269805993748065,0.2846973631754359,0.0019993032379552744,20.490061605646993,0.282698085809038,0.28469738904699327,1,1.0,PASS,eta_fixed_geometric
807991083,20.510061580533385,0.02000000075794786,-0.4746,-0.4746000000000683,0.04906274443897097,1.0062799097532664,1.1051244279437658,0.22150111239728323,20.22729056968816,20.2253133714,0.2827710108452237,0.2847482091333866,0.0019771982881628958,20.510061605917404,0.28277103622924216,0.28474823451740505,1,1.0,PASS,eta_fixed_geometric
824313586,20.53006158101103,0.020000000477646187,-0.4746,-0.4745999999999969,0.04901481666616276,1.0062772045382873,1.1050730691426096,0.22139289747705498,20.24727588306484,20.2452626203,0.28278569794618846,0.2847989607110293,0.0020132627648408175,20.53006160591667,0.28278572285183046,0.2847989856166713,1,1.0,PASS,eta_fixed_geometric
840965826,20.550061582153216,0.020000001142186162,-0.4746,-0.4745999999999786,0.04896698349657504,1.0062745263468973,1.1050217866747818,0.22128484339398763,20.267203642747084,20.2652119642,0.28285793940613146,0.28484961795321695,0.0019916785470854848,20.55006160658948,0.28285796384239603,0.2848496423894815,1,1.0,PASS,eta_fixed_geometric
857954463,20.570061582617218,0.020000000464001844,-0.4746,-0.4746000000000218,0.04891924465089535,1.0062718750440354,1.1049705803525007,0.22117694975241448,20.287151001956573,20.2851614013,0.28291058066064423,0.28490018131721584,0.0019896006565716107,20.57006160659292,0.28291060463634565,0.28490020529291726,1,1.0,PASS,eta_fixed_geometric
875286293,20.59006158280626,0.020000000189040162,-0.4746,-0.47459999999995456,0.04887159984676159,1.0062692504950863,1.1049194499841386,0.22106921614864863,20.307117988144746,20.3051109317,0.2829435946615142,0.2849506511062607,0.0020070564447465244,20.590061606330064,0.28294361818531755,0.28495067463006407,1,1.0,PASS,eta_fixed_geometric
892968250,20.610061583897394,0.02000000109113447,-0.4746,-0.4746000000000435,0.04882404880111289,1.0062666525661486,1.1048683953768748,0.2209616421762856,20.32706587370571,20.3250605563,0.2829957101916847,0.28500102759739576,0.0020053174057110823,20.61006160697779,0.28299573327208094,0.285001050677792,1,1.0,PASS,eta_fixed_geometric
911007406,20.63006158471918,0.02000000082178571,-0.4746,-0.47459999999996433,0.048776591237592606,1.0062640811242094,1.1048174163444209,0.22085422744295988,20.347033348794174,20.3450102737,0.2830282359250056,0.2850513110191777,0.0020230750941721,20.630061607364507,0.283028258570333,0.2850513336645051,1,1.0,PASS,eta_fixed_geometric
929410977,20.65006158539111,0.02000000067193235,-0.4746,-0.47460000000003894,0.04872922687789058,1.0062615360369362,1.1047665126980049,0.22074697155077172,20.366981588104586,20.3649600836,0.28307999728652433,0.28510150179111093,0.002021504504586602,20.650061607609548,0.2830800195049612,0.2851015240095478,1,1.0,PASS,eta_fixed_geometric
948186325,20.670061586265437,0.020000000874325678,-0.4746,-0.47460000000001984,0.048681955444253244,1.0062590171725445,1.1047156842487968,0.22063987410196476,20.386910503819706,20.3849099861,0.2831510824457304,0.28515160016543817,0.002000517719707773,20.670061608065016,0.2831511042453094,0.2851516219650172,1,1.0,PASS,eta_fixed_geometric
967340960,20.690061586926998,0.020000000661560997,-0.4746,-0.4745999999999073,0.04863477666184924,1.0062565244001005,1.1046649308106369,0.22053293470429272,20.406858915465005,20.4048599804,0.28320267146199285,0.28520160652699644,0.001998935065003593,20.69006160831559,0.28320269285058686,0.28520162791559045,1,1.0,PASS,eta_fixed_geometric
986882544,20.71006158727682,0.020000000349820312,-0.4746,-0.47459999999998675,0.04858769025619786,1.0062540575893875,1.1046142521972822,0.22042615296520243,20.42678787904373,20.4248100662,0.2832737082330894,0.2852515210768196,0.00197781284373022,20.710061608262155,0.28327372921842553,0.28525154206215575,1,1.0,PASS,eta_fixed_geometric
1006818894,20.730061587437906,0.020000000161087654,-0.4746,-0.4746000000000187,0.04854069595338333,1.0062516166107345,1.1045636482224603,0.22031952849232242,20.44681429928109,20.4447602434,0.2832472881568151,0.2853013440379044,0.0020540558810893117,20.73006160802757,0.2832473087464784,0.2853013646275677,1,1.0,PASS,eta_fixed_geometric
1027157985,20.750061587610173,0.020000000172265393,-0.4746,-0.47459999999993224,0.048493793480401795,1.0062492013351858,1.1045131187003978,0.22021306089425355,20.466704204490284,20.4647105117,0.28335738311988834,0.28535107591017095,0.0019936927902826085,20.750061607811606,0.28335740332132175,0.28535109611160436,1,1.0,PASS,eta_fixed_geometric
1047907953,20.770061587881013,0.020000000270842228,-0.4746,-0.474599999999903,0.04844698256560131,1.0062468116345369,1.1044626634463137,0.2201067497815741,20.48661345988361,20.484660871,0.2834481279974028,0.2854007168810142,0.0019525888836113836,20.770061607701514,0.2834481478179036,0.285400736701515,1,1.0,PASS,eta_fixed_geometric
1069077098,20.790061587997663,0.020000000116647668,-0.4746,-0.47459999999994607,0.04840026293920083,1.006244447381266,1.1044122822768936,0.22000059476802666,20.506620305503883,20.5046113208,0.2834412824937793,0.285450267197664,0.002008984703884664,20.7900616074444,0.28344130194051687,0.28545028664440153,1,1.0,PASS,eta_fixed_geometric
1090673888,20.81006158802378,0.020000000026116616,-0.4746,-0.4745999999999774,0.048353634331748344,1.006242108448464,1.104361975008644,0.21989459546702264,20.526568384785485,20.5245618608,0.28349320323829375,0.2854997272237796,0.002006523985485842,20.810061607103783,0.2834932223182989,0.2854997463037847,1,1.0,PASS,eta_fixed_geometric
1112706963,20.830061588859763,0.020000000835986794,-0.4746,-0.47460000000008745,0.04830709647291627,1.006239794709836,1.104311741456653,0.2197887514889039,20.546535885458415,20.5445124916,0.28352570340134875,0.2855490972597643,0.0020233938584155453,20.83006160757993,0.2835257221215137,0.28554911597992927,1,1.0,PASS,eta_fixed_geometric
1135185135,20.85006158911549,0.020000000255727676,-0.4746,-0.474600000000018,0.04826064909876496,1.0062375060399404,1.1042615814423191,0.2196830624574698,20.56644434294869,20.5644632115,0.28361724616680206,0.28559837761548934,0.001981131448687279,20.850061607482594,0.28361726453390546,0.28559839598259273,1,1.0,PASS,eta_fixed_geometric
1158117396,20.87006158919713,0.020000000081637926,-0.4746,-0.4746000000000894,0.04821429194223209,1.0062352423139147,1.1042114947832933,0.21957752798835578,20.586450617976983,20.5844140206,0.2836109712201491,0.28564756859713114,0.00203659737698203,20.870061607217814,0.28361098924083095,0.285647586617813,1,1.0,PASS,eta_fixed_geometric
1181512920,20.890061589783247,0.020000000586115552,-0.4746,-0.4745999999999262,0.04816802473667643,1.0062330034073736,1.1041614812970226,0.2194721476970898,20.606397757444736,20.6043649194,0.28366383233851167,0.2856966703832491,0.0020328380447374172,20.890061607464023,0.2836638500192876,0.28569668806402504,1,1.0,PASS,eta_fixed_geometric
1205381065,20.910061590411324,0.02000000062807936,-0.4746,-0.47459999999994434,0.04812184721915468,1.0062307891968882,1.104111540804623,0.2193669212065637,20.626364225460147,20.6243159071,0.2836973649511769,0.28574568331132255,0.002048318360145629,20.91006160775859,0.2836973822984419,0.2857457006585875,1,1.0,PASS,eta_fixed_geometric
1229731378,20.930061590609842,0.02000000019851655,-0.4746,-0.47459999999992664,0.04807575912776957,1.0062285995595404,1.1040616731277053,0.21926184814100588,20.64635003101789,20.6442669829,0.2837115595919535,0.28579460770984255,0.0020830481178890636,20.93006160762987,0.28371157661198154,0.2857946247298706,1,1.0,PASS,eta_fixed_geometric
1254573600,20.950061590842154,0.020000000232310727,-0.4746,-0.47459999999998453,0.04802976019950578,1.0062264343730252,1.1040118780862471,0.2191569281210504,20.666197531237792,20.664218147,0.2838640596043618,0.285843443842154,0.0019793842377922033,20.9500616075411,0.2838640763033098,0.285843460541102,1,1.0,PASS,eta_fixed_geometric
1279917668,20.970061590934197,0.020000000092044102,-0.4746,-0.4746000000000889,0.047983850173846515,1.00622429351572,1.103962155502404,0.21905216077198583,20.68622193086211,20.684169399,0.2838396600720863,0.28589219193419524,0.002052531862108964,20.970061607318115,0.2838396764560045,0.28589220831811346,1,1.0,PASS,eta_fixed_geometric
1305773721,20.990061591686608,0.02000000075241177,-0.4746,-0.4745999999999536,0.047938028789063156,1.0062221768664814,1.103912505196469,0.21894754571529554,20.706186758708544,20.7041207393,0.28387483297806426,0.2859408523866094,0.0020660194085451167,20.990061607761415,0.2838748490528715,0.28594086846141664,1,1.0,PASS,eta_fixed_geometric
1332152100,21.010061591734708,0.020000000048100135,-0.4746,-0.4746000000000103,0.047892295789415035,1.0062200843051867,1.1038629269948914,0.2188430825851015,20.72617084054836,20.7240721663,0.2838907511863482,0.28598942543470685,0.002098674248358634,21.010061607506227,0.2838907669578674,0.28598944120622605,1,1.0,PASS,eta_fixed_geometric
1359063358,21.030061592073576,0.020000000338868056,-0.4746,-0.4746000000000551,0.04784665091476513,1.0062180157119542,1.1038134207187287,0.21873877100445982,20.7460950753569,20.7440236807,0.2839665167166743,0.28603791137357604,0.0020713946569017594,21.030061607547516,0.28396653219061463,0.2860379268475164,1,1.0,PASS,eta_fixed_geometric
1386518260,21.050061592785532,0.020000000711954086,-0.4746,-0.4745999999999883,0.047801093908081974,1.0062159709676508,1.1037639861919408,0.21863461060249342,20.766038471240215,20.7639752823,0.2840231215453173,0.28608631048553335,0.0020631889402160652,21.05006160796749,0.2840231367272743,0.28608632566749037,1,1.0,PASS,eta_fixed_geometric
1414527787,21.07006159291026,0.02000000012473002,-0.4746,-0.4745999999999691,0.047755624515711116,1.0062139499539284,1.1037146232417265,0.2185306010150301,20.786001026671876,20.7839269699,0.2840605662383844,0.28613462301025905,0.002074056771874666,21.070061607805734,0.2840605811338577,0.28613463790573235,1,1.0,PASS,eta_fixed_geometric
1443103144,21.090061593047132,0.020000000136870633,-0.4746,-0.47459999999992725,0.047710242481443094,1.0062119525528486,1.1036653316919807,0.21842674187104205,20.805982772517027,20.8038787438,0.28407882053010525,0.2861828492471332,0.0021040287170279726,21.090061607661518,0.2840788351444914,0.28618286386151937,1,1.0,PASS,eta_fixed_geometric
1472255762,21.110061593518772,0.020000000471640633,-0.4746,-0.4745999999999578,0.04766494755070171,1.0062099786471548,1.1036161113679264,0.21832303280222415,20.825904289271445,20.823830604,0.28415730424732644,0.2862309895187707,0.0020736852714442477,21.110061607857354,0.2841573185859083,0.28623100385735256,1,1.0,PASS,eta_fixed_geometric
1501997302,21.130061594015103,0.020000000496330817,-0.4746,-0.4746000000000349,0.047619739471333966,1.006208028120239,1.1035669620969157,0.21821947344481274,20.8458448811901,20.84378255,0.28421671282500327,0.28627904401510307,0.0020623311900997976,21.13006160808308,0.2842167268929785,0.2862790580830783,1,1.0,PASS,eta_fixed_geometric
1532339661,21.150061594526104,0.02000000051100159,-0.4746,-0.47459999999996905,0.04757461799148871,1.006206100856036,1.103517883706119,0.21811606343473616,20.86580456632918,20.8637345814,0.28425702819692233,0.28632701312610465,0.0020699849291823114,21.150061608328567,0.2842570419993855,0.2863270269285678,1,1.0,PASS,eta_fixed_geometric
1563294976,21.17006159482781,0.02000000030170578,-0.4746,-0.47460000000000885,0.04752958286078081,1.006204196739202,1.103468876023924,0.21801280241028662,20.885783358293125,20.8836866978,0.28427823653468565,0.28637489702780883,0.0020966604931231814,21.17006160836976,0.28427825007663543,0.2863749105697586,1,1.0,PASS,eta_fixed_geometric
1594875630,21.190061595221387,0.020000000393576016,-0.4746,-0.47460000000004665,0.04748463382861409,1.0062023156548658,1.1034199388779398,0.2179096900082798,20.90570153258969,20.9036388992,0.28436006263169844,0.28642269602138626,0.002062633389687818,21.19006160850773,0.28436007591804113,0.28642270930772895,1,1.0,PASS,eta_fixed_geometric
1627094255,21.210061595281605,0.020000000060220072,-0.4746,-0.4745999999999073,0.04743977064699555,1.0062004574888077,1.103371072098126,0.21780672587051456,20.92563869530376,20.9235911848,0.2844228999778444,0.2864704104816056,0.002047510503761174,21.21006160831715,0.2844229130133904,0.2864704235171516,1,1.0,PASS,eta_fixed_geometric
1659963740,21.2300615957028,0.020000000421192477,-0.4746,-0.47459999999996544,0.047394993066392485,1.0061986221274195,1.1033222755124181,0.21770390963427233,20.945594879073884,20.9435435552,0.2844667166289163,0.2865180405027985,0.0020513238738821826,21.230061608492274,0.2844667294183907,0.28651805329227287,1,1.0,PASS,eta_fixed_geometric
1693497232,21.25006159573597,0.020000000033170803,-0.4746,-0.4745999999999455,0.047350300841460954,1.006196809457674,1.1032735489527088,0.21760124094547123,20.965570086351217,20.9634960092,0.284491509384754,0.2865655865359713,0.002074077151217324,21.250061608284007,0.2844915219327895,0.2865655990840068,1,1.0,PASS,eta_fixed_geometric
1727708146,21.270061596072832,0.020000000336861345,-0.4746,-0.4745999999999873,0.0473056937245949,1.0061950193670897,1.103224892248053,0.21749871944385954,20.985564349778393,20.9834485473,0.28449724629443907,0.286613048772832,0.0021158024783929363,21.270061608383976,0.28449725860558317,0.2866130610839761,1,1.0,PASS,eta_fixed_geometric
1762610166,21.290061596229222,0.0200000001563919,-0.4746,-0.4746000000000237,0.04726117147176519,1.0061932517438321,1.1031763052309003,0.21739634477643302,21.005497547603905,21.0034011688,0.2845640486253167,0.28666042742922215,0.002096378803905452,21.290061608307933,0.28456406070402807,0.2866604395079335,1,1.0,PASS,eta_fixed_geometric
1798217254,21.31006159661962,0.020000000390396396,-0.4746,-0.47460000000005365,0.04721673383788767,1.00619150647658,1.103127787732105,0.21729411658679607,21.02544968395397,21.0233538738,0.28461191266564967,0.2867077228196173,0.0020958101539676477,21.310061608470278,0.2846119245163088,0.28670773467027644,1,1.0,PASS,eta_fixed_geometric
1834543653,21.33006159706113,0.020000000441508597,-0.4746,-0.47459999999998953,0.047172380580150684,1.0061897834546243,1.1030793395845264,0.21719203452281646,21.04542077297769,21.0433066618,0.28464082408343927,0.28675493526112916,0.0021141111776898924,21.33006160868803,0.2846408357103414,0.28675494688803127,1,1.0,PASS,eta_fixed_geometric
1871603894,21.350061597526942,0.02000000046581442,-0.4746,-0.474600000000009,0.04712811145633518,1.0061880825678713,1.103030960621274,0.2170900982327688,21.065330474102854,21.0632595325,0.2847311234240877,0.2868020650269436,0.0020709416028559247,21.3500616089343,0.2847311348314463,0.2868020764343022,1,1.0,PASS,eta_fixed_geometric
1880000000,21.35453761378827,0.004476016261326178,-0.4746,-0.4745999999999622,0.047118215487770426,1.0061877049281747,1.103020142827668,0.2170673047359381,21.06985999474939,21.0677250124,0.2846776190388809,0.28681260138827014,0.0021349823493892472,21.354537625147067,0.28467763039767746,0.2868126127470667,1,1.0,PASS,eta_fixed_geometric
