k,mu,R,cert,discovery_minus_cert,relative_cert_gap,cert_midpoint,cert_status,log_k,ceiling,headroom,log_k_minus_R,c,weight,rank_num,rank_den,cond,nit,moved_log_c,gate_failed_coords,spread,c_log_k,E_S,sd_S,eta
100,1,4.53529998,4.5352715817,2.839829999956578e-05,6.261614474190918e-06,4.5352996188,PASS,4.60517019,4.65168706,0.116387,0.06987,0.22982195,1.0,1,1,1.0,55,0.0258,0,1.0,1.05836919223,1.16794944956,0.458934055839,-0.365955516764
200,1,5.18575215,5.1857286001,2.354989999986401e-05,4.541269871500513e-06,5.1857510798,PASS,5.29831737,5.32494208,0.13919,0.112565,0.19828963,1.0,1,1,1.0,52,0.0236,0,1.0,1.05060139024,1.17371894245,0.434773363386,-0.399562064005
300,1,5.57157691,5.5715551633,2.1746699999880548e-05,3.903149925266049e-06,5.5715749305,PASS,5.70378247,5.72285867,0.151282,0.132206,0.18336742,1.0,1,1,1.0,51,0.0212,1,1.0,1.04588787662,1.1738919244,0.421092420931,-0.412954296376
400,1,5.84720558,5.8471844468,2.11331999997455e-05,3.614239265339034e-06,5.8472025359,PASS,5.99146455,6.00648075,0.159275,0.144259,0.17402616,1.0,1,1,1.0,64,0.0194,0,1.0,1.04267156791,1.17316639391,0.411768589557,-0.420542990164
500,1,6.06191992,6.0618987647,2.1155299999797705e-05,3.489867942662909e-06,6.0619156836,PASS,6.2146081,6.22706222,0.165142,0.152688,0.16739432,1.0,1,1,1.0,63,0.018,0,1.0,1.0402900967,1.17226716747,0.404788704221,-0.425573059906
600,1,6.237885,6.2378634339,2.156610000003667e-05,3.4572775868802757e-06,6.2378794757,PASS,6.39692966,6.407609,0.169724,0.159045,0.16233243,1.0,1,1,1.0,60,0.0169,0,1.0,1.03842913547,1.17136930913,0.399257903141,-0.429219579072
700,1,6.38700028,6.3869780211,2.22588999996276e-05,3.4850319436071172e-06,6.3869933736,PASS,6.55108034,6.56045241,0.173452,0.16408,0.15828235,1.0,1,1,1.0,61,0.016,0,1.0,1.03692039047,1.17052212433,0.394705110078,-0.432024111098
800,1,6.51640187,6.516378716,2.31539999999697e-05,3.553187857637408e-06,6.5163935081,PASS,6.68461173,6.69297795,0.176576,0.16821,0.15493278,1.0,1,1,1.0,68,0.0152,0,1.0,1.03566547819,1.16973882629,0.390853724486,-0.434277110988
900,1,6.63070936,6.630685134,2.4225999999849535e-05,3.653606075089609e-06,6.630699458,PASS,6.80239476,6.80996139,0.179252,0.171685,0.15209245,1.0,1,1,1.0,57,0.0145,0,1.0,1.03459288542,1.16901119393,0.387526496027,-0.436128098761
1000,1,6.73308609,6.7330606669,2.542309999942205e-05,3.7758465671752684e-06,6.7330745924,PASS,6.90775528,6.91466995,0.181584,0.174669,0.14963798,1.0,1,1,1.0,63,0.014,0,1.0,1.03366254628,1.16833743786,0.384605766908,-0.437688283299
1100,1,6.82579378,6.8257670481,2.673189999935488e-05,3.916306419581706e-06,6.8257806293,PASS,7.00306546,7.00943767,0.183644,0.177272,0.14748505,1.0,1,1,1.0,58,0.0134,1,1.0,1.03284745934,1.16771512115,0.382009044645,-0.439034424698
1200,1,6.91050578,6.9104776477,2.813230000064948e-05,4.070946598737883e-06,6.9104909276,PASS,7.09007684,7.09599016,0.185484,0.179571,0.14557317,1.0,1,1,1.0,60,0.013,0,1.0,1.03212496053,1.16713808707,0.379675700622,-0.440212757356
1300,1,6.98849509,6.9884654599,2.963010000023303e-05,4.239839853737814e-06,6.9884784732,PASS,7.17011954,7.17563927,0.187144,0.181624,0.14385779,1.0,1,1,1.0,62,0.0126,0,1.0,1.03147755156,1.16660029049,0.377560199578,-0.441254906317
1400,1,7.0607527,7.0607215091,3.119089999970015e-05,4.4175035332564685e-06,7.0607342845,PASS,7.24422752,7.24940566,0.188653,0.183475,0.14230532,1.0,1,1,1.0,60,0.0122,0,1.0,1.03089211476,1.16609678463,0.375627640034,-0.442184671541
1500,1,7.12806529,7.1280324692,3.282080000044374e-05,4.604447162750909e-06,7.1280450307,PASS,7.31322039,7.31809912,0.190034,0.185155,0.14088995,1.0,1,1,1.0,61,0.0119,0,1.0,1.03035925468,1.16562414443,0.373850835134,-0.44302199933
1600,1,7.19106779,7.1910332772,3.451280000010826e-05,4.799398504920541e-06,7.1910456452,PASS,7.37775891,7.38237289,0.191305,0.186691,0.13959143,1.0,1,1,1.0,62,0.0116,1,1.0,1.02987191619,1.16517977392,0.372208185509,-0.443783292113
1700,1,7.25028008,7.2502438277,3.625229999926205e-05,5.000124077863493e-06,7.2502560199,PASS,7.43838353,7.44276163,0.192482,0.188103,0.1383937,1.0,1,1,1.0,69,0.0113,1,1.0,1.02942541874,1.16476238283,0.370682390428,-0.444483976275
1800,1,7.30613325,7.3060952078,3.804219999992142e-05,5.206885598469125e-06,7.3061072394,PASS,7.49554194,7.49970845,0.193575,0.189409,0.1372831,1.0,1,1,1.0,61,0.011,0,1.0,1.02901123424,1.16436607573,0.369258419563,-0.445124788
1900,1,7.35898871,7.3589488401,3.986990000015567e-05,5.417850410067508e-06,7.3589607243,PASS,7.54960917,7.55358474,0.194596,0.19062,0.13624896,1.0,1,1,1.0,60,0.0108,0,1.0,1.02862639716,1.16398993196,0.367924538966,-0.445716212407
2000,1,7.40915248,7.4091107378,4.174220000052742e-05,5.6338697459938655e-06,7.4091224864,PASS,7.60090246,7.60470481,0.195552,0.19175,0.13528247,1.0,1,1,1.0,62,0.0106,0,1.0,1.02826885896,1.16363352696,0.366670985845,-0.446267998503
2100,1,7.45688594,7.4568422921,4.3647900000109985e-05,5.853368329797731e-06,7.4568539155,PASS,7.64969262,7.65333707,0.196451,0.192807,0.13437583,1.0,1,1,1.0,64,0.0103,0,1.0,1.02793379556,1.16329333846,0.365488949045,-0.446780508369
2200,1,7.50241414,7.5023685439,4.55960999996563e-05,6.077523734201149e-06,7.5023800516,PASS,7.69621264,7.69971251,0.197298,0.193799,0.13352284,1.0,1,1,1.0,63,0.0101,1,1.0,1.02762016885,1.16296938041,0.364371456315,-0.447261654504
2300,1,7.5459322,7.5458846357,4.756429999996925e-05,6.30330338774701e-06,7.5458960359,PASS,7.7406644,7.74403137,0.198099,0.194732,0.13271792,1.0,1,1,1.0,58,0.01,0,1.0,1.02732487884,1.16265940895,0.363312122011,-0.447712584015
2400,1,7.58761044,7.587560881,4.955899999981028e-05,6.531568850523418e-06,7.5875721814,PASS,7.78322402,7.78646838,0.198858,0.195614,0.13195646,1.0,1,1,1.0,71,0.0098,1,1.0,1.02704668858,1.16236289253,0.362305673696,-0.448137868975
2500,1,7.62759839,7.6275468111,5.1578899999960015e-05,6.762141550029879e-06,7.6275580188,PASS,7.82404601,7.82717688,0.199578,0.196448,0.13123436,1.0,1,1,1.0,70,0.0096,1,1.0,1.02678367085,1.16207848557,0.361347368554,-0.448539271837
2600,1,7.66602805,7.6659744252,5.362480000048464e-05,6.995121808937894e-06,7.6659855463,PASS,7.86326672,7.86629222,0.200264,0.197239,0.13054804,1.0,1,1,1.0,58,0.0095,1,1.0,1.02653405882,1.16180490418,0.360433037947,-0.448918071167
2700,1,7.70301652,7.7029608263,5.569370000024776e-05,7.23011561193533e-06,7.7029718667,PASS,7.90100705,7.90393444,0.200918,0.197991,0.12989452,1.0,1,1,1.0,54,0.0093,0,1.0,1.02629751854,1.16154222409,0.359559224009,-0.449278486832
2800,1,7.73866816,7.7386103873,5.777269999995838e-05,7.465457725474868e-06,7.7386213525,PASS,7.9373747,7.94021049,0.201542,0.198707,0.12927103,1.0,1,1,1.0,72,0.0092,1,1.0,1.02607260247,1.16128933789,0.358722664392,-0.449621264271
2900,1,7.77307641,7.7730165307,5.987930000017627e-05,7.70342356639413e-06,7.7730274255,PASS,7.97246602,7.97521609,0.20214,0.19939,0.12867513,1.0,1,1,1.0,59,0.009,0,1.0,1.02585810103,1.16104532314,0.357920472469,-0.449947224402
3000,1,7.8063252,7.8062632077,6.199230000003553e-05,7.941290993108452e-06,7.8062740368,PASS,8.00636757,8.00903725,0.202712,0.200042,0.12810471,1.0,1,1,1.0,60,0.0089,0,1.0,1.02565339541,1.16080980745,0.357150151292,-0.450258264956
3100,1,7.83849026,7.8384261392,6.412080000028908e-05,8.180248730740793e-06,7.8384369069,PASS,8.03915739,8.0417515,0.203261,0.200667,0.12755786,1.0,1,1,1.0,63,0.0088,1,1.0,1.02545771293,1.16058222698,0.356409424743,-0.450555501147
3200,1,7.86964012,7.8695738571,6.626289999989154e-05,8.420067371504093e-06,7.8695845675,PASS,8.07090609,8.07342904,0.203789,0.201266,0.1270329,1.0,1,1,1.0,56,0.0087,0,1.0,1.02527060609,1.16036231476,0.355696288052,-0.450840563005
3300,1,7.89983701,7.899768589,6.842099999992968e-05,8.661064767959014e-06,7.8997792458,PASS,8.10167775,8.10413355,0.204297,0.201841,0.12652823,1.0,1,1,1.0,59,0.0086,0,1.0,1.02509094542,1.16014909067,0.355008806074,-0.451113008845
3400,1,7.92913759,7.929067004,7.058599999965054e-05,8.902103059564962e-06,7.9290776108,PASS,8.13153071,8.13392304,0.204785,0.202393,0.12604257,1.0,1,1,1.0,58,0.0085,0,1.0,1.0249190288,1.15994299163,0.354345454571,-0.451375880716
3500,1,7.95759362,7.9575208629,7.275709999987612e-05,9.143103238774855e-06,7.9575314229,PASS,8.16051825,8.16285049,0.205257,0.202925,0.12557454,1.0,1,1,1.0,53,0.0084,1,1.0,1.02475332509,1.15974259153,0.353704538198,-0.451627203727
3600,1,7.9852525,7.9851775636,7.493639999989199e-05,9.384349461697297e-06,7.9851880802,PASS,8.18868912,8.19096439,0.205712,0.203437,0.12512302,1.0,1,1,1.0,65,0.0083,0,1.0,1.02459351309,1.15954766829,0.353084698202,-0.451867977022
3700,1,8.01215774,8.0120806153,7.712469999887617e-05,9.625958761874822e-06,8.0120910914,PASS,8.2160881,8.21830926,0.206152,0.20393,0.12468718,1.0,1,1,1.0,62,0.0082,0,1.0,1.02444085565,1.15935958648,0.352484960485,-0.452103222383
3800,1,8.03834938,8.0382700642,7.93157999989802e-05,9.867174994448947e-06,8.0382805028,PASS,8.24275635,8.24492606,0.206577,0.204407,0.12426593,1.0,1,1,1.0,60,0.0081,1,1.0,1.02429378306,1.15917683954,0.351903964602,-0.452330338817
3900,1,8.06386436,8.0637828477,8.151229999953102e-05,1.0108342149685046e-05,8.0637932513,PASS,8.26873183,8.27085256,0.206988,0.204867,0.12385822,1.0,1,1,1.0,59,0.008,0,1.0,1.02415040638,1.1589975864,0.351340386376,-0.452545715103
4000,1,8.08873681,8.0886530931,8.371690000075205e-05,1.0349811344739754e-05,8.0886634644,PASS,8.29404964,8.29612367,0.207387,0.205313,0.1234636,1.0,1,1,1.0,56,0.0079,0,1.0,1.02401322715,1.15882441445,0.350793733322,-0.45275727403
4100,1,8.11299834,8.1129124192,8.59208000001388e-05,1.0590511226474477e-05,8.1129227606,PASS,8.31874225,8.32077171,0.207773,0.205744,0.12308115,1.0,1,1,1.0,56,0.0078,0,1.0,1.02388036301,1.1586554734,0.350262834448,-0.45296119883
4200,1,8.13667829,8.1365901624,8.812760000154185e-05,1.0830906281479865e-05,8.1366004763,PASS,8.3428398,8.34482667,0.208148,0.206162,0.12271019,1.0,1,1,1.0,64,0.0077,0,1.0,1.02375145752,1.15849044812,0.349746844971,-0.453157620703
4300,1,8.15980393,8.1597135914,9.033860000151606e-05,1.10711728831352e-05,8.1597238801,PASS,8.3663703,8.36831642,0.208512,0.206566,0.12235017,1.0,1,1,1.0,56,0.0077,0,1.0,1.02362682869,1.15832970035,0.349245093388,-0.4533483887
4400,1,8.18240065,8.1823086084,9.204160000031436e-05,1.1248728085725595e-05,8.1823183725,PASS,8.38935982,8.39126693,0.208866,0.206959,0.12200035,1.0,1,1,1.0,66,0.0076,0,1.0,1.0235048343,1.15817160302,0.348756627402,-0.453530028076
4500,1,8.20449214,8.2043979138,9.422619999988058e-05,1.1484708424607082e-05,8.2044076319,PASS,8.41183268,8.41370239,0.20921,0.207341,0.12166053,1.0,1,1,1.0,63,0.0075,0,1.0,1.0233880216,1.15801876572,0.348281254955,-0.453710222613
4600,1,8.22610053,8.2260041179,9.641209999955436e-05,1.1720267658770559e-05,8.2260137916,PASS,8.43381158,8.43564542,0.209545,0.207711,0.12133013,1.0,1,1,1.0,59,0.0074,0,1.0,1.0232754557,1.15787027008,0.347818234868,-0.453887272876
4700,1,8.24724653,8.2471479361,9.859390000066526e-05,1.1954765707805907e-05,8.2471575664,PASS,8.45531779,8.45711717,0.209871,0.208071,0.12100842,1.0,1,1,1.0,63,0.0074,1,1.0,1.02316464609,1.15772361723,0.34736660276,-0.45405521421
4800,1,8.26794954,8.2678487597,0.00010078030000038041,1.2189273714457188e-05,8.2678583481,PASS,8.4763712,8.47813748,0.210188,0.208422,0.12069534,1.0,1,1,1.0,74,0.0073,0,1.0,1.02305850358,1.15758177724,0.346926345907,-0.454222572322
4900,1,8.28822776,8.2881248007,0.00010295929999948328,1.2422354088334475e-05,8.2881343484,PASS,8.49699048,8.49872492,0.210497,0.208763,0.12039029,1.0,1,1,1.0,75,0.0073,0,1.0,1.02295514851,1.15744286433,0.346496672807,-0.454384923967
5000,1,8.3080983,8.3079931686,0.0001051313999997916,1.2654087157321141e-05,8.3080026766,PASS,8.51719319,8.51889697,0.210799,0.209095,0.12009279,1.0,1,1,1.0,73,0.0072,0,1.0,1.02285349333,1.15730579177,0.346076957225,-0.454539918026
5100,1,8.32757726,8.3274699527,0.00010730730000041433,1.2885776577041848e-05,8.3274794219,PASS,8.53699582,8.53867007,0.211093,0.209419,0.11980257,1.0,1,1,1.0,59,0.0071,0,1.0,1.02275403916,1.15717108132,0.345666869258,-0.454689457677
5200,1,8.34667979,8.3465703144,0.00010947560000040824,1.3116065639845067e-05,8.3465797458,PASS,8.5564139,8.55805969,0.21138,0.209734,0.11951918,1.0,1,1,1.0,66,0.0071,0,1.0,1.02265557361,1.15703751512,0.345265815418,-0.454830765472
5300,1,8.36542016,8.3653085217,0.0001116382999999388,1.334521134201331e-05,8.3653179167,PASS,8.5754621,8.57708042,0.21166,0.210042,0.11924305,1.0,1,1,1.0,57,0.007,0,1.0,1.02256425591,1.15691135339,0.34487446696,-0.454981068263
5400,1,8.3838119,8.3836980948,0.00011380519999981686,1.3574398061079694e-05,8.3837074542,PASS,8.59415423,8.59574604,0.211934,0.210342,0.11897313,1.0,1,1,1.0,61,0.007,0,1.0,1.02247342875,1.15678585166,0.34449135795,-0.45512274269
5500,1,8.40186774,8.4017517832,0.00011595680000020536,1.380131223063092e-05,8.4017611076,PASS,8.61250337,8.61406957,0.212202,0.210636,0.11870927,1.0,1,1,1.0,57,0.0069,1,1.0,1.02238398807,1.15666192656,0.344116315423,-0.455258642327
5600,1,8.41959976,8.4194816448,0.0001181152000011565,1.4028600333509973e-05,8.4194909353,PASS,8.63052188,8.63206332,0.212464,0.210922,0.1184514,1.0,1,1,1.0,59,0.0069,0,1.0,1.02229739903,1.15654107257,0.343749279765,-0.455393165274
5700,1,8.43701937,8.4368991126,0.00012025739999899088,1.4253540821133718e-05,8.43690837,PASS,8.64822145,8.64973895,0.21272,0.211202,0.11819913,1.0,1,1,1.0,59,0.0068,0,1.0,1.02221225189,1.15642186454,0.343389725584,-0.455522844412
5800,1,8.45413741,8.4540150106,0.00012239940000036142,1.4478047145954945e-05,8.4540242357,PASS,8.6656132,8.66710753,0.21297,0.211476,0.11795242,1.0,1,1,1.0,57,0.0068,0,1.0,1.02213004732,1.15630583195,0.343037631664,-0.455652142865
5900,1,8.47096416,8.4708396265,0.00012453349999930197,1.4701219087592264e-05,8.4708488199,PASS,8.68270763,8.68417952,0.213215,0.211743,0.11771082,1.0,1,1,1.0,62,0.0067,0,1.0,1.02204863494,1.15619079498,0.342692379661,-0.455775512535
6000,1,8.48750937,8.4873827087,0.0001266612999994976,1.4923258930021966e-05,8.4873918713,PASS,8.69951475,8.70096491,0.213456,0.212005,0.11747443,1.0,1,1,1.0,61,0.0067,0,1.0,1.02197053632,1.15607931952,0.342354147295,-0.455900186252
6100,1,8.50378233,8.5036535477,0.0001287822999991306,1.5144119992912683e-05,8.5036626801,PASS,8.71604405,8.71747314,0.213691,0.212262,0.11724276,1.0,1,1,1.0,55,0.0066,1,1.0,1.02189306072,1.15596867454,0.342022252888,-0.456019084199
6200,1,8.51979187,8.5196609655,0.00013090450000063925,1.5364753270743836e-05,8.5196700683,PASS,8.73230457,8.73371323,0.213921,0.212513,0.11701574,1.0,1,1,1.0,63,0.0066,0,1.0,1.02181708128,1.1558597498,0.341696623015,-0.45613488486
6300,1,8.53554637,8.5354133608,0.00013300920000069993,1.5582974332866278e-05,8.5354224348,PASS,8.74830491,8.74969375,0.214147,0.212759,0.11679331,1.0,1,1,1.0,61,0.0065,1,1.0,1.02174348761,1.15575345198,0.341377197585,-0.456250309283
6400,1,8.55105386,8.5509187468,0.00013511319999892635,1.5800765871790023e-05,8.5509277925,PASS,8.76405327,8.76542287,0.214369,0.212999,0.11657521,1.0,1,1,1.0,60,0.0065,0,1.0,1.02167135033,1.15564883804,0.341063623311,-0.456363057806
6500,1,8.56632197,8.5661847588,0.00013721120000020903,1.6017516091589192e-05,8.5661937768,PASS,8.77955746,8.78090836,0.214586,0.213235,0.11636129,1.0,1,1,1.0,60,0.0064,0,1.0,1.0216006312,1.15554587035,0.340755705474,-0.456473267643
6600,1,8.58135798,8.5812186863,0.00013929370000020924,1.6232127866574476e-05,8.5812276772,PASS,8.79482493,8.79615768,0.2148,0.213467,0.11615136,1.0,1,1,1.0,60,0.0064,1,1.0,1.02153087635,1.15544408806,0.340453189318,-0.456579914464
6700,1,8.59616886,8.5960274845,0.00014137550000015153,1.6446338165598986e-05,8.5960364489,PASS,8.80986281,8.81117791,0.215009,0.213694,0.11594538,1.0,1,1,1.0,59,0.0064,0,1.0,1.02146289072,1.15534431066,0.340156038076,-0.456685442178
6800,1,8.61076126,8.6106178063,0.00014345369999979596,1.6659816207678245e-05,8.6106267447,PASS,8.82467789,8.82597583,0.215215,0.213917,0.11574318,1.0,1,1,1.0,61,0.0063,0,1.0,1.0213962816,1.15524613904,0.339864023633,-0.456788975132
6900,1,8.62514153,8.6249960085,0.00014552150000035624,1.6871781117353587e-05,8.6250049214,PASS,8.83927669,8.84055793,0.215416,0.214135,0.1155447,1.0,1,1,1.0,58,0.0063,0,1.0,1.02133157343,1.15515010716,0.339577077796,-0.456892167643
7000,1,8.63931576,8.6391681883,0.00014757170000123665,1.7081410623338142e-05,8.6391770761,PASS,8.85366543,8.85493042,0.215615,0.21435,0.11534959,1.0,1,1,1.0,64,0.0062,0,1.0,1.02126667712,1.15505408833,0.339294705725,-0.456989412781
7100,1,8.65328979,8.653140164,0.00014962600000067994,1.7291227224770884e-05,8.6531490272,PASS,8.86785006,8.86909923,0.215809,0.21456,0.11515794,1.0,1,1,1.0,66,0.0062,0,1.0,1.02120334549,1.15495986632,0.339017056934,-0.457085751723
7200,1,8.66706918,8.6669175113,0.0001516687000009398,1.7499421875035705e-05,8.6669263507,PASS,8.88183631,8.88307006,0.216001,0.214767,0.11496982,1.0,1,1,1.0,51,0.0062,1,1.0,1.02114312126,1.15486901187,0.33874425154,-0.4571856531
7300,1,8.68065931,8.6805056066,0.00015370339999876137,1.770642004365926e-05,8.6805144223,PASS,8.89562963,8.89684837,0.216189,0.21497,0.11478465,1.0,1,1,1.0,65,0.0061,0,1.0,1.02108173328,1.15477717489,0.338475452717,-0.457277399725
7400,1,8.69406529,8.6939095627,0.00015572729999924206,1.7911908273608338e-05,8.6939183553,PASS,8.90923528,8.91043939,0.216374,0.21517,0.11460279,1.0,1,1,1.0,57,0.0061,1,1.0,1.02102321976,1.15468846717,0.338211205309,-0.457372389634
7500,1,8.70729207,8.7071343255,0.0001577444999991684,1.8116367147331537e-05,8.7071430952,PASS,8.9226583,8.92384815,0.216556,0.215366,0.11442382,1.0,1,1,1.0,64,0.0061,0,1.0,1.02096464719,1.1545998998,0.337950905429,-0.457462599797
7600,1,8.72034438,8.7201846184,0.0001597616000008628,1.8320560867673303e-05,8.7201933658,PASS,8.93590353,8.93707946,0.216735,0.215559,0.11424784,1.0,1,1,1.0,63,0.006,0,1.0,1.02090767633,1.15451316352,0.337694714195,-0.457552804413
7700,1,8.73322675,8.7330649938,0.00016175620000069557,1.8521928335445494e-05,8.7330737192,PASS,8.94897561,8.95013796,0.216911,0.215749,0.11407469,1.0,1,1,1.0,58,0.006,0,1.0,1.02085161828,1.15442755533,0.337442408896,-0.457641218945
7800,1,8.74594358,8.7457798273,0.00016375270000068554,1.8723274224538907e-05,8.7457885312,PASS,8.96187901,8.96302812,0.217085,0.215935,0.11390424,1.0,1,1,1.0,59,0.006,0,1.0,1.02079601791,1.15434261005,0.337193810116,-0.457726700247
7900,1,8.75849906,8.7583333197,0.0001657402999999391,1.8923367904082313e-05,8.7583420023,PASS,8.97461804,8.97575421,0.217255,0.216119,0.11373651,1.0,1,1,1.0,61,0.0059,0,1.0,1.02074173428,1.15425920186,0.33694895943,-0.457811776947
8000,1,8.77089724,8.7707295207,0.00016771930000025748,1.9122251168941695e-05,8.7707381825,PASS,8.98719682,8.98832036,0.217423,0.2163,0.11357139,1.0,1,1,1.0,57,0.0059,0,1.0,1.02068843513,1.15417699077,0.336707705806,-0.457895640978
8100,1,8.78314201,8.7829723271,0.000169682900001078,1.9319157063370535e-05,8.7829809684,PASS,8.99961934,9.00073054,0.217589,0.216477,0.1134088,1.0,1,1,1.0,59,0.0059,0,1.0,1.02063602988,1.15409588301,0.336469941911,-0.457978154401
8200,1,8.79523714,8.7950654941,0.00017164590000007252,1.951577851374142e-05,8.7950741152,PASS,9.01188943,9.01298858,0.217751,0.216652,0.11324866,1.0,1,1,1.0,58,0.0058,1,1.0,1.02058440238,1.1540157586,0.336235559821,-0.458059102026
8300,1,8.80718623,8.8070126389,0.0001735910999993706,1.971016570628036e-05,8.8070212402,PASS,9.02401079,9.02509816,0.217912,0.216825,0.11309092,1.0,1,1,1.0,56,0.0058,0,1.0,1.02053368276,1.15393674868,0.336004495549,-0.458138955646
8400,1,8.81899279,8.8188172508,0.00017553919999890866,1.9904676665339315e-05,8.8188258326,PASS,9.03598698,9.03706283,0.21807,0.216994,0.11293549,1.0,1,1,1.0,57,0.0058,1,1.0,1.02048361777,1.15385859337,0.335776625301,-0.4582171056
8500,1,8.83066016,8.8304826923,0.0001774677000003777,2.009676477011858e-05,8.8304912549,PASS,9.04782144,9.04888602,0.218226,0.217161,0.11278233,1.0,1,1,1.0,57,0.0057,1,1.0,1.02043438371,1.15378147085,0.335551898982,-0.458294145598
8600,1,8.84219161,8.8420122139,0.00017939610000006212,2.028864651577734e-05,8.8420207576,PASS,9.05951748,9.06057104,0.218379,0.217326,0.11263134,1.0,1,1,1.0,57,0.0057,0,1.0,1.02038559378,1.15370498482,0.335330176948,-0.458369080342
8700,1,8.85359026,8.8534089447,0.00018131530000076168,2.047929649736938e-05,8.8534174697,PASS,9.0710783,9.07212108,0.218531,0.217488,0.11248254,1.0,1,1,1.0,62,0.0057,0,1.0,1.02033792825,1.15362982765,0.335111497481,-0.458443917324
8800,1,8.86485913,8.8646759118,0.00018321820000011257,2.0667920077835752e-05,8.8646844186,PASS,9.082507,9.08353922,0.21868,0.217648,0.11233588,1.0,1,1,1.0,55,0.0057,1,1.0,1.0202914165,1.15355602777,0.33489579457,-0.458518829625
8900,1,8.87600117,8.8758160474,0.00018512259999958758,2.08565317257149e-05,8.8758245361,PASS,9.09380656,9.09482845,0.218827,0.217805,0.11219117,1.0,1,1,1.0,60,0.0056,0,1.0,1.02024479724,1.15348229629,0.334682793295,-0.458590340958
9000,1,8.88701918,8.8868321724,0.00018700759999923378,2.104278118585469e-05,8.8868406433,PASS,9.10497986,9.10599163,0.218972,0.217961,0.11204848,1.0,1,1,1.0,62,0.0056,0,1.0,1.02019915333,1.15340973656,0.33447260539,-0.458661588672
9100,1,8.89791591,8.8977270105,0.00018889949999945088,2.122963420986644e-05,8.897735464,PASS,9.11602969,9.11703156,0.219116,0.218114,0.11190791,1.0,1,1,1.0,74,0.0056,1,1.0,1.02015583039,1.15333972064,0.334265387467,-0.458736460271
9200,1,8.90869401,8.9085032374,0.00019077259999988883,2.141420502104425e-05,8.9085116735,PASS,9.12695876,9.12795093,0.219257,0.218265,0.11176888,1.0,1,1,1.0,64,0.0056,0,1.0,1.02010995875,1.15326727553,0.334060281464,-0.458801252448
9300,1,8.91935602,8.9191633899,0.00019263010000081238,2.1596861877569986e-05,8.9191718089,PASS,9.13776968,9.13875234,0.219396,0.218414,0.11163172,1.0,1,1,1.0,66,0.0055,1,1.0,1.02006494625,1.15319587814,0.333857786041,-0.458865674378
9400,1,8.92990441,8.9297099223,0.00019448769999996784,2.177937087234373e-05,8.9297183247,PASS,9.14846497,9.14943831,0.219534,0.218561,0.11149674,1.0,1,1,1.0,60,0.0055,0,1.0,1.02002401996,1.15312882232,0.333658371099,-0.458938949478
9500,1,8.94034161,8.9401452691,0.0001963409000005356,2.196123018173302e-05,8.940153655,PASS,9.15904708,9.16001129,0.21967,0.218705,0.11136329,1.0,1,1,1.0,62,0.0055,0,1.0,1.01998161583,1.15306042482,0.333461072051,-0.459005376197
9600,1,8.95066993,8.9504717486,0.00019818140000005258,2.2141515836240046e-05,8.9504801181,PASS,9.16951838,9.17047364,0.219804,0.218848,0.11123143,1.0,1,1,1.0,63,0.0055,0,1.0,1.01993864154,1.15299161042,0.333265984132,-0.459067584756
9700,1,8.96089159,8.9606915862,0.0002000037999998483,2.2319631700828146e-05,8.9606999397,PASS,9.17988116,9.18082764,0.219936,0.21899,0.1111015,1.0,1,1,1.0,59,0.0054,0,1.0,1.0198985672,1.15292592177,0.333073621897,-0.459135493522
9800,1,8.97100882,8.9708069876,0.000201832400000157,2.249829467898762e-05,8.9708153253,PASS,9.19013766,9.19107553,0.220067,0.219129,0.11097309,1.0,1,1,1.0,56,0.0054,0,1.0,1.01985797417,1.15285986536,0.332883377498,-0.459199454501
9900,1,8.98102371,8.9808200616,0.00020364840000119955,2.2675410574236145e-05,8.9808283836,PASS,9.20029004,9.20121945,0.220196,0.219266,0.11084628,1.0,1,1,1.0,60,0.0054,0,1.0,1.01981792543,1.1527945252,0.332695375992,-0.459262545341
10000,1,8.99093831,8.990732859,0.00020545100000113337,2.2850896415630435e-05,8.9907411656,PASS,9.21034037,9.2112615,0.220323,0.219402,0.11072103,1.0,1,1,1.0,59,0.0054,0,1.0,1.01977837264,1.15272985023,0.332509562659,-0.459324685306
11000,1,9.08497925,9.0847562044,0.0002230456000003045,2.4551030207394748e-05,9.0847643673,PASS,9.30565055,9.3064966,0.221517,0.220671,0.10954742,1.0,1,1,1.0,60,0.0051,0,1.0,1.01941000937,1.15211920655,0.330762435254,-0.459904724155
12000,1,9.17085953,9.1706197052,0.00023982479999951067,2.6150744018593715e-05,9.1706277409,PASS,9.39266193,9.39344472,0.222585,0.221802,0.10849791,1.0,1,1,1.0,62,0.005,0,1.0,1.01908418861,1.15156611359,0.329190775376,-0.460420294015
13000,1,9.24988419,9.2496283639,0.0002558261000000783,2.7657221944102887e-05,9.2496362858,PASS,9.47270464,9.47343336,0.223549,0.22282,0.1075504,1.0,1,1,1.0,59,0.0048,0,1.0,1.01879317273,1.15106122238,0.327764284779,-0.460883718566
14000,1,9.32306817,9.3227970776,0.00027109240000022794,2.907759495662123e-05,9.3228048966,PASS,9.54681261,9.54749457,0.224426,0.223744,0.10668798,1.0,1,1,1.0,55,0.0046,0,1.0,1.01853015265,1.15059629915,0.326459604421,-0.461301481456
15000,1,9.3912164,9.3909307271,0.00028567289999870127,3.0419158480758818e-05,9.3909384526,PASS,9.61580548,9.61644658,0.22523,0.224589,0.1058976,1.0,1,1,1.0,66,0.0045,1,1.0,1.01829072241,1.15016572628,0.32525860632,-0.461681023525
16000,1,9.45497803,9.4546784201,0.00029960989999899823,3.168805882450033e-05,9.45468606,PASS,9.680344,9.68094906,0.225971,0.225366,0.10516892,1.0,1,1,1.0,63,0.0044,0,1.0,1.01807132384,1.14976489387,0.324146844027,-0.462027925406
17000,1,9.5148842,9.5145712569,0.00031294309999907455,3.28898485174496e-05,9.5145788179,PASS,9.74096862,9.74154165,0.226657,0.226084,0.10449373,1.0,1,1,1.0,61,0.0043,0,1.0,1.01787014523,1.14939110462,0.323112802185,-0.462349692144
18000,1,9.57137506,9.5710493577,0.0003257022999996195,3.402878875374669e-05,9.5710568456,PASS,9.79812704,9.79867141,0.227296,0.226752,0.10386495,1.0,1,1,1.0,62,0.0042,0,1.0,1.01768197478,1.14903827408,0.322146450032,-0.462641367201
19000,1,9.62481936,9.6244814216,0.0003379383999995156,3.511114207545144e-05,9.6244888419,PASS,9.85219426,9.85271282,0.227893,0.227375,0.10327757,1.0,1,1,1.0,53,0.0041,1,1.0,1.01751068215,1.14870973164,0.32124076412,-0.46292297943
20000,1,9.67552922,9.6751795407,0.0003496792999992948,3.614058642668177e-05,9.6751868979,PASS,9.90348755,9.90398275,0.228454,0.227958,0.10272652,1.0,1,1,1.0,74,0.004,1,1.0,1.01735081214,1.14839930715,0.320388479752,-0.463185527979
21000,1,9.72377112,9.7234101683,0.0003609517000011664,3.7120546704226246e-05,9.723417466,PASS,9.95227772,9.95275166,0.228981,0.228507,0.10220749,1.0,1,1,1.0,71,0.0039,0,1.0,1.01719732521,1.14810131622,0.319583388798,-0.463419944242
22000,1,9.7697743,9.7694025039,0.0003717960999995995,3.805575119576708e-05,9.7694097458,PASS,9.99879773,9.99925224,0.229478,0.229023,0.10171773,1.0,1,1,1.0,60,0.0038,0,1.0,1.01705500806,1.14782023182,0.318821622319,-0.463645566899
23000,1,9.81373751,9.8133552895,0.0003822204999988088,3.894749575371604e-05,9.8133624789,PASS,10.04324949,10.04368618,0.229949,0.229512,0.10125412,1.0,1,1,1.0,62,0.0037,0,1.0,1.01692038955,1.14755208668,0.318098660392,-0.46385635983
24000,1,9.85583415,9.8554418849,0.0003922651000003441,3.980029432621328e-05,9.8554490247,PASS,10.08580911,10.08622937,0.230395,0.229975,0.10081424,1.0,1,1,1.0,61,0.0037,0,1.0,1.01679318014,1.14729622617,0.317411016355,-0.464055179503
25000,1,9.89621637,9.8958144132,0.00040195679999932565,4.061722025579819e-05,9.8958215062,PASS,10.1266311,10.12703619,0.23082,0.230415,0.10039617,1.0,1,1,1.0,59,0.0036,0,1.0,1.01667497783,1.14705397556,0.316755939845,-0.464250096244
26000,1,9.93501849,9.9346071889,0.0004113010999997613,4.1399127783582145e-05,9.9346142373,PASS,10.16585182,10.16624283,0.231224,0.230833,0.09999764,1.0,1,1,1.0,60,0.0036,0,1.0,1.01656119029,1.14682031944,0.316130086728,-0.464430073586
27000,1,9.97235961,9.9719392832,0.00042032680000048117,4.214918198286686e-05,9.971946289,PASS,10.20359214,10.20397007,0.23161,0.231233,0.099617051,1.0,1,1,1.0,62,0.0035,0,1.0,1.01645175909,1.14659493558,0.315531133587,-0.464597372432
28000,1,10.00834581,10.0079167463,0.0004290637000003983,4.287059101931634e-05,10.0079237118,PASS,10.23995979,10.24032552,0.23198,0.231614,0.09925333,1.0,1,1,1.0,59,0.0034,0,1.0,1.01635010814,1.14638111432,0.314957561256,-0.46476456617
29000,1,10.04307207,10.042634563,0.00043750699999911546,4.356306486199651e-05,10.04264149,PASS,10.27505111,10.27540543,0.232333,0.231979,0.098904822,1.0,1,1,1.0,61,0.0034,0,1.0,1.01625210097,1.14617437989,0.314406904418,-0.464921023806
30000,1,10.07662371,10.0761780381,0.0004456718999996667,4.422829638437166e-05,10.0761849281,PASS,10.30895266,10.3092963,0.232673,0.232329,0.098570288,1.0,1,1,1.0,62,0.0033,1,1.0,1.01615643274,1.1459731905,0.313877333594,-0.465064453129
31000,1,10.10907761,10.1086240125,0.00045359749999995813,4.487031532444216e-05,10.1086308672,PASS,10.34174248,10.3420761,0.232998,0.232665,0.09824922,1.0,1,1,1.0,60,0.0033,0,1.0,1.01606813244,1.1457825503,0.313368164812,-0.465211743468
32000,1,10.14050338,10.1400421021,0.00046127789999950153,4.548865896630681e-05,10.1400489232,PASS,10.37349118,10.37381536,0.233312,0.232988,0.097940498,1.0,1,1,1.0,75,0.0032,0,1.0,1.01598489234,1.1455999174,0.312877726094,-0.465357247453
33000,1,10.17096435,10.1704956502,0.0004686998000007492,4.6082139694133245e-05,10.1705024381,PASS,10.40426284,10.40457813,0.233614,0.233298,0.097642076,1.0,1,1,1.0,67,0.0032,0,1.0,1.01589382299,1.14541184764,0.312402848529,-0.465462617645
34000,1,10.2005178,10.2000418599,0.0004759400999994057,4.665842551634052e-05,10.2000486168,PASS,10.4341158,10.4344227,0.233905,0.233598,0.097355478,1.0,1,1,1.0,62,0.0032,0,1.0,1.01581833157,1.14524234155,0.311946056593,-0.465600825773
35000,1,10.22921645,10.228733477,0.0004829729999986654,4.7215053309255706e-05,10.2287402037,PASS,10.46310334,10.46340229,0.234186,0.233887,0.097078433,1.0,1,1,1.0,63,0.0031,0,1.0,1.01574167661,1.14507400469,0.311503799231,-0.465721461658
36000,1,10.25710833,10.2566185385,0.0004897914999997255,4.7751421184388084e-05,10.2566252362,PASS,10.49127422,10.49156565,0.234457,0.234166,0.096810688,1.0,1,1,1.0,62,0.0031,0,1.0,1.01566747499,1.14491044842,0.311075742222,-0.465836543172
37000,1,10.28423761,10.2837411734,0.0004964366000006493,4.8271599590224685e-05,10.283747843,PASS,10.51867319,10.51895749,0.23472,0.234436,0.096551753,1.0,1,1,1.0,62,0.003,0,1.0,1.01559633589,1.14475219131,0.31066116531,-0.465948781108
38000,1,10.31064489,10.3101419991,0.000502890899999997,4.877395210145745e-05,10.3101486417,PASS,10.54534144,10.54561895,0.234974,0.234697,0.09630107,1.0,1,1,1.0,64,0.003,0,1.0,1.01552766406,1.14459851702,0.310259232096,-0.466057096986
39000,1,10.33636764,10.3358584491,0.0005091909000007888,4.9262073267431575e-05,10.3358650657,PASS,10.57131693,10.57158799,0.23522,0.234949,0.096058272,1.0,1,1,1.0,63,0.003,1,1.0,1.01546243659,1.14445033935,0.30986940733,-0.466165216479
40000,1,10.36144058,10.360925291,0.0005152890000008625,4.9731405205902607e-05,10.3609318815,PASS,10.59663473,10.59689966,0.235459,0.235194,0.095821889,1.0,1,1,1.0,65,0.0029,0,1.0,1.01538955717,1.14429611246,0.309489370212,-0.466239316603
41000,1,10.56167246,,,,,FAILED,10.62132735,10.62158641,0.059914,0.059655,0.16692108,1.0,1,1,1.0,161,0.5603,65,1.0,1.77292343158,1.90483521296,0.408432454472,-2.21538519541
42000,1,10.40976233,10.4092352175,0.0005271125000003707,5.063636260755732e-05,10.4092417604,PASS,10.6454249,10.64567837,0.235916,0.235663,0.095372018,1.0,1,1,1.0,61,0.0029,0,1.0,1.01527565492,1.14402578361,0.308764732001,-0.466458013778
43000,1,10.43306875,10.4325359635,0.0005327865000008813,5.106709375425915e-05,10.4325424832,PASS,10.66895539,10.66920352,0.236135,0.235887,0.095155927,1.0,1,1,1.0,67,0.0028,0,1.0,1.0152143407,1.1438885784,0.30841600752,-0.466540564997
44000,1,10.45584036,10.4553020216,0.0005383384000001712,5.1486861071410925e-05,10.4553085191,PASS,10.69194491,10.69218792,0.236348,0.236105,0.094946265,1.0,1,1,1.0,64,0.0028,0,1.0,1.01516023507,1.14376037103,0.308077257356,-0.466637402124
45000,1,10.47810122,10.4775574587,0.0005437612999994457,5.189502263650071e-05,10.4775639348,PASS,10.71441777,10.71465587,0.236555,0.236317,0.094742299,1.0,1,1,1.0,74,0.0028,0,1.0,1.01510857186,1.14363617538,0.307747328393,-0.466734109875
46000,1,10.49987386,10.4993248258,0.0005490341999987436,5.228959960084165e-05,10.4993312804,PASS,10.73639668,10.73663008,0.236756,0.236523,0.09454295,1.0,1,1,1.0,64,0.0028,0,1.0,1.01505061407,1.14350690314,0.30742449896,-0.466803731093
47000,1,10.52117911,10.5206249024,0.000554207600000467,5.267542679448473e-05,10.5206313365,PASS,10.75790288,10.75813178,0.236953,0.236724,0.094349135,1.0,1,1,1.0,62,0.0027,0,1.0,1.01499883121,1.1433853829,0.307110286782,-0.466885640345
48000,1,10.54203666,10.5414773929,0.000559267100001648,5.305114353507171e-05,10.5414838071,PASS,10.77895629,10.77918086,0.237144,0.23692,0.094160275,1.0,1,1,1.0,59,0.0027,0,1.0,1.01494948847,1.143267703,0.306803778444,-0.466968509085
49000,1,10.56246503,10.5619008325,0.0005641975000010291,5.341532477490523e-05,10.5619072269,PASS,10.79957558,10.79979598,0.237331,0.237111,0.093975554,1.0,1,1,1.0,66,0.0027,0,1.0,1.01489609782,1.14314710676,0.306503669581,-0.467032277163
50000,1,10.5824814,10.5819123581,0.0005690419000003999,5.3772067107096436e-05,10.5819187338,PASS,10.81977828,10.81999468,0.237513,0.237297,0.093795835,1.0,1,1,1.0,64,0.0027,0,1.0,1.0148501387,1.14303541369,0.306211389916,-0.467113302771
51000,1,10.60210215,10.601528373,0.000573776999999609,5.411917296039342e-05,10.6015347303,PASS,10.83958091,10.83979346,0.237691,0.237479,0.093620257,1.0,1,1,1.0,60,0.0026,0,1.0,1.01480435073,1.14292507412,0.305925557957,-0.467189060879
52000,1,10.62134261,10.620764201,0.0005784089999991693,5.445723965768668e-05,10.6207705403,PASS,10.858999,10.85920783,0.237865,0.237656,0.093448745,1.0,1,1,1.0,59,0.0026,0,1.0,1.01475982828,1.14281717729,0.305646071399,-0.467263252014
53000,1,10.64021729,10.6396343458,0.0005829442000013785,5.478686986488961e-05,10.6396406674,PASS,10.87804719,10.87825244,0.238035,0.23783,0.093280918,1.0,1,1,1.0,62,0.0026,0,1.0,1.01471422817,1.14270925996,0.305372326252,-0.467328725274
54000,1,10.6587398,10.6581524055,0.0005873945000001157,5.510918842395569e-05,10.65815871,PASS,10.89673933,10.89694112,0.238201,0.238,0.093116943,1.0,1,1,1.0,62,0.0026,0,1.0,1.01467105466,1.14260490816,0.305104613393,-0.467396761313
55000,1,10.67692304,10.6763312901,0.0005917498999998827,5.542326171903199e-05,10.676337578,PASS,10.91508846,10.91528692,0.238364,0.238165,0.092956636,1.0,1,1,1.0,63,0.0025,0,1.0,1.01462990528,1.14250367008,0.304842648865,-0.467466316172
56000,1,10.69477922,10.6941831805,0.0005960394999995344,5.573181902482831e-05,10.6941894522,PASS,10.93310697,10.93330221,0.238523,0.238328,0.092800002,1.0,1,1,1.0,76,0.0025,0,1.0,1.01459234866,1.1424071347,0.304586457351,-0.467542568838
57000,1,10.71232004,10.7117198283,0.0006002117000001306,5.60300381018238e-05,10.7117260837,PASS,10.95080655,10.95099867,0.238679,0.238487,0.092645855,1.0,1,1,1.0,60,0.0025,1,1.0,1.01454683547,1.14230332134,0.304334107496,-0.467589132572
58000,1,10.72955631,10.7289519938,0.0006043161999986779,5.6322571273096564e-05,10.7289582333,PASS,10.96819829,10.9683874,0.238831,0.238642,0.092495155,1.0,1,1,1.0,65,0.0025,1,1.0,1.01450520086,1.14220444248,0.304087187932,-0.467643650007
59000,1,10.74649839,10.7458900331,0.0006083568999990518,5.6609779103968385e-05,10.7458962576,PASS,10.98529272,10.98547892,0.238981,0.238794,0.092347993,1.0,1,1,1.0,60,0.0025,0,1.0,1.01446973548,1.14211283999,0.303845862907,-0.467713592124
60000,1,10.76315628,10.7625439671,0.0006123129000012995,5.688971562543357e-05,10.7625501765,PASS,11.00209984,11.00228321,0.239127,0.238944,0.092203451,1.0,1,1,1.0,65,0.0024,0,1.0,1.01443157361,1.14201931235,0.303608635977,-0.467770990408
61000,1,10.77953943,10.7789232649,0.0006161651000002877,5.716061469987013e-05,10.778929459,PASS,11.01862914,11.01880978,0.23927,0.23909,0.092060969,1.0,1,1,1.0,65,0.0024,0,1.0,1.01438567597,1.14191861643,0.303374595416,-0.467799936367
62000,1,10.79565642,10.7950364095,0.0006200105000004896,5.743147761277953e-05,10.7950425899,PASS,11.03488966,11.03506765,0.239411,0.239233,0.091922806,1.0,1,1,1.0,64,0.0024,1,1.0,1.01435802182,1.14183761457,0.303147473762,-0.467883214762
63000,1,10.8115161,10.8108923381,0.0006237619000000194,5.769421182289313e-05,10.8108985044,PASS,11.05089001,11.05106542,0.239549,0.239374,0.091786523,1.0,1,1,1.0,63,0.0024,0,1.0,1.01432276965,1.14174953733,0.302923263858,-0.467938762867
64000,1,10.82712654,10.8264991231,0.0006274169000004548,5.7948606925624316e-05,10.8265052752,PASS,11.06663836,11.06681128,0.239685,0.239512,0.091652172,1.0,1,1,1.0,65,0.0024,0,1.0,1.01428144265,1.14165593623,0.302702058952,-0.467971498826
65000,1,10.84249519,10.8418641249,0.0006310650999985512,5.820294027712188e-05,10.841870264,PASS,11.08214255,11.08231305,0.239818,0.239647,0.091521543,1.0,1,1,1.0,63,0.0024,1,1.0,1.01425478582,1.14157826472,0.302486823942,-0.468047708237
66000,1,10.85762976,10.8569951581,0.0006346018999998648,5.844755384253081e-05,10.8570012836,PASS,11.09741002,11.09757817,0.239948,0.23978,0.091392226,1.0,1,1,1.0,66,0.0023,0,1.0,1.01421700465,1.14148979777,0.302273587885,-0.468085216304
67000,1,10.87253715,10.8718990729,0.0006380770999996344,5.868704711665523e-05,10.871905185,PASS,11.1124479,11.11261376,0.240077,0.239911,0.091265105,1.0,1,1,1.0,65,0.0023,0,1.0,1.01417872425,1.14140151408,0.302063818372,-0.468118011757
68000,1,10.88722399,10.8865824679,0.0006415221000004578,5.892430435799804e-05,10.8865885672,PASS,11.12726298,11.12742662,0.240203,0.240039,0.091140742,1.0,1,1,1.0,62,0.0023,0,1.0,1.01414700481,1.14132070496,0.301858453857,-0.468168782943
69000,1,10.90169668,10.9010517511,0.000644928899999897,5.9158580442168104e-05,10.9010578384,PASS,11.14186178,11.14202326,0.240327,0.240165,0.091019156,1.0,1,1,1.0,67,0.0023,1,1.0,1.01412285581,1.14124839849,0.301657535532,-0.468240908491
70000,1,10.91596164,10.9153133879,0.0006482521000013008,5.938570703893576e-05,10.9153194628,PASS,11.15625052,11.1564099,0.240448,0.240289,0.09089869,1.0,1,1,1.0,61,0.0023,0,1.0,1.01408855767,1.14116622644,0.301458325882,-0.468277749595
71000,1,10.93002445,10.9293729022,0.000651547799998653,5.9610827311429575e-05,10.9293789654,PASS,11.17043516,11.17059249,0.240568,0.240411,0.090781121,1.0,1,1,1.0,74,0.0023,1,1.0,1.01406462552,1.14109541779,0.301263776873,-0.468345113554
72000,1,10.94389109,10.9432363419,0.0006547480999987698,5.982772440024071e-05,10.9432423928,PASS,11.1844214,11.18457674,0.240686,0.24053,0.090664364,1.0,1,1,1.0,61,0.0022,0,1.0,1.01402845276,1.14101254173,0.301070437012,-0.468370601671
73000,1,10.95756661,10.9569086739,0.0006579361000014217,6.004399730511167e-05,10.9569147136,PASS,11.19821472,11.19836812,0.240802,0.240648,0.090550559,1.0,1,1,1.0,65,0.0022,1,1.0,1.01400460271,1.14094302455,0.30088186389,-0.468433101033
74000,1,10.97105651,10.9703954573,0.0006610526999999422,6.025424255151724e-05,10.9704014853,PASS,11.21182037,11.21197189,0.240915,0.240764,0.090437817,1.0,1,1,1.0,67,0.0022,0,1.0,1.01397255906,1.14086559939,0.300694927301,-0.468466830011
75000,1,10.98436555,10.9837014108,0.000664139199999525,6.046222669633614e-05,10.9837074276,PASS,11.22524339,11.22539306,0.241028,0.240878,0.090327371,1.0,1,1,1.0,63,0.0022,0,1.0,1.01394672448,1.1407951713,0.300511681442,-0.468518130885
76000,1,10.99749864,10.9968314673,0.0006671727000000516,6.0665858832063615e-05,10.9968374731,PASS,11.23848862,11.2386365,0.241138,0.24099,0.09021843,1.0,1,1,1.0,63,0.0022,1,1.0,1.0139187988,1.14072312755,0.300330817214,-0.468560398999
77000,1,11.01046031,11.0097901594,0.0006701505999995305,6.08649031131679e-05,11.0097961544,PASS,11.2515607,11.25170683,0.241247,0.2411,0.090111248,1.0,1,1,1.0,63,0.0022,0,1.0,1.0138921767,1.14065297141,0.300152762316,-0.468604620934
78000,1,11.02325509,11.0225820118,0.0006730781999984004,6.105984071882713e-05,11.0225879957,PASS,11.26446411,11.26460852,0.241353,0.241209,0.090005262,1.0,1,1,1.0,64,0.0022,0,1.0,1.01386104312,1.1405786643,0.299976584147,-0.46863212573
79000,1,11.03588715,11.0352111877,0.0006759623000007764,6.125128780433174e-05,11.0352171608,PASS,11.27720313,11.27734588,0.241459,0.241316,0.089900837,1.0,1,1,1.0,65,0.0021,0,1.0,1.01383000054,1.14050496207,0.299802894905,-0.468657789692
80000,1,11.04836039,11.0476815441,0.0006788458999995584,6.144313509305777e-05,11.0476875073,PASS,11.28978191,11.28992304,0.241563,0.241422,0.089799033,1.0,1,1,1.0,64,0.0021,0,1.0,1.01381149863,1.14044475451,0.29963346745,-0.468721854427
81000,1,11.06067906,11.0599973933,0.0006816667000002496,6.162973324716011e-05,11.0600033463,PASS,11.30220443,11.30234397,0.241665,0.241525,0.08969801,1.0,1,1,1.0,67,0.0021,1,1.0,1.01378524631,1.14037700249,0.299465238458,-0.468758922461
82000,1,11.07284686,11.0721624357,0.0006844243000010408,6.181105082140013e-05,11.0721683784,PASS,11.31447453,11.31461251,0.241766,0.241628,0.089598167,1.0,1,1,1.0,66,0.0021,0,1.0,1.01375617812,1.14030680762,0.299298876589,-0.468784945722
83000,1,11.08486731,11.0841801381,0.0006871718999992282,6.199189226011838e-05,11.084186071,PASS,11.32659589,11.32673235,0.241865,0.241729,0.089500344,1.0,1,1,1.0,67,0.0021,0,1.0,1.01373422822,1.14024445523,0.299135788804,-0.468832083879
84000,1,11.09674416,11.0960543024,0.0006898575999993994,6.216756825719224e-05,11.0960602252,PASS,11.33857208,11.33870706,0.241963,0.241828,0.08940319,1.0,1,1,1.0,65,0.0021,0,1.0,1.0137045138,1.14017450889,0.298973722243,-0.468852271833
85000,1,11.10848048,11.1077879329,0.0006925470999998851,6.23439993657787e-05,11.1077938467,PASS,11.35040654,11.35054007,0.24206,0.241926,0.089308505,1.0,1,1,1.0,63,0.0021,1,1.0,1.01368783883,1.14011852285,0.298815689652,-0.468912870723
86000,1,11.12007987,11.1193846977,0.0006951723000003796,6.251504558666264e-05,11.1193906019,PASS,11.36210258,11.36223469,0.242155,0.242023,0.08921444,1.0,1,1,1.0,66,0.0021,0,1.0,1.01366361847,1.14005514952,0.298658603379,-0.468947312864
87000,1,11.13154538,11.130847614,0.0006977660000000441,6.268365947227033e-05,11.1308535089,PASS,11.3736634,11.37379413,0.242249,0.242118,0.089121647,1.0,1,1,1.0,64,0.0021,0,1.0,1.01363961442,1.13999242481,0.298503556901,-0.468980759436
88000,1,11.14288005,11.1421797268,0.0007003232000002413,6.284938874490005e-05,11.1421856125,PASS,11.38509209,11.38522147,0.242341,0.242212,0.089030146,1.0,1,1,1.0,64,0.002,0,1.0,1.0136164113,1.1399309456,0.298350587167,-0.469015150705
89000,1,11.15408684,11.1533839894,0.0007028505999997492,6.301283198542402e-05,11.1533898661,PASS,11.39639165,11.3965197,0.242433,0.242305,0.088939904,1.0,1,1,1.0,61,0.002,0,1.0,1.01359397918,1.13987067199,0.298199642311,-0.469050435146
90000,1,11.16516871,11.1644633919,0.00070531809999963,6.317128906148254e-05,11.1644692592,PASS,11.40756495,11.4076917,0.242523,0.242396,0.088850272,1.0,1,1,1.0,66,0.002,0,1.0,1.0135652486,1.13980426513,0.298049637285,-0.469063698262
91000,1,11.17612813,11.1754203228,0.0007078071999995217,6.333205845229708e-05,11.1754261817,PASS,11.41861479,11.41874027,0.242612,0.242487,0.088762905,1.0,1,1,1.0,62,0.002,1,1.0,1.01354941944,1.13975162476,0.29790335053,-0.469117331204
92000,1,11.18696802,11.1862577739,0.0007102461000005889,6.348870388570118e-05,11.1862636243,PASS,11.42954386,11.42966809,0.2427,0.242576,0.088676305,1.0,1,1,1.0,64,0.002,0,1.0,1.01352971699,1.13969534946,0.297758273171,-0.469156903591
93000,1,11.19769102,11.1969783885,0.0007126315000007821,6.364093264655752e-05,11.1969842299,PASS,11.44035477,11.44047779,0.242787,0.242664,0.088590184,1.0,1,1,1.0,66,0.002,0,1.0,1.01350313429,1.13963231239,0.297613923495,-0.469172647398
94000,1,11.20829951,11.2075845296,0.0007149803999997317,6.37902653620051e-05,11.2075903622,PASS,11.45105006,11.45117188,0.242872,0.242751,0.088505126,1.0,1,1,1.0,65,0.002,0,1.0,1.0134766285,1.13956972006,0.297471284031,-0.469187204102
95000,1,11.21879565,11.2180782803,0.0007173697000002477,6.394355707871795e-05,11.2180841054,PASS,11.46163217,11.46175282,0.242957,0.242837,0.088422609,1.0,1,1,1.0,74,0.002,0,1.0,1.01346741992,1.13952542484,0.297332842051,-0.469256688506
96000,1,11.22918226,11.22846259,0.0007196700000005052,6.408926165212187e-05,11.2284684067,PASS,11.47210347,11.47222297,0.243041,0.242921,0.088339914,1.0,1,1,1.0,67,0.002,0,1.0,1.01344463398,1.1394673994,0.297194030712,-0.469280621378
97000,1,11.23946148,11.2387395564,0.0007219235999986751,6.423115567265374e-05,11.2387453645,PASS,11.48246626,11.48258463,0.243123,0.243005,0.088257796,1.0,1,1,1.0,65,0.0019,0,1.0,1.01341716453,1.13940485978,0.297056120047,-0.469287957301
98000,1,11.24963521,11.2489109908,0.0007242191999985437,6.437712747830013e-05,11.2489167915,PASS,11.49272276,11.49284003,0.243205,0.243088,0.088177952,1.0,1,1,1.0,67,0.0019,1,1.0,1.01340475567,1.13935827865,0.296921968222,-0.469343105479
99000,1,11.25970596,11.2589795165,0.0007264434999996183,6.45170933042392e-05,11.258985309,PASS,11.50287513,11.50299132,0.243285,0.243169,0.08809821,1.0,1,1,1.0,64,0.0019,0,1.0,1.01338270873,1.13930203098,0.296787922527,-0.469365565138
100000,1,11.26967572,11.2689471105,0.0007286095000011983,6.465221521043005e-05,11.2689528947,PASS,11.51292546,11.5130406,0.243365,0.24325,0.088018963,1.0,1,1,1.0,65,0.0019,0,1.0,1.01335576052,1.13924102289,0.296654645426,-0.469370781951
101000,1,11.27954627,11.2788154595,0.0007308105000003451,6.479077105646245e-05,11.2788212362,PASS,11.5228758,11.52298988,0.243444,0.24333,0.087941595,1.0,1,1,1.0,65,0.0019,0,1.0,1.01334007647,1.13919201772,0.296524471082,-0.469411570683
102000,1,11.28931984,11.2885868909,0.000732949099999658,6.492411503859545e-05,11.2885926597,PASS,11.53272809,11.53284116,0.243521,0.243408,0.087864438,1.0,1,1,1.0,65,0.0019,0,1.0,1.01331667243,1.13913531569,0.29639459081,-0.46942596121
103000,1,11.29899801,11.2982628883,0.0007351217000000076,6.506078674847095e-05,11.2982686501,PASS,11.54248427,11.54259633,0.243598,0.243486,0.087789245,1.0,1,1,1.0,64,0.0019,0,1.0,1.01330597924,1.13909210691,0.296267962702,-0.469480755323
104000,1,11.30858293,11.3078457035,0.0007372265000000766,6.519176669291814e-05,11.3078514579,PASS,11.55214618,11.55225726,0.243674,0.243563,0.087714204,1.0,1,1,1.0,64,0.0019,0,1.0,1.01328730651,1.13904092015,0.296141532679,-0.469508342479
105000,1,11.31807626,11.3173369481,0.0007393119000003168,6.532133933512804e-05,11.3173426952,PASS,11.56171563,11.56182574,0.243749,0.243639,0.087640046,1.0,1,1,1.0,62,0.0019,0,1.0,1.01326928958,1.13899070874,0.29601653547,-0.469536975427
106000,1,11.32747975,11.3267383826,0.0007413673999998593,6.544857429560704e-05,11.3267441224,PASS,11.57119437,11.57130354,0.243824,0.243715,0.087566641,1.0,1,1,1.0,64,0.0019,0,1.0,1.01325062361,1.13894011343,0.295892753407,-0.469562406755
107000,1,11.33679506,11.3360516548,0.0007434051999997138,6.557454695663465e-05,11.3360573875,PASS,11.58058411,11.58069234,0.243897,0.243789,0.087494131,1.0,1,1,1.0,62,0.0019,0,1.0,1.01323314348,1.13889103287,0.295770428113,-0.469590667858
108000,1,11.34602384,11.3452784054,0.0007454346000006495,6.570007348060089e-05,11.345284131,PASS,11.58988651,11.58999382,0.24397,0.243863,0.087422489,1.0,1,1,1.0,64,0.0018,1,1.0,1.01321672559,1.13884333384,0.295649515865,-0.469621380696
109000,1,11.35516771,11.354420294,0.0007474159999993901,6.582166103466473e-05,11.3544260126,PASS,11.59910316,11.59920958,0.244042,0.243935,0.087351418,1.0,1,1,1.0,66,0.0018,0,1.0,1.01319810866,1.13879362711,0.295529516166,-0.469643874855
110000,1,11.36422826,11.3634788879,0.0007493721000013664,6.594131012301283e-05,11.3634845992,PASS,11.60823564,11.60834118,0.244113,0.244007,0.087280829,1.0,1,1,1.0,65,0.0018,0,1.0,1.0131764303,1.13874101259,0.295410279639,-0.469655330737
111000,1,11.3732068,11.372455459,0.0007513410000008491,6.606237037744263e-05,11.3724611637,PASS,11.61728548,11.61739014,0.244183,0.244079,0.087211694,1.0,1,1,1.0,64,0.0018,1,1.0,1.01316314642,1.13869737444,0.295293452659,-0.469693361591
112000,1,11.38210507,11.3813518158,0.0007532541999992759,6.617881273865942e-05,11.3813575135,PASS,11.62625415,11.62635796,0.244253,0.244149,0.087142567,1.0,1,1,1.0,64,0.0018,0,1.0,1.01314163125,1.13864545376,0.295176589522,-0.469703420523
113000,1,11.3909242,11.3901690166,0.0007551834000008029,6.629693839950254e-05,11.3901747079,PASS,11.6351431,11.63524606,0.244322,0.244219,0.087074977,1.0,1,1,1.0,62,0.0018,0,1.0,1.01312981762,1.13860385765,0.29506228053,-0.469744412618
114000,1,11.39966581,11.3989087294,0.0007570805999996821,6.641252582470943e-05,11.3989144142,PASS,11.64395373,11.64405587,0.24439,0.244288,0.08700775,1.0,1,1,1.0,63,0.0018,1,1.0,1.01311421492,1.13855858041,0.294948539139,-0.469772051815
115000,1,11.4083312,11.4075722388,0.0007589611999989643,6.652692551553591e-05,11.407577917,PASS,11.65268741,11.65278874,0.244458,0.244356,0.086941161,1.0,1,1,1.0,76,0.0018,0,1.0,1.01309817196,1.13851309335,0.294835832325,-0.469797352151
116000,1,11.41692171,11.4161609169,0.0007607931000013224,6.663732303033568e-05,11.4161665885,PASS,11.66134547,11.661446,0.244524,0.244424,0.086874978,1.0,1,1,1.0,67,0.0018,0,1.0,1.01307913116,1.13846473745,0.29472376788,-0.469811913877
117000,1,11.42543865,11.424676046,0.0007626040000001666,6.674614632849712e-05,11.4246817107,PASS,11.66992921,11.67002896,0.24459,0.244491,0.086809197,1.0,1,1,1.0,62,0.0018,0,1.0,1.0130571841,1.13841360342,0.294612339828,-0.469816041983
118000,1,11.43388304,11.4331185999,0.0007644400999993195,6.685743568698596e-05,11.4331242586,PASS,11.6784399,11.67853887,0.244656,0.244557,0.086744949,1.0,1,1,1.0,66,0.0018,0,1.0,1.01304567382,1.13837353825,0.294503468638,-0.469853679122
119000,1,11.44225621,11.44148993,0.0007662800000005632,6.696930971803184e-05,11.441495583,PASS,11.68687877,11.68697698,0.244721,0.244623,0.086681674,1.0,1,1,1.0,74,0.0018,0,1.0,1.0130382158,1.13833791129,0.294396206391,-0.469903851622
120000,1,11.45055964,11.4497916099,0.0007680300999997058,6.707358628278415e-05,11.4497972562,PASS,11.69524702,11.69534448,0.244785,0.244687,0.086617803,1.0,1,1,1.0,66,0.0018,0,1.0,1.01301660257,1.13828781698,0.294287889892,-0.469906583765
121000,1,11.45879421,11.4580244332,0.0007697768000003435,6.717781870352164e-05,11.4580300732,PASS,11.70354582,11.70364255,0.244848,0.244752,0.086554814,1.0,1,1,1.0,65,0.0017,0,1.0,1.01299823199,1.13824131251,0.294181029438,-0.469919194918
122000,1,11.46696108,11.4661895655,0.0007715145000002366,6.728151378710675e-05,11.4661951993,PASS,11.71177632,11.71187232,0.244911,0.244815,0.086492557,1.0,1,1,1.0,62,0.0017,0,1.0,1.01298148125,1.13819670981,0.294075371722,-0.469936360184
123000,1,11.47506138,11.4742881317,0.0007732482999998069,6.738511232258062e-05,11.4742937594,PASS,11.71993963,11.72003492,0.244974,0.244878,0.086430934,1.0,1,1,1.0,65,0.0017,0,1.0,1.01296532902,1.13815294513,0.293970751469,-0.469954729971
124000,1,11.48309617,11.482321223,0.0007749470000000258,6.748589304900212e-05,11.4823268446,PASS,11.72803684,11.72813143,0.245035,0.244941,0.086369877,1.0,1,1,1.0,64,0.0017,0,1.0,1.01294909972,1.13810931367,0.293867054186,-0.469972090124
125000,1,11.49106648,11.49028982,0.0007766600000014279,6.758815653474731e-05,11.4902954358,PASS,11.73606902,11.73616291,0.245096,0.245003,0.086309658,1.0,1,1,1.0,65,0.0017,0,1.0,1.01293610306,1.13806924869,0.293764743749,-0.469999384297
126000,1,11.49897329,11.4981949163,0.0007783737000011115,6.769071293330324e-05,11.4982005267,PASS,11.74403719,11.74413039,0.245157,0.245064,0.086250392,1.0,1,1,1.0,64,0.0017,0,1.0,1.01292781095,1.13803427561,0.293664017424,-0.470041501238
127000,1,11.50681793,11.5060379404,0.0007799895999998085,6.778499536055564e-05,11.5060435445,PASS,11.75194237,11.7520349,0.245217,0.245124,0.086190364,1.0,1,1,1.0,67,0.0017,0,1.0,1.01290419018,1.13798358936,0.293561956641,-0.470032258057
128000,1,11.51460084,11.5138191473,0.0007816927000003915,6.788708621882124e-05,11.5138247463,PASS,11.75978554,11.75987742,0.245277,0.245185,0.086132453,1.0,1,1,1.0,68,0.0017,0,1.0,1.01289917556,1.13795242413,0.293463464072,-0.47008381288
129000,1,11.52232341,11.5215400934,0.0007833165999997505,6.798252159108165e-05,11.5215456867,PASS,11.76756768,11.76765891,0.245335,0.245244,0.086074248,1.0,1,1,1.0,64,0.0017,1,1.0,1.01288453913,1.13791146513,0.293364435211,-0.470102877438
130000,1,11.52998643,11.5292014825,0.0007849474999996886,6.807878784291758e-05,11.5292070701,PASS,11.77528973,11.77538031,0.245394,0.245303,0.086016656,1.0,1,1,1.0,64,0.0017,0,1.0,1.01287104596,1.13787188788,0.293266415558,-0.470125048645
131000,1,11.53759067,11.5368040834,0.0007865866000003052,6.817598426728595e-05,11.5368096661,PASS,11.7829526,11.78304255,0.245452,0.245362,0.085960223,1.0,1,1,1.0,68,0.0017,0,1.0,1.01286523328,1.13784047865,0.29317033715,-0.470171982578
132000,1,11.54513748,11.5443493487,0.0007881312999984402,6.826521566882547e-05,11.5443549252,PASS,11.7905572,11.79064652,0.245509,0.24542,0.085902745,1.0,1,1,1.0,66,0.0017,0,1.0,1.01284122869,1.13779036549,0.293072442735,-0.470158040787
133000,1,11.55262707,11.5518373102,0.0007897597999999562,6.836192280895259e-05,11.5518428819,PASS,11.79810441,11.79819312,0.245566,0.245477,0.085847492,1.0,1,1,1.0,75,0.0017,1,1.0,1.01283767371,1.13776167633,0.292978309844,-0.47021117843
134000,1,11.56006104,11.5592697976,0.0007912424000000584,6.844621297951713e-05,11.5592753629,PASS,11.80559508,11.80568318,0.245622,0.245534,0.085790637,1.0,1,1,1.0,65,0.0017,1,1.0,1.01280952199,1.13770762461,0.292881410453,-0.470182195591
135000,1,11.56743948,11.5666466471,0.0007928329000002066,6.854005170037912e-05,11.5666522075,PASS,11.81303006,11.81311756,0.245678,0.245591,0.085736057,1.0,1,1,1.0,64,0.0017,0,1.0,1.01280261835,1.13767582189,0.292788361158,-0.470223001149
136000,1,11.5747637,11.5739693504,0.0007943495999995775,6.862771634807349e-05,11.5739749052,PASS,11.82041016,11.82049708,0.245733,0.245646,0.085681098,1.0,1,1,1.0,52,0.0016,0,1.0,1.01278572172,1.1376338182,0.292694633069,-0.470230071366
137000,1,11.58203428,11.5812384111,0.00079586890000094,6.871581284949711e-05,11.5812439607,PASS,11.8277362,11.82782254,0.245788,0.245702,0.085626893,1.0,1,1,1.0,65,0.0016,1,1.0,1.01277230244,1.13759560178,0.292602161195,-0.470248070669
138000,1,11.58925211,11.5884547549,0.0007973550999995638,6.880125589049454e-05,11.588460299,PASS,11.83500896,11.83509473,0.245843,0.245757,0.085572862,1.0,1,1,1.0,64,0.0016,0,1.0,1.01275558886,1.13755413652,0.292509955588,-0.47025454653
139000,1,11.59641784,11.595618986,0.0007988540000010147,6.888799722665173e-05,11.5956245249,PASS,11.84222921,11.84231441,0.245897,0.245811,0.085519608,1.0,1,1,1.0,65,0.0016,0,1.0,1.01274280007,1.13751691863,0.292419047355,-0.470273464982
140000,1,11.60353214,11.6027317553,0.0008003846999997677,6.897767768838771e-05,11.6027372897,PASS,11.8493977,11.84948234,0.24595,0.245866,0.085467487,1.0,1,1,1.0,65,0.0016,0,1.0,1.01273824402,1.1374884211,0.292330046509,-0.47031915721
141000,1,11.61059614,11.6097943268,0.0008018132000007228,6.905874516110098e-05,11.6097998555,PASS,11.85651517,11.85659926,0.246003,0.245919,0.085414429,1.0,1,1,1.0,64,0.0016,0,1.0,1.01271747312,1.13744324571,0.292239414058,-0.47031043418
142000,1,11.61761009,11.6168067894,0.0008033005999994458,6.914508180050703e-05,11.6168123134,PASS,11.86358234,11.86366588,0.246056,0.245972,0.085362837,1.0,1,1,1.0,59,0.0016,0,1.0,1.01270904523,1.13741105602,0.292151260195,-0.470342164276
143000,1,11.624575,11.6237702712,0.0008047288000003761,6.92265136575209e-05,11.62377579,PASS,11.87059991,11.87068292,0.246108,0.246025,0.085311052,1.0,1,1,1.0,64,0.0016,0,1.0,1.01269336613,1.13737149488,0.292062747724,-0.470349251826
144000,1,11.63149114,11.6306849058,0.0008062341999988121,6.931477574927784e-05,11.6306904207,PASS,11.87756858,11.87765106,0.24616,0.246077,0.08526117,1.0,1,1,1.0,75,0.0016,0,1.0,1.01269539376,1.13735048836,0.291977464882,-0.470414689079
145000,1,11.63835994,11.637552347,0.0008075930000011056,6.93906189673238e-05,11.6375578561,PASS,11.88448902,11.88457098,0.246211,0.246129,0.085209445,1.0,1,1,1.0,65,0.0016,1,1.0,1.01267071362,1.13730189225,0.291888999231,-0.470390773933
146000,1,11.64518141,11.6443724152,0.0008089947999998515,6.947034756411335e-05,11.6443779193,PASS,11.8913619,11.89144335,0.246262,0.24618,0.085159045,1.0,1,1,1.0,64,0.0016,0,1.0,1.01265702321,1.1372648683,0.291802775059,-0.470402888638
147000,1,11.65195622,11.6511457817,0.0008104383000002713,6.955384011906897e-05,11.6511512816,PASS,11.89818787,11.89826881,0.246313,0.246232,0.085109854,1.0,1,1,1.0,64,0.0016,0,1.0,1.01265303212,1.13723807463,0.291718595616,-0.470446782236
148000,1,11.65868517,11.6578732976,0.0008118723999999133,6.963670329558383e-05,11.6578787932,PASS,11.90496755,11.90504799,0.246363,0.246282,0.08506102,1.0,1,1,1.0,75,0.0016,1,1.0,1.0126486831,1.1372110604,0.291635002305,-0.470488999328
149000,1,11.66536926,11.6645560967,0.0008131633000001415,6.97074633366678e-05,11.6645615864,PASS,11.91170158,11.91178153,0.246412,0.246332,0.085010607,1.0,1,1,1.0,61,0.0016,0,1.0,1.01262098214,1.13715993201,0.291548676206,-0.470452940459
150000,1,11.67200835,11.6711937789,0.0008145711000011602,6.978842677071595e-05,11.6711992643,PASS,11.91839057,11.91847003,0.246462,0.246382,0.084962384,1.0,1,1,1.0,64,0.0016,0,1.0,1.01261487653,1.13713138869,0.291466079164,-0.470488329495
151000,1,11.67860337,11.6777874194,0.0008159505999998373,6.986713857376572e-05,11.6777929006,PASS,11.92503512,11.92511409,0.246511,0.246432,0.084914524,1.0,1,1,1.0,75,0.0016,0,1.0,1.01260868054,1.13710289683,0.29138408005,-0.470522949681
152000,1,11.68515515,11.6843378929,0.0008172570999995799,6.993977311457263e-05,11.6843433689,PASS,11.9316358,11.9317143,0.246559,0.246481,0.084865932,1.0,1,1,1.0,64,0.0016,0,1.0,1.01258939244,1.13706094429,0.291300800304,-0.470513449146
153000,1,11.69166381,11.6908451955,0.0008186144999999811,7.001693799130725e-05,11.6908506673,PASS,11.9381932,11.93827123,0.246607,0.246529,0.084818742,1.0,1,1,1.0,66,0.0016,0,1.0,1.01258252901,1.13703204371,0.29121990199,-0.4705449139
154000,1,11.69813034,11.6973104436,0.000819896400001241,7.008781541762518e-05,11.6973159103,PASS,11.94470788,11.94478544,0.246655,0.246578,0.084770866,1.0,1,1,1.0,64,0.0015,0,1.0,1.01256323122,1.13699036161,0.291137801977,-0.470534436546
155000,1,11.70455482,11.7037335582,0.0008212618000005278,7.01660005553742e-05,11.7037390209,PASS,11.9511804,11.9512575,0.246703,0.246626,0.084724637,1.0,1,1,1.0,65,0.0015,0,1.0,1.01255942076,1.13696491122,0.291058506238,-0.470575187746
156000,1,11.71093824,11.7101157016,0.0008225384000013491,7.023676354059136e-05,11.7101211595,PASS,11.95761129,11.95768794,0.24675,0.246673,0.08467772,1.0,1,1,1.0,64,0.0015,0,1.0,1.01254326036,1.13692676307,0.290978005637,-0.470574271638
157000,1,11.71728082,11.7164569805,0.0008238394999988685,7.030978540624142e-05,11.716462434,PASS,11.96400108,11.96407729,0.246796,0.24672,0.084631671,1.0,1,1,1.0,64,0.0015,0,1.0,1.01253340361,1.13689530007,0.290898973116,-0.470593961214
158000,1,11.72358322,11.7227581041,0.0008251158999996733,7.038086261818451e-05,11.7227635531,PASS,11.97035031,11.97042607,0.246843,0.246767,0.084585772,1.0,1,1,1.0,64,0.0015,0,1.0,1.01252132225,1.13686165793,0.290820175718,-0.470605787885
159000,1,11.72984586,11.7290194585,0.0008264014999994629,7.04528865820461e-05,11.7290249033,PASS,11.97665948,11.97673481,0.246889,0.246814,0.084540465,1.0,1,1,1.0,67,0.0015,0,1.0,1.01251236169,1.13683139024,0.290742373625,-0.470627616255
160000,1,11.7360693,11.7352416256,0.000827674399999978,7.052398710699314e-05,11.7352470661,PASS,11.98292909,11.98300399,0.246935,0.24686,0.084495432,1.0,1,1,1.0,65,0.0015,0,1.0,1.01250277044,1.13680059668,0.290665020752,-0.470646919704
161000,1,11.74225399,11.7414250316,0.0008289583999996353,7.059619053595648e-05,11.7414304681,PASS,11.98915964,11.98923411,0.24698,0.246906,0.084450895,1.0,1,1,1.0,66,0.0015,0,1.0,1.01249526223,1.13677209608,0.290588499387,-0.470672777382
162000,1,11.74840051,11.7475703162,0.0008301938000006004,7.066441081013167e-05,11.7475757483,PASS,11.99535161,11.99542566,0.247025,0.246951,0.084406263,1.0,1,1,1.0,65,0.0015,2,1.0,1.01248280313,1.13673857626,0.290511793247,-0.470681670896
163000,1,11.75450931,11.7536779063,0.0008314036999994556,7.073061733782026e-05,11.7536833339,PASS,12.00150548,12.00157911,0.24707,0.246996,0.08436169,1.0,1,1,1.0,65,0.0015,1,1.0,1.01246728482,1.13670200153,0.290435167272,-0.470679920816
164000,1,11.76058074,11.7597481138,0.0008326261999993534,7.079805142338178e-05,11.759753537,PASS,12.00762171,12.00769492,0.247114,0.247041,0.08431772,1.0,1,1,1.0,64,0.0015,0,1.0,1.01245528494,1.13666920702,0.290359558128,-0.470689540594
165000,1,11.76661515,11.7657812545,0.0008338954999995707,7.086961622940228e-05,11.7657866741,PASS,12.01370075,12.01377356,0.247158,0.247086,0.084274847,1.0,1,1,1.0,66,0.0015,0,1.0,1.01245279285,1.13664641702,0.29028581735,-0.470730600162
166000,1,11.77261323,11.7717781094,0.0008351205999996836,7.093757211623639e-05,11.771783525,PASS,12.01974307,12.01981548,0.247202,0.24713,0.084231841,1.0,1,1,1.0,55,0.0015,1,1.0,1.01244508691,1.13661832829,0.290211827673,-0.470753826229
167000,1,11.77857556,11.7777392916,0.0008362684000005061,7.099911154286521e-05,11.7777447025,PASS,12.02574909,12.0258211,0.247246,0.247174,0.084188065,1.0,1,1,1.0,62,0.0015,0,1.0,1.01242454618,1.13657701731,0.290136491381,-0.470733676632
168000,1,11.78450216,11.7836646964,0.0008374635999999214,7.10648263821033e-05,11.7836701031,PASS,12.03171926,12.03179088,0.247289,0.247217,0.084145449,1.0,1,1,1.0,64,0.0015,1,1.0,1.01241441924,1.13654664863,0.29006313367,-0.470748029576
169000,1,11.79039362,11.7895549693,0.0008386507000004428,7.113000015350148e-05,11.789560372,PASS,12.03765399,12.03772522,0.247332,0.24726,0.084103176,1.0,1,1,1.0,61,0.0015,0,1.0,1.01240493248,1.13651706172,0.289990347675,-0.470764157555
170000,1,11.79625035,11.7954105056,0.000839844399999734,7.119587793418898e-05,11.7954159045,PASS,12.04355372,12.04362456,0.247374,0.247303,0.08406131,1.0,1,1,1.0,63,0.0015,0,1.0,1.01239690243,1.13648910411,0.289918244199,-0.470784805175
171000,1,11.80207283,11.8012318243,0.0008410056999998972,7.125915185526754e-05,11.8012372191,PASS,12.04941884,12.0494893,0.247416,0.247346,0.084019443,1.0,1,1,1.0,64,0.0015,0,1.0,1.01238545903,1.13645771184,0.289846120085,-0.470793646648
172000,1,11.80786124,11.807019029,0.0008422110000001481,7.132629549770591e-05,11.8070244203,PASS,12.05524976,12.05531984,0.247459,0.247389,0.083978635,1.0,1,1,1.0,65,0.0015,0,1.0,1.01238341908,1.13643620752,0.28977580399,-0.470833677769
173000,1,11.81361642,11.8127731,0.000843320000001313,7.138542255135391e-05,11.8127784868,PASS,12.06104687,12.06111659,0.2475,0.24743,0.083936773,1.0,1,1,1.0,62,0.0015,0,1.0,1.01236535356,1.13639815433,0.289703651138,-0.470819590283
174000,1,11.81933826,11.818493777,0.0008444829999998404,7.144926233796107e-05,11.8184991602,PASS,12.06681058,12.06687993,0.247542,0.247472,0.083896173,1.0,1,1,1.0,64,0.0015,0,1.0,1.01235922783,1.13637262353,0.289633657592,-0.470845221049
175000,1,11.82502727,11.8241815881,0.0008456818999995619,7.15162748203592e-05,11.8241869681,PASS,12.07254125,12.07261024,0.247583,0.247514,0.083856289,1.0,1,1,1.0,75,0.0015,0,1.0,1.01235850827,1.13635282199,0.289564882324,-0.470888668887
176000,1,11.83068414,11.8298373595,0.0008467804999998663,7.157493936778083e-05,11.8298427352,PASS,12.07823927,12.0783079,0.247624,0.247555,0.083815512,1.0,1,1,1.0,64,0.0014,0,1.0,1.01234380881,1.13631859372,0.289494547772,-0.470884839706
177000,1,11.83630898,11.8354610973,0.0008478827000004685,7.163404583583864e-05,11.8354664689,PASS,12.08390501,12.08397328,0.247664,0.247596,0.083775116,1.0,1,1,1.0,63,0.0014,0,1.0,1.01233054408,1.13628596309,0.289424853325,-0.47088548727
178000,1,11.84190214,11.8410531575,0.0008489825000008722,7.169308528003696e-05,11.8410585253,PASS,12.08953883,12.08960675,0.247705,0.247637,0.083735115,1.0,1,1,1.0,61,0.0014,0,1.0,1.01231892417,1.13625514745,0.289355823649,-0.470891325871
179000,1,11.84746396,11.8466138572,0.0008501028000011956,7.175398911288992e-05,11.8466192213,PASS,12.09514108,12.09520866,0.247745,0.247677,0.083695637,1.0,1,1,1.0,64,0.0014,0,1.0,1.0123105377,1.13622779749,0.289287680428,-0.470907704371
180000,1,11.85299474,11.8521435046,0.0008512353999989841,7.181606156681583e-05,11.8521488653,PASS,12.10071213,12.10077936,0.247785,0.247717,0.083656819,1.0,1,1,1.0,64,0.0014,0,1.0,1.01230708442,1.1362056796,0.289220661104,-0.47094035082
181000,1,11.85849505,11.8576427246,0.0008523254000003533,7.187466844710226e-05,11.8576480815,PASS,12.10625231,12.1063192,0.247824,0.247757,0.08361766,1.0,1,1,1.0,66,0.0014,0,1.0,1.01229648955,1.13617623793,0.289153035879,-0.47094867089
182000,1,11.86396518,11.8631118128,0.0008533671999995107,7.192934124908741e-05,11.8631171656,PASS,12.11176197,12.11182851,0.247863,0.247797,0.083578304,1.0,1,1,1.0,62,0.0014,0,1.0,1.01228052357,1.13614131187,0.289085053354,-0.470938605395
183000,1,11.86940526,11.8685508132,0.0008544468000000194,7.198733055981436e-05,11.8685561623,PASS,12.11724143,12.11730765,0.247902,0.247836,0.083539762,1.0,1,1,1.0,64,0.0014,0,1.0,1.01227146531,1.1361136677,0.289018462003,-0.470951463655
184000,1,11.87481572,11.8739601936,0.000855526400000528,7.204544644508623e-05,11.8739655391,PASS,12.12269104,12.12275692,0.247941,0.247875,0.08350153,1.0,1,1,1.0,63,0.0014,0,1.0,1.01226324927,1.13608699769,0.288952390846,-0.470966851298
185000,1,11.88019677,11.8793401356,0.0008566343999998338,7.210607842481332e-05,11.879345478,PASS,12.1281111,12.12817666,0.24798,0.247914,0.08346409,1.0,1,1,1.0,66,0.0014,0,1.0,1.01226175672,1.13606741648,0.288887674338,-0.471004575719
186000,1,11.88554911,11.8846914506,0.0008576593999993776,7.215984655498828e-05,11.8846967889,PASS,12.13350195,12.13356719,0.248018,0.247953,0.083425705,1.0,1,1,1.0,63,0.0014,0,1.0,1.01224595452,1.13603305165,0.288821306908,-0.470993823506
187000,1,11.89087253,11.8900137869,0.0008587430999984491,7.221867847223901e-05,11.8900191222,PASS,12.1388639,12.13892881,0.248056,0.247991,0.083388686,1.0,1,1,1.0,65,0.0014,0,1.0,1.01224390981,1.13601308814,0.288757288373,-0.471029108598
188000,1,11.89616783,11.8953080622,0.0008597677999997444,7.227266900451458e-05,11.8953133936,PASS,12.14419724,12.14426184,0.248094,0.248029,0.083350894,1.0,1,1,1.0,64,0.0014,0,1.0,1.01222969702,1.13598056546,0.288691916349,-0.471023114136
189000,1,11.90143498,11.900574183,0.0008607969999996357,7.232716066979981e-05,11.9005795108,PASS,12.14950229,12.14956658,0.248132,0.248067,0.0833137,1.0,1,1,1.0,63,0.0014,0,1.0,1.01221998928,1.13595282083,0.288627564551,-0.47103200638
190000,1,11.90667437,11.9058125417,0.0008618282999997007,7.238194925118294e-05,11.9058178659,PASS,12.15477935,12.15484332,0.248169,0.248105,0.083276765,1.0,1,1,1.0,64,0.0014,0,1.0,1.01221070365,1.13592560748,0.288563646385,-0.471042035902
191000,1,11.91188628,11.9110234316,0.000862848399998839,7.243591650531095e-05,11.9110287524,PASS,12.16002871,12.16009237,0.248206,0.248142,0.083240077,1.0,1,1,1.0,61,0.0014,0,1.0,1.0122017259,1.13589880568,0.288500141357,-0.471052821803
192000,1,11.91707095,11.9162070631,0.0008638868999994997,7.249154625529017e-05,11.9162123806,PASS,12.16525065,12.16531401,0.248243,0.24818,0.0832039,1.0,1,1,1.0,60,0.0014,0,1.0,1.01219629864,1.1358757868,0.288437507312,-0.471075305242
193000,1,11.92222884,11.921363959,0.0008648810000000395,7.254356644273568e-05,11.9213692728,PASS,12.17044547,12.17050853,0.24828,0.248217,0.083167396,1.0,1,1,1.0,64,0.0014,0,1.0,1.01218425772,1.13584597932,0.28837429211,-0.471075206897
194000,1,11.92735993,11.9264939994,0.0008659305999998423,7.260035792345225e-05,11.9264993103,PASS,12.17561344,12.1756762,0.248316,0.248254,0.083131938,1.0,1,1,1.0,66,0.0014,0,1.0,1.01218234144,1.13582679022,0.288312876074,-0.47110899821
195000,1,11.93246461,11.9315976212,0.0008669888000003567,7.2657982096488e-05,11.9316029293,PASS,12.18075484,12.1808173,0.248353,0.24829,0.08309695,1.0,1,1,1.0,68,0.0014,0,1.0,1.0121835757,1.13581096578,0.288252261414,-0.471153166724
196000,1,11.93754358,11.9366756557,0.0008679242999996006,7.270543509920326e-05,11.9366809598,PASS,12.18586994,12.18593211,0.248389,0.248326,0.083060515,1.0,1,1,1.0,65,0.0014,0,1.0,1.01216463279,1.13577424305,0.288189123289,-0.471128963869
197000,1,11.94259663,11.941727747,0.0008688830000007641,7.275494826796006e-05,11.9417330474,PASS,12.19095901,12.19102089,0.248424,0.248362,0.083024752,1.0,1,1,1.0,64,0.0014,1,1.0,1.01215134826,1.13574349108,0.288127136644,-0.471123590314
198000,1,11.94762391,11.9467539986,0.0008699114000005892,7.281041038398313e-05,11.9467592962,PASS,12.19602231,12.19608391,0.24846,0.248398,0.082990201,1.0,1,1,1.0,68,0.0014,0,1.0,1.01215034288,1.13572559559,0.28806723936,-0.471159427557
199000,1,11.95262599,11.9517550912,0.0008708987999987983,7.286254926134422e-05,11.9517603855,PASS,12.2010601,12.20112142,0.248495,0.248434,0.082955408,1.0,1,1,1.0,68,0.0014,0,1.0,1.01214391894,1.13570214871,0.288006908941,-0.471176713126
200000,1,11.95760288,11.9567309548,0.0008719252000002342,7.291805964375983e-05,11.9567362466,PASS,12.20607265,12.20613368,0.248531,0.24847,0.082921468,1.0,1,1,1.0,76,0.0014,0,1.0,1.01214546228,1.1356870724,0.287948046198,-0.47122067397
201000,1,11.96255535,11.9616825187,0.0008728313000005983,7.296361642335877e-05,11.9616878065,PASS,12.21106019,12.21112094,0.248566,0.248505,0.082886085,1.0,1,1,1.0,67,0.0014,0,1.0,1.0121269726,1.13565124169,0.287886665049,-0.471196683127
202000,1,11.9674832,11.9666094427,0.0008737573000008325,7.30109485343445e-05,11.9666147269,PASS,12.21602298,12.21608345,0.2486,0.24854,0.082851232,1.0,1,1,1.0,64,0.0013,0,1.0,1.01211255373,1.13561972677,0.287826190759,-0.471186191959
203000,1,11.97238666,11.9715119596,0.0008747003999989289,7.305981880131902e-05,11.9715172404,PASS,12.22096126,12.22102146,0.248635,0.248575,0.082816946,1.0,1,1,1.0,64,0.0013,0,1.0,1.01210268857,1.13559302938,0.287766688187,-0.471190846422
204000,1,11.9772657,11.9763899504,0.000875749600000475,7.311765656167041e-05,11.9763952292,PASS,12.22587527,12.2259352,0.24867,0.24861,0.082784428,1.0,1,1,1.0,68,0.0013,1,1.0,1.01211209126,1.13558645468,0.287710244783,-0.471260433494
205000,1,11.98212153,11.9812449257,0.0008766043000001389,7.315935644663245e-05,11.9812502002,PASS,12.23076526,12.23082492,0.248703,0.248644,0.082749374,1.0,1,1,1.0,66,0.0013,0,1.0,1.01208816865,1.13554529437,0.287649382344,-0.471217053449
206000,1,11.98695341,11.9860758595,0.0008775505000002681,7.320880210214049e-05,11.986081131,PASS,12.23563145,12.23569084,0.248737,0.248678,0.082716022,1.0,1,1,1.0,65,0.0013,0,1.0,1.01208276002,1.1355234712,0.287591465056,-0.471236068063
207000,1,11.99176192,11.990883422,0.0008784980000005049,7.325845908726188e-05,11.9908886906,PASS,12.24047407,12.24053321,0.248771,0.248712,0.082682879,1.0,1,1,1.0,65,0.0013,0,1.0,1.01207763662,1.1355020228,0.287533898929,-0.471255818217
208000,1,11.99654733,11.9956679035,0.000879426500000946,7.330663363464144e-05,11.995673169,PASS,12.24529336,12.24535223,0.248805,0.248746,0.082649725,1.0,1,1,1.0,67,0.0013,0,1.0,1.01207012864,1.13547817112,0.287476301601,-0.471267267492
209000,1,12.00130988,12.0004295436,0.0008803364000016245,7.33533596585729e-05,12.0004348057,PASS,12.25008953,12.25014814,0.248838,0.24878,0.082616498,1.0,1,1,1.0,64,0.0013,0,1.0,1.01205949723,1.13545114669,0.287418565223,-0.471267910576
210000,1,12.00604959,12.0051683122,0.0008812777999995802,7.340281192354963e-05,12.0051735715,PASS,12.25486281,12.25492117,0.248872,0.248813,0.082584031,1.0,1,1,1.0,66,0.0013,0,1.0,1.01205597018,1.13543158866,0.287362138881,-0.471292388009
211000,1,12.01076703,12.0098848867,0.0008821433000001377,7.344604202185892e-05,12.0098901424,PASS,12.25961341,12.25967152,0.248904,0.248846,0.082550772,1.0,1,1,1.0,59,0.0013,0,1.0,1.01204055162,1.13539973484,0.287304322828,-0.471276357791
212000,1,12.01546204,12.0145789949,0.0008830450999983697,7.349239646870623e-05,12.0145842476,PASS,12.26434155,12.2643994,0.248937,0.24888,0.082518347,1.0,1,1,1.0,65,0.0013,0,1.0,1.01203319205,1.13537633924,0.287247946105,-0.471287405432
213000,1,12.02013499,12.0192510384,0.0008839516000005432,7.353924067707522e-05,12.0192562881,PASS,12.26904744,12.26910505,0.24897,0.248912,0.082486108,1.0,1,1,1.0,64,0.0013,0,1.0,1.01202597258,1.13535316309,0.287191881584,-0.471298709217
214000,1,12.0247859,12.0239009923,0.0008849076999997152,7.359030816504726e-05,12.0239062396,PASS,12.27373129,12.27378865,0.249003,0.248945,0.082454825,1.0,1,1,1.0,74,0.0013,1,1.0,1.01202836594,1.1353400609,0.287137470069,-0.47134238824
215000,1,12.02941542,12.0285296475,0.0008857725000002148,7.363387738090226e-05,12.0285348916,PASS,12.27839331,12.27845042,0.249035,0.248978,0.082422537,1.0,1,1,1.0,68,0.0013,0,1.0,1.01201632666,1.13531201581,0.287081297651,-0.471336924128
216000,1,12.03402349,12.0331368618,0.0008866281999999615,7.367678821108579e-05,12.0331421025,PASS,12.28303369,12.28309055,0.249067,0.24901,0.082390388,1.0,1,1,1.0,64,0.0013,0,1.0,1.01200391126,1.13528365096,0.287025355856,-0.471329965104
217000,1,12.03861005,12.0377224791,0.0008875709000015775,7.372702465776581e-05,12.0377277175,PASS,12.28765263,12.28770926,0.249099,0.249043,0.082359551,1.0,1,1,1.0,69,0.0013,0,1.0,1.01200555366,1.135269983,0.286971688271,-0.471370481926
218000,1,12.04317581,12.0422873893,0.0008884206999990596,7.376963634968804e-05,12.0422926244,PASS,12.29225034,12.29230673,0.249131,0.249075,0.082327719,1.0,1,1,1.0,67,0.0013,0,1.0,1.01199293201,1.13524154489,0.286916276493,-0.471362400725
219000,1,12.04772057,12.0468312712,0.0008892987999988833,7.381469339630304e-05,12.0468365034,PASS,12.29682701,12.29688316,0.249163,0.249106,0.082296594,1.0,1,1,1.0,68,0.0013,0,1.0,1.01198697983,1.13522011563,0.286862085657,-0.471376743025
220000,1,12.05224469,12.0513545295,0.0008901605000009027,7.38584822078403e-05,12.0513597587,PASS,12.30138283,12.30143874,0.249194,0.249138,0.082265463,1.0,1,1,1.0,69,0.0013,0,1.0,1.01197895367,1.13519659764,0.286807873664,-0.471383842821
221000,1,12.05674835,12.0558573459,0.0008910040999996482,7.390086233322174e-05,12.0558625721,PASS,12.30591798,12.30597366,0.249225,0.24917,0.082234344,1.0,1,1,1.0,64,0.0013,0,1.0,1.01196909244,1.13517123879,0.286753671888,-0.471384508866
222000,1,12.06123168,12.0603398297,0.0008918503000003852,7.394355101222839e-05,12.0603450529,PASS,12.31043266,12.31048811,0.249256,0.249201,0.082203484,1.0,1,1,1.0,63,0.0013,0,1.0,1.01196045427,1.13514722034,0.286699911041,-0.471389125486
223000,1,12.06569487,12.0648021609,0.0008927091000003884,7.398737574741839e-05,12.0648073812,PASS,12.31492705,12.31498227,0.249287,0.249232,0.08217289,1.0,1,1,1.0,60,0.0013,1,1.0,1.01195314587,1.13512465281,0.286646603586,-0.47139805992
224000,1,12.07013789,12.0692442568,0.0008936332000004654,7.403670182929994e-05,12.069249475,PASS,12.31940133,12.31945633,0.249318,0.249263,0.082143421,1.0,1,1,1.0,74,0.0013,0,1.0,1.01195776999,1.13511456812,0.286595248191,-0.471447342457
225000,1,12.07456146,12.0736670271,0.0008944328999991313,7.407580829847641e-05,12.0736722422,PASS,12.32385568,12.32391045,0.249349,0.249294,0.082112674,1.0,1,1,1.0,67,0.0013,0,1.0,1.01194474397,1.13508618416,0.286541653461,-0.471436464936
226000,1,12.07896529,12.0780699851,0.0008953048999984503,7.412099285852409e-05,12.0780751976,PASS,12.32829028,12.32834483,0.24938,0.249325,0.082082816,1.0,1,1,1.0,67,0.0013,1,1.0,1.0119407825,1.13506729778,0.286489599594,-0.471456199362
227000,1,12.08334987,12.0824537878,0.0008960821999988156,7.415842540681275e-05,12.0824589969,PASS,12.3327053,12.33275963,0.24941,0.249355,0.082052261,1.0,1,1,1.0,65,0.0013,1,1.0,1.01192635382,1.13503758455,0.286436319355,-0.471440161116
228000,1,12.08771509,12.0868181795,0.0008969104999998478,7.42001687930128e-05,12.0868233858,PASS,12.33710091,12.33715502,0.24944,0.249386,0.082022404,1.0,1,1,1.0,64,0.0013,0,1.0,1.01191867486,1.1350149592,0.286384247255,-0.471446877727
229000,1,12.09206108,12.0911633003,0.0008977797000007115,7.42453824919574e-05,12.0911685043,PASS,12.34147728,12.34153118,0.24947,0.249416,0.081993333,1.0,1,1,1.0,63,0.0013,0,1.0,1.01191885654,1.13500057751,0.286333537604,-0.471480143907
230000,1,12.09638817,12.0954895219,0.000898648100001509,7.429061364203138e-05,12.0954947236,PASS,12.34583459,12.34588827,0.2495,0.249446,0.081964371,1.0,1,1,1.0,69,0.0013,0,1.0,1.01191856647,1.13498576844,0.286283008912,-0.471511630926
231000,1,12.10069654,12.0997970402,0.0008994997999991483,7.43345473564903e-05,12.0998022395,PASS,12.35017299,12.35022645,0.24953,0.249476,0.081935413,1.0,1,1,1.0,76,0.0013,0,1.0,1.01191652452,1.13496919926,0.28623247789,-0.471536983695
232000,1,12.10498665,12.1040864218,0.0009002282000007966,7.436837611058386e-05,12.1040916174,PASS,12.35449265,12.3545459,0.249559,0.249506,0.081905159,1.0,1,1,1.0,68,0.0012,0,1.0,1.01189668492,1.13493417136,0.286179673579,-0.471501590847
233000,1,12.10925816,12.1083571443,0.0009010157000002295,7.440717574066729e-05,12.108362337,PASS,12.35879373,12.35884677,0.249589,0.249536,0.081875806,1.0,1,1,1.0,65,0.0012,0,1.0,1.01188619804,1.13490893782,0.286128433378,-0.471497838338
234000,1,12.11351134,12.1126095247,0.0009018153000006635,7.444705954274225e-05,12.1126147147,PASS,12.36307639,12.36312923,0.249618,0.249565,0.08184684,1.0,1,1,1.0,62,0.0012,0,1.0,1.01187873556,1.13488691279,0.286077859909,-0.471504201099
235000,1,12.11774629,12.1168436286,0.0009026613999996158,7.449086475300481e-05,12.1168488162,PASS,12.36734079,12.36739342,0.249647,0.249595,0.081818553,1.0,1,1,1.0,65,0.0012,0,1.0,1.01187792815,1.1348718743,0.286028463897,-0.471533051161
236000,1,12.12196343,12.1210599937,0.0009034362999997825,7.452887522857199e-05,12.1210651785,PASS,12.37158708,12.37163951,0.249676,0.249624,0.081789698,1.0,1,1,1.0,63,0.0012,0,1.0,1.01186837138,1.13484779062,0.285978066041,-0.471531934209
237000,1,12.1261626,12.1252583238,0.0009042761999999982,7.457233007909676e-05,12.1252635063,PASS,12.37581542,12.37586764,0.249705,0.249653,0.081761722,1.0,1,1,1.0,68,0.0012,0,1.0,1.0118679799,1.13483330504,0.285929195813,-0.471561865704
238000,1,12.13034426,12.1294392163,0.0009050436999995526,7.460989404760329e-05,12.129444396,PASS,12.38002595,12.38007797,0.249734,0.249682,0.081733181,1.0,1,1,1.0,67,0.0012,0,1.0,1.01185890197,1.1348098385,0.28587932883,-0.471562036525
239000,1,12.13450849,12.1336026912,0.0009057987999998574,7.464651747092373e-05,12.1336078679,PASS,12.38421883,12.38427065,0.249762,0.24971,0.081704486,1.0,1,1,1.0,61,0.0012,0,1.0,1.01184623409,1.13478269434,0.285829183433,-0.4715498002
240000,1,12.13865521,12.1377486301,0.0009065798999987607,7.468536541444121e-05,12.1377538043,PASS,12.3883942,12.38844582,0.249791,0.249739,0.081676487,1.0,1,1,1.0,67,0.0012,0,1.0,1.01184051802,1.13476284339,0.285780246433,-0.471561086079
241000,1,12.14278473,12.1418773675,0.0009073625000013408,7.47244162008084e-05,12.141882539,PASS,12.39255221,12.39260363,0.249819,0.249767,0.081648571,1.0,1,1,1.0,64,0.0012,1,1.0,1.01183417919,1.13474240203,0.285731445921,-0.471570084276
242000,1,12.14689718,12.1459890488,0.0009081311999992181,7.476240117471861e-05,12.1459942177,PASS,12.39669301,12.39674423,0.249847,0.249796,0.081620727,1.0,1,1,1.0,65,0.0012,1,1.0,1.01182709548,1.13472124266,0.285682762724,-0.471576378539
243000,1,12.1509927,12.1500837997,0.0009089002999989049,7.4800497575717e-05,12.150088966,PASS,12.40081672,12.40086775,0.249875,0.249824,0.081593002,1.0,1,1,1.0,64,0.0012,0,1.0,1.01181986363,1.13469998587,0.285634279167,-0.471582004303
244000,1,12.15507097,12.1541611652,0.0009098048000009129,7.484981389630775e-05,12.1541663304,PASS,12.4049235,12.40497434,0.249903,0.249853,0.081567284,1.0,1,1,1.0,69,0.0012,0,1.0,1.01183591847,1.13470302259,0.285589300364,-0.471666909155
245000,1,12.15913326,12.1582227659,0.0009104941000011024,7.488149693994738e-05,12.1582279277,PASS,12.40901349,12.40906414,0.249931,0.24988,0.081538861,1.0,1,1,1.0,67,0.0012,0,1.0,1.01181682607,1.13466953343,0.28553957819,-0.47163175867
246000,1,12.16317891,12.1622677013,0.0009112086999998326,7.491534135460913e-05,12.1622728601,PASS,12.41308681,12.41313727,0.249958,0.249908,0.081511014,1.0,1,1,1.0,65,0.0012,0,1.0,1.01180329315,1.1346418859,0.285490855678,-0.471615406323
247000,1,12.16720808,12.1662961447,0.0009119352999995556,7.495025103569656e-05,12.1663013007,PASS,12.41714362,12.41719389,0.249986,0.249936,0.081483623,1.0,1,1,1.0,66,0.0012,1,1.0,1.01179384911,1.13461854909,0.285442923172,-0.471612845035
248000,1,12.17122096,12.1703082664,0.0009126936000001251,7.498784246869224e-05,12.1703134199,PASS,12.42118403,12.42123411,0.250013,0.249963,0.081456568,1.0,1,1,1.0,67,0.0012,1,1.0,1.01178702118,1.13459798978,0.285395570872,-0.471619056206
249000,1,12.17521747,12.1743039521,0.0009135178999990501,7.503093084373876e-05,12.1743091039,PASS,12.42520818,12.42525808,0.250041,0.249991,0.081430625,1.0,1,1,1.0,75,0.0012,0,1.0,1.01179246748,1.13459026062,0.285350158621,-0.471667025778
250000,1,12.17919832,12.1782841004,0.0009142195999984892,7.506402112667867e-05,12.1782892493,PASS,12.4292162,12.42926591,0.250068,0.250018,0.081403349,1.0,1,1,1.0,64,0.0012,0,1.0,1.01177982387,1.13456375568,0.285302403037,-0.471653074936
255000,1,12.19886637,12.1979484717,0.0009178982999991092,7.524455733497056e-05,12.1979536083,PASS,12.44901882,12.44906764,0.250201,0.250152,0.081271451,1.0,1,1,1.0,61,0.0012,0,1.0,1.01174982336,1.13446659721,0.285071360762,-0.471694514853
260000,1,12.218153,12.2172315262,0.0009214737999982958,7.541842044360517e-05,12.2172366507,PASS,12.46843691,12.46848487,0.250332,0.250284,0.081142253,1.0,1,1,1.0,57,0.0012,0,1.0,1.01171706227,1.13436784541,0.284844862591,-0.471722902741
265000,1,12.23707259,12.236147606,0.0009249840000009613,7.558866658655338e-05,12.2361527189,PASS,12.4874851,12.48753223,0.25046,0.250413,0.081016195,1.0,1,1,1.0,63,0.0012,0,1.0,1.01168852832,1.13427472635,0.284623692652,-0.471762294641
270000,1,12.25563892,12.2547105063,0.0009284137000005188,7.57540023870513e-05,12.2547156078,PASS,12.50617724,12.50622356,0.250585,0.250538,0.080892879,1.0,1,1,1.0,64,0.0011,0,1.0,1.01166068206,1.13418351008,0.284407164164,-0.471800738468
275000,1,12.27386495,12.2729331617,0.0009317883000008464,7.591645368404077e-05,12.2729382522,PASS,12.52452638,12.52457192,0.250707,0.250661,0.08077225,1.0,1,1,1.0,65,0.0011,0,1.0,1.01163417563,1.13409483257,0.284195191353,-0.471840610448
280000,1,12.29176296,12.290827891,0.0009350690000005102,7.607281421252775e-05,12.2908329705,PASS,12.54254488,12.54258968,0.250827,0.250782,0.080654001,1.0,1,1,1.0,63,0.0011,1,1.0,1.01160642747,1.13400596516,0.283987244312,-0.471873183894
285000,1,12.30934434,12.3084059953,0.0009383447000015366,7.623027466640328e-05,12.3084110647,PASS,12.56024446,12.56028853,0.250944,0.2509,0.080538955,1.0,1,1,1.0,68,0.0011,0,1.0,1.01158896329,1.1339288709,0.283784782082,-0.471938170588
290000,1,12.32662046,12.3256789704,0.000941489599998846,7.63785664573667e-05,12.3256840294,PASS,12.5776362,12.57767957,0.251059,0.251016,0.080425496,1.0,1,1,1.0,66,0.0011,0,1.0,1.01156263005,1.13384356922,0.283584967829,-0.471969901088
295000,1,12.34360175,12.342657215,0.0009445350000003572,7.652021015667953e-05,12.3426622632,PASS,12.59473064,12.59477333,0.251172,0.251129,0.080313654,1.0,1,1,1.0,63,0.0011,1,1.0,1.01152883847,1.13375149298,0.28338786035,-0.471973262439
300000,1,12.36029755,12.3593499199,0.0009476301000006515,7.666725628305376e-05,12.3593549588,PASS,12.61153775,12.61157979,0.251282,0.25124,0.080205506,1.0,1,1,1.0,67,0.0011,0,1.0,1.01151476697,1.1336809138,0.283197132211,-0.472041905079
305000,1,12.37671793,12.3757673418,0.0009505882000002686,7.680454587206292e-05,12.3757723708,PASS,12.62806706,12.62810846,0.251391,0.251349,0.080098446,1.0,1,1,1.0,64,0.0011,0,1.0,1.01148854714,1.13359861117,0.283008193014,-0.472066231544
310000,1,12.39287163,12.3919181578,0.00095347220000086,7.693714810155424e-05,12.391923177,PASS,12.64432758,12.64436836,0.251497,0.251456,0.079993244,1.0,1,1,1.0,64,0.0011,0,1.0,1.01146078104,1.13351559621,0.282822407691,-0.472082807382
315000,1,12.40876709,12.4078107736,0.0009563163999999347,7.706780158446303e-05,12.4078157833,PASS,12.66032792,12.66036811,0.251601,0.251561,0.079890194,1.0,1,1,1.0,61,0.001,0,1.0,1.01143605346,1.13343661582,0.282640302712,-0.472107532207
320000,1,12.42441245,12.4234533161,0.0009591339000003529,7.71975257470105e-05,12.4234583166,PASS,12.67607627,12.67611589,0.251703,0.251664,0.079789221,1.0,1,1,1.0,64,0.001,0,1.0,1.0114142513,1.13336152541,0.282461752649,-0.47214011866
325000,1,12.43981546,12.438853562,0.0009618979999999056,7.732413741127198e-05,12.4388585536,PASS,12.69158046,12.69161951,0.251804,0.251765,0.079690173,1.0,1,1,1.0,68,0.001,1,1.0,1.01139424261,1.13328912025,0.282286495234,-0.472176751294
330000,1,12.45498329,12.4540185762,0.0009647138000001831,7.745604932081632e-05,12.4540235599,PASS,12.70684793,12.70688644,0.251903,0.251865,0.079593932,1.0,1,1,1.0,70,0.001,0,1.0,1.01138799035,1.13323183853,0.282116099808,-0.472258898436
335000,1,12.46992397,12.4689567358,0.0009672341999991119,7.756536465868379e-05,12.4689617096,PASS,12.72188581,12.72192379,0.252,0.251962,0.079496632,1.0,1,1,1.0,64,0.001,0,1.0,1.01134707465,1.13313921359,0.281943720168,-0.472219113476
340000,1,12.48464314,12.4836732995,0.0009698404999998189,7.768267695954496e-05,12.4836782648,PASS,12.7367009,12.73673836,0.252095,0.252058,0.079402523,1.0,1,1,1.0,65,0.001,0,1.0,1.01132618589,1.13306819813,0.281776893571,-0.472246664522
345000,1,12.49914754,12.4981750799,0.0009724600999998501,7.780211385518617e-05,12.4981800372,PASS,12.7512997,12.75133666,0.252189,0.252152,0.079310498,1.0,1,1,1.0,66,0.001,0,1.0,1.01131192904,1.13300481677,0.281613664789,-0.472295322982
350000,1,12.51344354,12.512468551,0.0009749890000012584,7.791532337878422e-05,12.5124735002,PASS,12.76568843,12.76572491,0.252281,0.252245,0.079219636,1.0,1,1,1.0,67,0.001,0,1.0,1.01129319099,1.13293747029,0.281452404232,-0.47232664668
355000,1,12.52753696,12.5265594678,0.0009774922000005404,7.802748482176821e-05,12.5265644089,PASS,12.77987307,12.77990907,0.252372,0.252336,0.079130336,1.0,1,1,1.0,69,0.001,0,1.0,1.01127564994,1.13287205491,0.281293824568,-0.47236036951
360000,1,12.54143372,12.5404538609,0.0009798591000009793,7.812975150029173e-05,12.5404587935,PASS,12.79385931,12.79389485,0.252461,0.252426,0.079041505,1.0,1,1,1.0,64,0.001,0,1.0,1.01124589465,1.13279457676,0.281135986751,-0.472349976601
365000,1,12.55513842,12.5541560312,0.0009823888000006775,7.824595533218163e-05,12.5541609571,PASS,12.80765263,12.80768772,0.252549,0.252514,0.078956289,1.0,1,1,1.0,70,0.001,0,1.0,1.01124472267,1.13274753019,0.280984489841,-0.472437216242
370000,1,12.56865736,12.5676726638,0.0009846961999997461,7.834537705941139e-05,12.5676775815,PASS,12.82125828,12.82129294,0.252636,0.252601,0.078870472,1.0,1,1,1.0,74,0.001,0,1.0,1.01121869254,1.13267520901,0.280831838755,-0.472436492964
375000,1,12.58199507,12.5810081129,0.0009869571000002964,7.844201929100711e-05,12.5810130225,PASS,12.8346813,12.83471553,0.25272,0.252686,0.078785826,1.0,1,1,1.0,61,0.0009,0,1.0,1.01119096806,1.13260173368,0.280681188034,-0.472428289935
380000,1,12.59515597,12.5941666763,0.0009892937000000046,7.854556961075922e-05,12.594171579,PASS,12.84792653,12.84796034,0.252804,0.252771,0.078703712,1.0,1,1,1.0,66,0.0009,0,1.0,1.01117950955,1.13254580596,0.280534966509,-0.472475169881
385000,1,12.60814524,12.6071537272,0.000991512800000649,7.864065499935889e-05,12.6071586222,PASS,12.86099861,12.86103202,0.252887,0.252853,0.07862196,1.0,1,1,1.0,62,0.0009,0,1.0,1.01115691853,1.13247885669,0.280389311968,-0.47248183519
390000,1,12.62096706,12.6199733352,0.000993724800000706,7.873602674632969e-05,12.6199782229,PASS,12.87390202,12.87393503,0.252968,0.252935,0.078541544,1.0,1,1,1.0,64,0.0009,0,1.0,1.01113614181,1.13241436369,0.280245962988,-0.47249338501
395000,1,12.63362552,12.6326295782,0.0009959418000011766,7.883262001272114e-05,12.6326344591,PASS,12.88664104,12.88667367,0.253048,0.253016,0.078462943,1.0,1,1,1.0,67,0.0009,0,1.0,1.01112378169,1.13235919442,0.280105778155,-0.472532895566
400000,1,12.64612488,12.6451267283,0.0009981517000010598,7.892945147012179e-05,12.6451316026,PASS,12.89921983,12.89925207,0.253127,0.253095,0.078385643,1.0,1,1,1.0,75,0.0009,0,1.0,1.01111364027,1.13230687563,0.279967844423,-0.472578827418
405000,1,12.65846945,12.6574692542,0.0010001957999996591,7.9013960096073e-05,12.657474121,PASS,12.91164235,12.91167423,0.253205,0.253173,0.078308194,1.0,1,1,1.0,65,0.0009,0,1.0,1.0110873937,1.13223829397,0.279829574571,-0.472567255163
410000,1,12.67066257,12.6696602788,0.0010022911999989503,7.910329822625451e-05,12.6696651388,PASS,12.92391244,12.92394396,0.253281,0.25325,0.078232431,1.0,1,1,1.0,63,0.0009,0,1.0,1.01106908811,1.13217850078,0.279694248274,-0.472582119915
415000,1,12.68270801,12.6817036665,0.0010043435000000045,7.918998838482322e-05,12.6817085197,PASS,12.9360338,12.93606497,0.253357,0.253326,0.07815778,1.0,1,1,1.0,61,0.0009,0,1.0,1.01105168375,1.13212014599,0.279560843357,-0.472598896191
420000,1,12.6946093,12.6936029235,0.0010063764999994618,7.927589390241902e-05,12.6936077702,PASS,12.94800999,12.94804082,0.253432,0.253401,0.078084289,1.0,1,1,1.0,65,0.0009,1,1.0,1.01103615405,1.13206423255,0.279429448521,-0.472621025621
425000,1,12.70636991,12.7053615102,0.0010083997999998928,7.936175376149528e-05,12.7053663504,PASS,12.95984445,12.95987494,0.253505,0.253475,0.078011786,1.0,1,1,1.0,62,0.0009,0,1.0,1.01102061166,1.13200878156,0.279299758778,-0.472641946179
430000,1,12.71799298,12.716982574,0.0010104060000006854,7.944696946991752e-05,12.7169874082,PASS,12.97154049,12.97157065,0.253578,0.253548,0.077940629,1.0,1,1,1.0,60,0.0009,0,1.0,1.01101002471,1.13195896138,0.279172417693,-0.472679079367
435000,1,12.72948186,12.7284694848,0.0010123752000001929,7.95299613239869e-05,12.7284743129,PASS,12.98310131,12.98313116,0.253649,0.253619,0.077870262,1.0,1,1,1.0,72,0.0009,0,1.0,1.01099750059,1.13190757574,0.279046432374,-0.472708339668
440000,1,12.74084,12.7398258233,0.0010141767000000357,7.960045805457377e-05,12.7398306441,PASS,12.99453001,12.99455954,0.25372,0.25369,0.077799281,1.0,1,1,1.0,68,0.0009,0,1.0,1.01096509139,1.13183590152,0.278919288065,-0.472666850817
445000,1,12.75206935,12.7510531937,0.0010161562999986273,7.968560020406628e-05,12.751058009,PASS,13.00582956,13.00585879,0.253789,0.25376,0.077731321,1.0,1,1,1.0,63,0.0009,0,1.0,1.01096031249,1.13179346806,0.278797501857,-0.472721122603
450000,1,12.76317331,12.7621551893,0.0010181207000012904,7.977018530364925e-05,12.7621599993,PASS,13.01700286,13.01703179,0.253858,0.25383,0.077664373,1.0,1,1,1.0,74,0.0009,0,1.0,1.0109573656,1.13175336923,0.278677476613,-0.47278083192
455000,1,12.7741552,12.7731353143,0.0010198856999998895,7.983977680182636e-05,12.7731401177,PASS,13.0280527,13.02808133,0.253926,0.253898,0.077596476,1.0,1,1,1.0,62,0.0008,0,1.0,1.0109309785,1.13168924464,0.278555695009,-0.472757322862
460000,1,12.78501693,12.7839952265,0.0010217034999993047,7.991412960915842e-05,12.784000024,PASS,13.03898177,13.03901011,0.253993,0.253965,0.077530314,1.0,1,1,1.0,63,0.0008,0,1.0,1.01091635075,1.13163778656,0.278436974214,-0.472774088054
465000,1,12.79576137,12.7947378568,0.001023513199999826,7.998845636489281e-05,12.7947426485,PASS,13.04979268,13.04982075,0.254059,0.254031,0.077464965,1.0,1,1,1.0,64,0.0008,0,1.0,1.01090173357,1.13158673621,0.278319661953,-0.472789939777
470000,1,12.80639077,12.8053654066,0.0010253634000001455,8.006654009044779e-05,12.8053701932,PASS,13.06048797,13.06051576,0.254125,0.254097,0.077401212,1.0,1,1,1.0,70,0.0008,0,1.0,1.01089759847,1.13154700463,0.278205167182,-0.47284170153
475000,1,12.81690792,12.8158807451,0.0010271749000008157,8.014217675684258e-05,12.8158855263,PASS,13.07107008,13.0710976,0.25419,0.254162,0.077337872,1.0,1,1,1.0,75,0.0008,0,1.0,1.01088874498,1.13150273324,0.278091366593,-0.472876000624
480000,1,12.82731578,12.8262871073,0.0010286726999986229,8.01939172342277e-05,12.8262918811,PASS,13.08154138,13.08156864,0.254253,0.254226,0.077272617,1.0,1,1,1.0,69,0.0008,0,1.0,1.01084493705,1.13142238237,0.277974073973,-0.472786474277
485000,1,12.83761492,12.8365843947,0.0010305253000009174,8.027389093868515e-05,12.836589164,PASS,13.09190417,13.09193116,0.254316,0.254289,0.077211676,1.0,1,1,1.0,62,0.0008,0,1.0,1.01084786299,1.13139113145,0.277864493037,-0.472860458056
490000,1,12.84780907,12.8467769192,0.0010321508000004087,8.033671689677504e-05,12.8467816825,PASS,13.10216067,13.10218741,0.254378,0.254352,0.077149495,1.0,1,1,1.0,69,0.0008,0,1.0,1.01082507911,1.13133342573,0.277752635756,-0.472843130276
495000,1,12.85789937,12.8568654439,0.00103392609999986,8.041174302640852e-05,12.8568702026,PASS,13.11231304,13.11233953,0.25444,0.254414,0.077089674,1.0,1,1,1.0,64,0.0008,0,1.0,1.01082393776,1.13129864066,0.277644982119,-0.472901183584
500000,1,12.86788856,12.8668529517,0.00103560830000049,8.048004885740867e-05,12.8668577052,PASS,13.12236338,13.12238962,0.254501,0.254475,0.077029825,1.0,1,1,1.0,74,0.0008,0,1.0,1.01081335455,1.13125435153,0.277537235268,-0.472925196523
510000,1,12.88757119,12.8865323697,0.0010388202999997986,8.060636753695392e-05,12.8865371126,PASS,13.142166,13.14219177,0.254621,0.254595,0.076911428,1.0,1,1,1.0,63,0.0008,0,1.0,1.01078275443,1.13115693528,0.277323958517,-0.472937628556
520000,1,12.9068718,12.9058297629,0.0010420370999995043,8.073506238742562e-05,12.9058344958,PASS,13.16158409,13.1616094,0.254738,0.254712,0.076796334,1.0,1,1,1.0,67,0.0008,0,1.0,1.01076140779,1.13107046183,0.277116473127,-0.472979683774
530000,1,12.92580527,12.9247601523,0.0010451177000003753,8.085513267216158e-05,12.9247648751,PASS,13.18063229,13.18065715,0.254852,0.254827,0.076683188,1.0,1,1,1.0,65,0.0008,0,1.0,1.01073290351,1.13097776492,0.276912345891,-0.47299359116
540000,1,12.94438506,12.9433368821,0.0010481778999995583,8.09754882245104e-05,12.9433415952,PASS,13.19932442,13.19934886,0.254964,0.254939,0.076572852,1.0,1,1,1.0,64,0.0008,0,1.0,1.0107099152,1.13089201745,0.276713141911,-0.473024217597
550000,1,12.96262405,12.9615728161,0.0010512339000001703,8.109730683735831e-05,12.9615775204,PASS,13.21767356,13.21769759,0.255074,0.25505,0.07646548,1.0,1,1,1.0,58,0.0008,0,1.0,1.01069575304,1.13081662943,0.27651915046,-0.473083434581
560000,1,12.98053511,12.9794810362,0.0010540738000006655,8.120418696673172e-05,12.9794857306,PASS,13.23569206,13.2357157,0.255181,0.255157,0.076358929,1.0,1,1,1.0,65,0.0007,0,1.0,1.01066327048,1.13072324014,0.27632650531,-0.473075284609
570000,1,12.99812912,12.9970721419,0.0010569780999993839,8.131771043672968e-05,12.9970768275,PASS,13.25339164,13.25341489,0.255286,0.255263,0.076255663,1.0,1,1,1.0,71,0.0007,0,1.0,1.01064616649,1.13064696533,0.2761396707,-0.47311914656
580000,1,13.01541759,13.0143578325,0.0010597575000002024,8.142324229492528e-05,13.0143625091,PASS,13.27078338,13.27080626,0.255389,0.255366,0.076153871,1.0,1,1,1.0,63,0.0007,0,1.0,1.01062152578,1.13056386155,0.275955377481,-0.473133963679
590000,1,13.03241087,13.0313484066,0.0010624634000002686,8.152470103946843e-05,13.0313530742,PASS,13.28787782,13.28790034,0.255489,0.255467,0.076053843,1.0,1,1,1.0,68,0.0007,0,1.0,1.01059417321,1.1304789265,0.275774156649,-0.473136888857
600000,1,13.04911851,13.048053304,0.0010652059999998187,8.163049474824784e-05,13.0480579635,PASS,13.30468493,13.30470711,0.255589,0.255566,0.075956691,1.0,1,1,1.0,63,0.0007,0,1.0,1.0105798424,1.1304085429,0.275598031711,-0.473183868859
610000,1,13.06555052,13.0644827137,0.0010678063000000293,8.17268509555332e-05,13.0644873645,PASS,13.32121424,13.32123607,0.255686,0.255664,0.075860459,1.0,1,1,1.0,67,0.0007,0,1.0,1.01055342639,1.13032648241,0.275423461909,-0.473185840833
620000,1,13.08171503,13.0806444788,0.0010705511999997697,8.18356918450447e-05,13.0806491226,PASS,13.33747476,13.33749627,0.255781,0.25576,0.075767836,1.0,1,1,1.0,75,0.0007,0,1.0,1.01055160004,1.13027098313,0.275255334626,-0.47327323669
630000,1,13.09762171,13.0965486641,0.0010730459000001247,8.192677447546503e-05,13.0965532995,PASS,13.3534751,13.35349629,0.255875,0.255853,0.075675033,1.0,1,1,1.0,64,0.0007,0,1.0,1.01052466873,1.13019016105,0.275086775353,-0.473269428838
640000,1,13.11327803,13.1122025235,0.0010755064999994346,8.201660161089672e-05,13.1122071508,PASS,13.36922346,13.36924434,0.255966,0.255945,0.075584132,1.0,1,1,1.0,63,0.0007,0,1.0,1.01050115039,1.1301137461,0.274921569734,-0.473275873651
650000,1,13.1286917,13.127613718,0.0010779819999999773,8.210886694825634e-05,13.1276183378,PASS,13.38472764,13.38474823,0.256057,0.256036,0.075495303,1.0,1,1,1.0,65,0.0007,0,1.0,1.0104840689,1.13004486813,0.27476003326,-0.473303437142
660000,1,13.1438703,13.1427899146,0.0010803853999998836,8.219690055826886e-05,13.1427945268,PASS,13.39999511,13.40001542,0.256145,0.256125,0.075407849,1.0,1,1,1.0,61,0.0007,0,1.0,1.01046480816,1.12997451059,0.274600903455,-0.473321496585
670000,1,13.15882083,13.1577380569,0.0010827731000002672,8.228496413080709e-05,13.1577426617,PASS,13.41503299,13.41505301,0.256232,0.256212,0.075322012,1.0,1,1,1.0,66,0.0007,0,1.0,1.01044727596,1.12990672772,0.274444625453,-0.473344039838
680000,1,13.17355007,13.1724649594,0.0010851106000000499,8.23704008588514e-05,13.172469557,PASS,13.42984808,13.42986783,0.256318,0.256298,0.075237596,1.0,1,1,1.0,63,0.0006,0,1.0,1.01042948397,1.12983942156,0.274290846945,-0.473364033137
690000,1,13.18806444,13.1869770451,0.0010873948999989835,8.245295622766789e-05,13.1869816355,PASS,13.44444688,13.44446636,0.256402,0.256382,0.075154636,1.0,1,1,1.0,57,0.0006,0,1.0,1.01041251123,1.12977369639,0.274139636042,-0.473385382233
700000,1,13.2023702,13.2012805445,0.0010896555000012853,8.25348390852792e-05,13.201285128,PASS,13.45883561,13.45885484,0.256485,0.256465,0.075072963,1.0,1,1,1.0,65,0.0006,0,1.0,1.01039466807,1.12970776768,0.273990688677,-0.473402101024
710000,1,13.21647322,13.2153813469,0.0010918731000000292,8.261455850020095e-05,13.2153859235,PASS,13.47302025,13.47303923,0.256566,0.256547,0.074992597,1.0,1,1,1.0,64,0.0006,0,1.0,1.01037677791,1.12964247474,0.273844045126,-0.47341717684
720000,1,13.23037913,13.2292850807,0.0010940492999989004,8.269221080128642e-05,13.2292896505,PASS,13.48700649,13.48702522,0.256646,0.256627,0.07491359,1.0,1,1,1.0,64,0.0006,0,1.0,1.01036007459,1.12957908629,0.273699804143,-0.473435071304
730000,1,13.24409358,13.2429974365,0.0010961434999998687,8.276470514034746e-05,13.2430019992,PASS,13.50079981,13.50081831,0.256725,0.256706,0.074835297,1.0,1,1,1.0,68,0.0006,1,1.0,1.01033636375,1.12950903003,0.273556790736,-0.473426485521
740000,1,13.25762115,13.2565228075,0.0010983425000006264,8.284612205867916e-05,13.2565273643,PASS,13.51440547,13.51442373,0.256803,0.256784,0.074759598,1.0,1,1,1.0,63,0.0006,1,1.0,1.01033151979,1.12945929827,0.273418444691,-0.473484144122
750000,1,13.27096757,13.2698671415,0.0011004284999991398,8.291999013596714e-05,13.269871692,PASS,13.52782849,13.52784652,0.256879,0.256861,0.074684242,1.0,1,1,1.0,64,0.0006,1,1.0,1.01031561635,1.12939863431,0.273280654908,-0.473500893637
760000,1,13.28413733,13.2830348426,0.00110248740000074,8.29927734570281e-05,13.2830393868,PASS,13.54107371,13.54109153,0.256954,0.256936,0.074610127,1.0,1,1,1.0,71,0.0006,0,1.0,1.01030122939,1.12934014981,0.273145066018,-0.473521823762
770000,1,13.29713517,13.2960306563,0.0011045137000014194,8.306403491282395e-05,13.2960351942,PASS,13.55414579,13.5541634,0.257028,0.257011,0.074536918,1.0,1,1,1.0,63,0.0006,0,1.0,1.01028425359,1.12927954326,0.27301106785,-0.473532242786
780000,1,13.30996529,13.3088587664,0.0011065235999989653,8.313497262313036e-05,13.3088632984,PASS,13.5670492,13.56706659,0.257101,0.257084,0.074465164,1.0,1,1,1.0,73,0.0006,0,1.0,1.01027254357,1.12922499986,0.272879668684,-0.473560380975
790000,1,13.32263225,13.3215237919,0.0011084580999991545,8.320113316939709e-05,13.3215283177,PASS,13.57978822,13.57980541,0.257173,0.257156,0.074394027,1.0,1,1,1.0,66,0.0006,0,1.0,1.01025513182,1.1291650548,0.272749336186,-0.47356688968
800000,1,13.33514014,13.3340298188,0.0011103212000005414,8.326280701543053e-05,13.3340343382,PASS,13.59236701,13.592384,0.257244,0.257227,0.074323524,1.0,1,1,1.0,69,0.0006,0,1.0,1.01023261544,1.12910031706,0.272620103104,-0.47355391475
810000,1,13.34749236,13.3463800186,0.001112341400000716,8.333710707594785e-05,13.3463845328,PASS,13.60478953,13.60480632,0.257314,0.257297,0.074255409,1.0,1,1,1.0,74,0.0006,0,1.0,1.01022921066,1.1290560575,0.272495189319,-0.473608572027
820000,1,13.35969349,13.3585793157,0.001114174299999604,8.339819329190344e-05,13.358583824,PASS,13.61705962,13.61707623,0.257383,0.257366,0.07418711,1.0,1,1,1.0,64,0.0006,0,1.0,1.01021029985,1.12899611881,0.272369879544,-0.47360640252
830000,1,13.37174668,13.3706306109,0.001116069100000061,8.346472055661626e-05,13.3706351137,PASS,13.62918098,13.6291974,0.257451,0.257434,0.074120346,1.0,1,1,1.0,65,0.0006,1,1.0,1.01019960992,1.12894526231,0.272247330201,-0.473632789038
840000,1,13.38365574,13.3825378829,0.0011178571000005633,8.352404766805242e-05,13.38254238,PASS,13.64115717,13.64117341,0.257518,0.257501,0.074054094,1.0,1,1,1.0,69,0.0006,0,1.0,1.0101835354,1.12888926981,0.272125665495,-0.473638785891
850000,1,13.45165718,,,,,FAILED,13.65299163,13.65300769,0.201351,0.201334,0.11031766,1.0,1,1,1.0,161,0.4,7,1.0,1.50616608845,1.63903182519,0.332135625988,-1.92400867354
860000,1,13.40705473,13.4059332866,0.0011214434000006435,8.364576878255522e-05,13.4059377726,PASS,13.66468767,13.66470356,0.257649,0.257633,0.073924379,1.0,1,1,1.0,67,0.0005,0,1.0,1.0101535501,1.12878095732,0.271887299033,-0.473655657251
870000,1,13.4185508,13.4174275101,0.0011232899000006569,8.371171497898692e-05,13.4174319914,PASS,13.67624849,13.67626421,0.257713,0.257698,0.073861712,1.0,1,1,1.0,53,0.0005,0,1.0,1.01015112726,1.12874061207,0.271772066096,-0.473708037481
880000,1,13.42991576,13.4287906887,0.001125071300000613,8.377351877005466e-05,13.428795165,PASS,13.68767719,13.68769274,0.257777,0.257761,0.073799404,1.0,1,1,1.0,70,0.0005,0,1.0,1.0101424185,1.12869414546,0.271657444249,-0.473736863029
890000,1,13.44115273,13.440026063,0.0011266670000011914,8.382220056814958e-05,13.4400305336,PASS,13.69897674,13.69899213,0.257839,0.257824,0.073736836,1.0,1,1,1.0,63,0.0005,0,1.0,1.01011920137,1.12863295997,0.271542294556,-0.473712429158
900000,1,13.45226404,13.4511356836,0.0011283563999988644,8.38785498592447e-05,13.4511401491,PASS,13.71015004,13.71016528,0.257901,0.257886,0.073675786,1.0,1,1,1.0,63,0.0005,0,1.0,1.01010608054,1.1285827408,0.271429891503,-0.473723583225
910000,1,13.46325241,13.4621222702,0.0011301398000007623,8.394255456143248e-05,13.4621267312,PASS,13.72119988,13.72121496,0.257963,0.257947,0.073616342,1.0,1,1,1.0,76,0.0005,0,1.0,1.01010454291,1.12854503212,0.27132040069,-0.47377577135
920000,1,13.4741213,13.4729895889,0.0011317110999993218,8.399145850047541e-05,13.4729940444,PASS,13.73212895,13.73214388,0.258023,0.258008,0.073556103,1.0,1,1,1.0,62,0.0005,0,1.0,1.01008189138,1.12848567685,0.271209399415,-0.473750825483
930000,1,13.4848725,13.4837391792,0.0011333207999992823,8.404386470834502e-05,13.4837436298,PASS,13.74293987,13.74295464,0.258082,0.258067,0.073497361,1.0,1,1,1.0,61,0.0005,0,1.0,1.01006981247,1.12843775881,0.271101112911,-0.473763303394
940000,1,13.49550883,13.4943739026,0.0011349274000007625,8.409667351540405e-05,13.4943783484,PASS,13.75363515,13.75364979,0.258141,0.258126,0.073439326,1.0,1,1,1.0,65,0.0005,0,1.0,1.01005769578,1.12839018823,0.270994086921,-0.473774869745
950000,1,13.50603235,13.5048957097,0.00113664030000038,8.415797256700485e-05,13.5049001516,PASS,13.76421726,13.76423175,0.258199,0.258185,0.073383021,1.0,1,1,1.0,75,0.0005,0,1.0,1.0100598445,1.12835789611,0.270890211112,-0.473837336467
960000,1,13.51644639,13.5153082783,0.0011381117000013319,8.420199120113048e-05,13.5153127148,PASS,13.77468856,13.77470291,0.258257,0.258242,0.073325564,1.0,1,1,1.0,52,0.0005,0,1.0,1.01003680784,1.12829966941,0.270784167804,-0.47380786864
970000,1,13.52675235,13.5256127018,0.0011396482000005648,8.42514278751148e-05,13.5256171336,PASS,13.78505135,13.78506556,0.258313,0.258299,0.073269507,1.0,1,1,1.0,67,0.0005,1,1.0,1.01002391642,1.128252402,0.270680668369,-0.473814413041
980000,1,13.53695274,13.5358115955,0.0011411445000000242,8.429847705887936e-05,13.5358160225,PASS,13.79530785,13.79532193,0.258369,0.258355,0.073213961,1.0,1,1,1.0,63,0.0005,1,1.0,1.01000913096,1.12820351162,0.270578073034,-0.473813381052
990000,1,13.54704948,13.5459067848,0.001142695200000432,8.435011636204874e-05,13.5459112075,PASS,13.80546022,13.80547417,0.258425,0.258411,0.073159598,1.0,1,1,1.0,64,0.0005,0,1.0,1.01000192005,1.12816288135,0.270477625048,-0.473839125596
1000000,1,13.55704491,13.5559006907,0.0011442193000004153,8.440034739107575e-05,13.5559051091,PASS,13.81551056,13.81552437,0.258479,0.258466,0.073105662,1.0,1,1,1.0,69,0.0005,0,1.0,1.00999204521,1.12811980971,0.270377928834,-0.473854542264
2000000,1,14.24659595,14.2453520441,0.0012439058999991204,8.731249937632438e-05,14.2453561885,PASS,14.50865774,14.50866499,0.262069,0.262062,0.069565963,1.0,1,1,1.0,69,0.0003,0,1.0,1.00930874742,1.12516946753,0.263752254442,-0.474572123728
3000000,1,14.65011841,14.6488194685,0.0012989414999999838,8.866423216848141e-05,14.6488234868,PASS,14.91412285,14.91412782,0.264009,0.264004,0.067649428,1.0,1,1,1.0,52,0.0001,0,1.0,1.0089318797,1.12349053498,0.260094130244,-0.474791702788
4000000,1,14.93648697,14.9351496971,0.001337272900000741,8.953061738591273e-05,14.9351536496,PASS,15.20180492,15.20180872,0.265322,0.265318,0.066353694,1.0,1,1,1.0,68,0.0001,0,1.0,1.00869591185,1.12234359334,0.257591424256,-0.47495212113
5000000,1,15.15864655,15.1572802044,0.0013663456000010399,9.013638490047384e-05,15.1572841234,PASS,15.42494847,15.42495156,0.266305,0.266302,0.065382345,1.0,1,1,1.0,69,0.0,0,1.0,1.0085193025,1.12146750366,0.25569916725,-0.475040669718
6000000,1,15.34018541,15.3387953627,0.001390047299999253,9.061476526177483e-05,15.3387992701,PASS,15.60727003,15.60727263,0.267087,0.267085,0.064610486,1.0,1,1,1.0,69,0.0,0,1.0,1.00839330159,1.12077539834,0.254185468715,-0.475146746007
7000000,1,15.49368968,15.4922801608,0.0014095191999992096,9.097375958282453e-05,15.4922840703,PASS,15.76142071,15.76142296,0.267733,0.267731,0.063970492,1.0,1,1,1.0,67,0.0001,1,1.0,1.00826583725,1.12017155551,0.252923490944,-0.475130068233
8000000,1,15.62667214,15.6252457111,0.0014264289000003316,9.128168091202633e-05,15.6252496337,PASS,15.8949521,15.89495409,0.268282,0.26828,0.063425848,1.0,1,1,1.0,66,0.0001,0,1.0,1.00815081584,1.11964608871,0.251844542417,-0.475079140351
9000000,1,15.74397759,15.742535985,0.0014416050000001235,9.156548856597576e-05,15.7425399316,PASS,16.01273514,16.01273691,0.268759,0.268758,0.062955265,1.0,1,1,1.0,63,0.0001,0,1.0,1.00808598382,1.11922285916,0.250908569319,-0.475164556884
10000000,1,15.84891685,15.8474617574,0.0014550926000005404,9.181022361162431e-05,15.8474657351,PASS,16.11809565,16.11809726,0.26918,0.269179,0.062540358,1.0,1,1,1.0,60,0.0001,0,1.0,1.00803147229,1.11884943606,0.25008042471,-0.475244858533
11000000,1,15.9438528,15.9423859229,0.0014668771000003744,9.200267453550339e-05,15.9423899356,PASS,16.21340583,16.2134073,0.269555,0.269553,0.062166806,1.0,1,1,1.0,52,0.0001,0,1.0,1.00793565488,1.11846413974,0.24933246807,-0.475125203926
12000000,1,16.03052282,16.0290444206,0.0014783994000033829,9.222402891057939e-05,16.0290484776,PASS,16.30041721,16.30041857,0.269896,0.269894,0.061835162,1.0,1,1,1.0,62,0.0001,0,1.0,1.00793893871,1.11820854007,0.248666536303,-0.475369713312
13000000,1,16.11025747,16.1087696176,0.0014878524000003779,9.235435267071357e-05,16.1087737199,PASS,16.38045992,16.38046118,0.270204,0.270202,0.061528664,1.0,1,1,1.0,71,0.0001,0,1.0,1.0078678143,1.11789657999,0.24804950572,-0.475294557203
14000000,1,16.18408319,16.1825858266,0.0014973633999986191,9.252074290645185e-05,16.1825899787,PASS,16.45456789,16.45456906,0.270486,0.270485,0.061248287,1.0,1,1,1.0,70,0.0001,0,1.0,1.00781409644,1.11762121447,0.247483712598,-0.475268506521
15000000,1,16.25281539,16.2513102606,0.0015051293999981397,9.260730303527675e-05,16.2513144655,PASS,16.52356076,16.52356186,0.270746,0.270745,0.060988617,1.0,1,1,1.0,66,0.0002,0,1.0,1.00774911861,1.11734981392,0.246958548511,-0.475180205876
16000000,1,16.317112,16.3155988789,0.0015131211000003475,9.273216363289946e-05,16.3156031404,PASS,16.58809928,16.58810032,0.270988,0.270987,0.060748692,1.0,1,1,1.0,69,0.0002,0,1.0,1.00770533404,1.11711432019,0.246472322017,-0.475162157084
17000000,1,16.37751141,16.3759902358,0.0015211742000005302,9.288188919054645e-05,16.3759945568,PASS,16.6487239,16.64872488,0.271213,0.271212,0.060525387,1.0,1,1,1.0,59,0.0002,0,1.0,1.00767045723,1.11690016292,0.246018913229,-0.475167381982
18000000,1,16.43445734,16.4329299874,0.0015273526000001425,9.293599225103117e-05,16.4329333907,PASS,16.70588232,16.70588324,0.271426,0.271425,0.060317793,1.0,1,1,1.0,66,0.0002,0,1.0,1.00766195141,1.11672425132,0.245596653548,-0.475268085439
19000000,1,16.48832721,16.4867930671,0.001534142900002422,9.304418092042594e-05,16.4867964552,PASS,16.75994954,16.75995042,0.271623,0.271622,0.06012032,1.0,1,1,1.0,69,0.0002,0,1.0,1.00761352936,1.11651592213,0.245194305242,-0.475198320829
20000000,1,16.5394329,16.5378924511,0.001540448900001934,9.313795154378804e-05,16.5378958263,PASS,16.81124283,16.81124367,0.271811,0.27181,0.059935805,1.0,1,1,1.0,60,0.0002,0,1.0,1.00759537216,1.11634776462,0.244817760788,-0.475242336346
21000000,1,16.58804843,16.5865019617,0.0015464682999990487,9.322786260993866e-05,16.5865053223,PASS,16.860033,16.8600338,0.271985,0.271985,0.059758385,1.0,1,1,1.0,64,0.0002,0,1.0,1.00752834287,1.11613596718,0.244455147882,-0.475080881647
22000000,1,16.63439957,16.6328484629,0.0015511070999991716,9.324695450965241e-05,16.6328518117,PASS,16.90655301,16.90655378,0.272154,0.272153,0.059592691,1.0,1,1,1.0,65,0.0002,0,1.0,1.00750698948,1.11597893797,0.244116014109,-0.475097622722
23000000,1,16.67869049,16.6771334707,0.0015570193000016275,9.335380981709358e-05,16.67713681,PASS,16.95100477,16.95100551,0.272315,0.272314,0.059437212,1.0,1,1,1.0,58,0.0002,0,1.0,1.00752046436,1.11586468247,0.243797358672,-0.475249949798
24000000,1,16.72109896,16.7195365202,0.0015624398000007034,9.344121482316157e-05,16.7195398485,PASS,16.99356439,16.9935651,0.272466,0.272465,0.059286672,1.0,1,1,1.0,69,0.0002,0,1.0,1.007491878,1.11571203573,0.243488428104,-0.475226016426
25000000,1,16.76177743,16.7602108654,0.0015665645999973776,9.34605298596533e-05,16.7602141815,PASS,17.03438638,17.03438706,0.27261,0.272609,0.059141102,1.0,1,1,1.0,63,0.0003,0,1.0,1.00743238257,1.1155322122,0.243189323256,-0.475071070781
26000000,1,16.80085834,16.7992862469,0.0015720931000018368,9.357218947909042e-05,16.7992895551,PASS,17.0736071,17.07360775,0.272749,0.272749,0.059006309,1.0,1,1,1.0,65,0.0002,0,1.0,1.00745053605,1.11543862636,0.242912033632,-0.475228108837
27000000,1,16.83846787,16.8368904207,0.0015774492999973688,9.368128455486188e-05,16.8368937187,PASS,17.11134742,17.11134806,0.27288,0.27288,0.058873979,1.0,1,1,1.0,66,0.0002,0,1.0,1.0074131089,1.11529120211,0.24263950228,-0.475154296929
28000000,1,16.87470832,16.8731275694,0.001580750599998737,9.367572879024063e-05,16.8731308575,PASS,17.14771507,17.14771568,0.273007,0.273007,0.058746879,1.0,1,1,1.0,68,0.0003,0,1.0,1.00737474223,1.11514690568,0.242377453382,-0.475072677225
29000000,1,16.90967799,16.9080924885,0.0015855014999992534,9.376296230696309e-05,16.9080957679,PASS,17.18280639,17.18280698,0.273129,0.273128,0.058625823,1.0,1,1,1.0,65,0.0003,1,1.0,1.00735616594,1.11502718124,0.242127601937,-0.475068436291
30000000,1,16.94345971,16.9418701351,0.0015895748999987802,9.381642989127043e-05,16.9418734082,PASS,17.21670794,17.21670851,0.273249,0.273248,0.05851167,1.0,1,1,1.0,71,0.0002,0,1.0,1.00737833345,1.1149537394,0.241891761359,-0.475228005914
31000000,1,16.97613844,16.9745445856,0.0015938543999993726,9.388792425513306e-05,16.9745478492,PASS,17.24949776,17.24949832,0.27336,0.273359,0.058397626,1.0,1,1,1.0,70,0.0003,1,1.0,1.00732971902,1.11480938453,0.241655915942,-0.475094450236
32000000,1,17.00777705,17.0061792807,0.0015977693000017723,9.394345276896561e-05,17.0061825374,PASS,17.28124646,17.281247,0.27347,0.273469,0.058290367,1.0,1,1,1.0,65,0.0002,0,1.0,1.00733019842,1.1147196163,0.241433891796,-0.475159537246
33000000,1,17.03844276,17.0368411228,0.0016016372000002832,9.400138396217398e-05,17.0368443727,PASS,17.31201812,17.31201864,0.273576,0.273575,0.058186491,1.0,1,1,1.0,63,0.0002,0,1.0,1.0073255865,1.11462741509,0.241218675523,-0.47520124568
34000000,1,17.06819507,17.0665905348,0.001604535200002033,9.400731556099053e-05,17.0665937758,PASS,17.34187108,17.34187159,0.273677,0.273676,0.058083486,1.0,1,1,1.0,71,0.0003,0,1.0,1.00727632624,1.11449111686,0.24100507393,-0.475056873246
35000000,1,17.09708577,17.0954772804,0.0016084895999988191,9.407975263370391e-05,17.0954805133,PASS,17.37085862,17.37085912,0.273773,0.273773,0.057984374,1.0,1,1,1.0,69,0.0003,0,1.0,1.00723836289,1.11436923264,0.240799366335,-0.474956534881
36000000,1,17.12515949,17.1235478887,0.0016116013000022633,9.410722866221103e-05,17.1235511162,PASS,17.3990295,17.39902998,0.27387,0.27387,0.057891048,1.0,1,1,1.0,66,0.0003,0,1.0,1.00724805173,1.11429974491,0.240605506848,-0.47505041096
37000000,1,17.15246304,17.1508462788,0.0016167612000010934,9.425825295357076e-05,17.1508495036,PASS,17.42642847,17.42642894,0.273966,0.273965,0.057803712,1.0,1,1,1.0,72,0.0002,0,1.0,1.0073122525,1.11428971468,0.240423948392,-0.475367430924
38000000,1,17.17905181,17.1774355294,0.0016162806000004082,9.408438939916138e-05,17.1774387355,PASS,17.45309672,17.45309718,0.274045,0.274045,0.057700136,1.0,1,1,1.0,73,0.0005,0,1.0,1.00704605423,1.11393531121,0.240208451065,-0.474318495873
39000000,1,17.2049346,17.2033129418,0.0016216582000012636,9.425541204912592e-05,17.2033161491,PASS,17.4790722,17.47907265,0.274138,0.274138,0.057622051,1.0,1,1,1.0,69,0.0003,0,1.0,1.00717998998,1.11400262695,0.240045862051,-0.474920192236
40000000,1,17.23016827,17.2285451947,0.001623075299999499,9.419961979277287e-05,17.2285483941,PASS,17.50439001,17.50439045,0.274222,0.274222,0.057535713,1.0,1,1,1.0,73,0.0004,0,1.0,1.00712755997,1.11387641253,0.239865960023,-0.474750200139
41000000,1,17.2547776,17.2531503656,0.0016272344000007877,9.43063096913395e-05,17.253153561,PASS,17.52908262,17.52908305,0.274305,0.274305,0.057456072,1.0,1,1,1.0,73,0.0003,0,1.0,1.00715223338,1.11383290989,0.239699892822,-0.474897625323
42000000,1,17.27879438,17.2771648124,0.001629567600001991,9.431026055198598e-05,17.2771680023,PASS,17.55318018,17.55318059,0.274386,0.274386,0.057376539,1.0,1,1,1.0,73,0.0003,0,1.0,1.00714072696,1.11375320972,0.239533935847,-0.474893919797
43000000,1,17.30225098,17.3006178807,0.0016330993000011063,9.43865224177384e-05,17.3006210621,PASS,17.57671067,17.57671108,0.27446,0.27446,0.057295532,1.0,1,1,1.0,73,0.0004,0,1.0,1.00706698886,1.11360990069,0.239364784779,-0.474630805844
44000000,1,17.32516099,17.323525074,0.0016359160000014583,9.44242885215151e-05,17.3235282532,PASS,17.59970019,17.59970059,0.27454,0.274539,0.057223595,1.0,1,1,1.0,67,0.0003,0,1.0,1.0071181159,1.11359915035,0.239214472638,-0.47488410336
45000000,1,17.34755728,17.3459211084,0.0016361716000012905,9.431711759716353e-05,17.3459242824,PASS,17.62217305,17.62217344,0.274616,0.274616,0.057149958,1.0,1,1,1.0,71,0.0003,1,1.0,1.00710644955,1.11352405067,0.239060510368,-0.474875798163
46000000,1,17.36946788,17.3678275289,0.0016403510999971616,9.443876527075058e-05,17.3678306958,PASS,17.64415195,17.64415234,0.274684,0.274684,0.057075681,1.0,1,1,1.0,72,0.0004,0,1.0,1.00705198847,1.11340550883,0.23890510938,-0.474688503417
47000000,1,17.39089758,17.389254521,0.0016430589999991696,9.447810226245778e-05,17.3892576879,PASS,17.66565816,17.66565854,0.274761,0.274761,0.057011409,1.0,1,1,1.0,67,0.0003,0,1.0,1.0071440626,1.11344205577,0.238770559159,-0.475109059394
48000000,1,17.41188394,17.4102365727,0.0016473672999985922,9.461166325684758e-05,17.4102397348,PASS,17.68671157,17.68671194,0.274828,0.274828,0.056942855,1.0,1,1,1.0,59,0.0003,0,1.0,1.00713185229,1.11337053903,0.238626961037,-0.475095263922
49000000,1,17.43243702,17.430785985,0.001651034999998302,9.471050995934143e-05,17.4307891424,PASS,17.70733086,17.70733122,0.274894,0.274894,0.056876018,1.0,1,1,1.0,58,0.0003,0,1.0,1.0071224685,1.11330325473,0.238486876202,-0.475092200194
50000000,1,17.45257219,17.4509204179,0.0016517721000006702,9.46434761603281e-05,17.4509235708,PASS,17.72753356,17.72753392,0.274962,0.274961,0.056810656,1.0,1,1,1.0,56,0.0003,0,1.0,1.007112811,1.11323689854,0.238349803198,-0.475087023457
51000000,1,17.47230964,17.4706558991,0.0016537409000001446,9.464924409387611e-05,17.4706590478,PASS,17.74733619,17.74733654,0.275027,0.275027,0.056747072,1.0,1,1,1.0,71,0.0003,0,1.0,1.00710936462,1.11317822366,0.238216383201,-0.475106800536
52000000,1,17.49166954,17.4900147453,0.0016547946999985186,9.460473148171072e-05,17.4900178847,PASS,17.76675428,17.76675462,0.275085,0.275085,0.056678827,1.0,1,1,1.0,70,0.0004,0,1.0,1.00699879199,1.11300829475,0.238073099595,-0.474678974389
53000000,1,17.51064828,17.5089879406,0.0016603394000007654,9.481884242384916e-05,17.5089910843,PASS,17.78580247,17.78580281,0.275155,0.275154,0.056627586,1.0,1,1,1.0,73,0.0002,0,1.0,1.00716705903,1.11313194078,0.237965460189,-0.47541328345
54000000,1,17.52927594,17.5276118423,0.001664097700000866,9.49324835604628e-05,17.5276149858,PASS,17.8044946,17.80449493,0.275219,0.275219,0.056572127,1.0,1,1,1.0,73,0.0001,0,1.0,1.00723812994,1.11315466535,0.237848905234,-0.475741796006
55000000,1,17.54757565,17.5459125248,0.0016631252000003371,9.477806126456775e-05,17.5459156548,PASS,17.82284374,17.82284407,0.275268,0.275268,0.056502592,1.0,1,1,1.0,72,0.0003,0,1.0,1.0070368683,1.11289270983,0.237702686553,-0.47493241018
56000000,1,17.56553315,17.5638663452,0.0016668047999992552,9.489064668664811e-05,17.5638694747,PASS,17.84086225,17.84086257,0.275329,0.275329,0.056449087,1.0,1,1,1.0,72,0.0002,0,1.0,1.00710038523,1.11290946647,0.237590114776,-0.475227963823
57000000,1,17.58317707,17.5815101631,0.001666906900002374,9.480123491711921e-05,17.5815132864,PASS,17.85856183,17.85856214,0.275385,0.275385,0.056389923,1.0,1,1,1.0,68,0.0003,0,1.0,1.00704292625,1.11280024251,0.237465574501,-0.475017243001
58000000,1,17.60051496,17.5988471371,0.0016678229000000044,9.475989218442755e-05,17.5988502542,PASS,17.87595357,17.87595388,0.275439,0.275439,0.056331878,1.0,1,1,1.0,50,0.0003,0,1.0,1.00698603556,1.11269250557,0.237343326201,-0.474807981226
59000000,1,17.6175528,17.6158814943,0.00167130569999685,9.486593960977658e-05,17.6158846102,PASS,17.893048,17.89304831,0.275496,0.275495,0.056280673,1.0,1,1,1.0,63,0.0003,0,1.0,1.00703278357,1.11269434939,0.23723543136,-0.47503169633
60000000,1,17.63429564,17.632619892,0.0016757480000002545,9.502778189785721e-05,17.6326230134,PASS,17.90985512,17.90985542,0.27556,0.275559,0.056237949,1.0,1,1,1.0,73,0.0001,1,1.0,1.00721351885,1.11283758223,0.237145369497,-0.475816088973
61000000,1,17.65078612,17.6491105595,0.0016755605000007279,9.492837818153381e-05,17.649113666,PASS,17.92638442,17.92638472,0.275599,0.275598,0.05617259,1.0,1,1,1.0,73,0.0003,0,1.0,1.00697144233,1.11253807183,0.23700752659,-0.47482910541
62000000,1,17.66699571,17.6653183131,0.0016773968999999056,9.494522597582641e-05,17.6653214153,PASS,17.94264494,17.94264523,0.27565,0.275649,0.056120496,1.0,1,1,1.0,72,0.0003,0,1.0,1.00695013375,1.11247093146,0.236897602404,-0.474766018383
63000000,1,17.68294288,17.6812623412,0.0016805387999987431,9.503728035560691e-05,17.6812654427,PASS,17.95864528,17.95864557,0.275703,0.275702,0.056073341,1.0,1,1,1.0,63,0.0003,0,1.0,1.00700124093,1.11248051043,0.236798056105,-0.475006054848
64000000,1,17.69864748,17.6969700848,0.0016773952000015413,9.477533251606077e-05,17.6969731738,PASS,17.97439364,17.97439392,0.275746,0.275746,0.056013281,1.0,1,1,1.0,73,0.0005,0,1.0,1.00680476184,1.1122310806,0.236671205946,-0.474206738216
65000000,1,17.71409942,17.7124196297,0.0016797902999989844,9.482786904212737e-05,17.7124227187,PASS,17.98989783,17.9898981,0.275799,0.275798,0.055968444,1.0,1,1,1.0,72,0.0004,0,1.0,1.00686658914,1.11225333626,0.236576463437,-0.474490719103
66000000,1,17.72931819,17.7276331631,0.0016850269000023843,9.504183307809335e-05,17.727636252,PASS,18.0051653,18.00516557,0.275847,0.275847,0.055924299,1.0,1,1,1.0,70,0.0003,0,1.0,1.00692624778,1.11227399889,0.23648314606,-0.474765330046
67000000,1,17.74430047,17.742611067,0.0016894030000003113,9.520820518433835e-05,17.7426141605,PASS,18.02020318,18.02020345,0.275903,0.275903,0.055886283,1.0,1,1,1.0,73,0.0002,0,1.0,1.00708217449,1.11239631579,0.236402755219,-0.475444187122
68000000,1,17.75907543,17.7573851073,0.0016903227000000243,9.518078273064829e-05,17.7573881925,PASS,18.03501826,18.03501853,0.275943,0.275943,0.055834065,1.0,1,1,1.0,71,0.0003,0,1.0,1.00696838198,1.11223631538,0.236292287181,-0.47498933088
69000000,1,17.77362679,17.771936501,0.001690289000002565,9.510096166493011e-05,17.7719395829,PASS,18.04961706,18.04961732,0.275991,0.27599,0.055788407,1.0,1,1,1.0,64,0.0003,0,1.0,1.00695938288,1.11218687333,0.236195654648,-0.474974332178
70000000,1,17.78796502,17.7862705029,0.0016945171000024573,9.526199866579551e-05,17.7862735873,PASS,18.0640058,18.06400606,0.276041,0.276041,0.055750001,1.0,1,1,1.0,73,0.0002,0,1.0,1.00706834141,1.11226178366,0.236114340003,-0.475455169962
71000000,1,17.80210443,17.8004132537,0.0016911762999995972,9.499867314280198e-05,17.8004163321,PASS,18.07819044,18.07819069,0.276086,0.276086,0.055702615,1.0,1,1,1.0,70,0.0002,0,1.0,1.0070024817,1.1121538782,0.236013973811,-0.475200160346
72000000,1,17.81605068,17.8143511346,0.0016995454000010568,9.539405957735279e-05,17.8143542121,PASS,18.09217668,18.09217693,0.276126,0.276126,0.055661573,1.0,1,1,1.0,68,0.0002,0,1.0,1.00703901283,1.11215396007,0.235927010114,-0.475375668156
73000000,1,17.82978611,17.8280865905,0.0016995195000006902,9.531911877773446e-05,17.8280896733,PASS,18.10597,18.10597025,0.276184,0.276184,0.055628318,1.0,1,1,1.0,73,0.0,0,1.0,1.00720465681,1.11229004819,0.235856522821,-0.476094732722
74000000,1,17.84336559,17.8416637738,0.0017018162000006498,9.537529180898488e-05,17.8416668439,PASS,18.11957565,18.1195759,0.27621,0.27621,0.055574916,1.0,1,1,1.0,70,0.0002,0,1.0,1.00699389477,1.11203178277,0.235743287537,-0.475227880055
75000000,1,17.85674675,17.8550438013,0.0017029487000002064,9.536724263618772e-05,17.8550468683,PASS,18.13299867,18.13299891,0.276252,0.276252,0.055533178,1.0,1,1,1.0,72,0.0002,0,1.0,1.0069830429,1.11198376743,0.235654747176,-0.475202680069
76000000,1,17.86996445,17.8682696378,0.0016948122000002286,9.48413862121717e-05,17.8682726828,PASS,18.1462439,18.14624414,0.27628,0.276279,0.055469965,1.0,1,1,1.0,71,0.0006,1,1.0,1.00657151392,1.11151589392,0.235520587468,-0.473486819628
77000000,1,17.88297353,17.8812654796,0.0017080504000013264,9.551266164633898e-05,17.881268548,PASS,18.15931598,18.15931622,0.276343,0.276342,0.055460099,1.0,1,1,1.0,73,0.0001,0,1.0,1.00711746201,1.11205304151,0.235499641905,-0.475809816982
78000000,1,17.89585777,17.8941539113,0.0017038587000008931,9.520966929325865e-05,17.8941569582,PASS,18.17221938,18.17221962,0.276362,0.276362,0.055398571,1.0,1,1,1.0,73,0.0005,0,1.0,1.00671498581,1.11159564256,0.235368973273,-0.474130642666
79000000,1,17.90854012,17.9068338794,0.0017062406000007968,9.527524793019235e-05,17.9068369371,PASS,18.18495841,18.18495864,0.276419,0.276418,0.055375192,1.0,1,1,1.0,67,0.0002,0,1.0,1.00699556349,1.11185533315,0.23531930391,-0.475334285334
80000000,1,17.9211028,17.9193993658,0.0017034341999995206,9.505186254495012e-05,17.919402399,PASS,18.19753719,18.19753742,0.276435,0.276434,0.055311136,1.0,1,1,1.0,70,0.0007,0,1.0,1.00652645453,1.11132894517,0.23518316059,-0.473371243459
81000000,1,17.93347586,17.9317644132,0.0017114468000016814,9.543307796895103e-05,17.9317674593,PASS,18.20995971,18.20995994,0.276484,0.276484,0.055291083,1.0,1,1,1.0,70,0.0003,0,1.0,1.0068483939,1.11163293786,0.235140524424,-0.474749888954
82000000,1,17.94571059,17.9440045871,0.0017060029000006693,9.506466135430246e-05,17.9440076232,PASS,18.22222981,18.22223003,0.276519,0.276519,0.055245005,1.0,1,1,1.0,72,0.0005,0,1.0,1.0066871767,1.11143045503,0.235042524744,-0.474086360107
83000000,1,17.95779171,17.9560789338,0.0017127761999979896,9.537788541361747e-05,17.9560819741,PASS,18.23435117,18.23435139,0.27656,0.276559,0.05521572,1.0,1,1,1.0,73,0.0004,0,1.0,1.00682282835,1.11153986021,0.234980219668,-0.474677657427
84000000,1,17.96974007,17.9680343646,0.0017057053999991467,9.492098346190194e-05,17.968037387,PASS,18.24632736,18.24632757,0.276588,0.276587,0.055161443,1.0,1,1,1.0,73,0.0007,0,1.0,1.00649374645,1.11116209189,0.234864699012,-0.473302681726
85000000,1,17.98150572,17.979786918,0.0017188020000027393,9.558721203703175e-05,17.9797899704,PASS,18.25816181,18.25816203,0.276656,0.276656,0.055162791,1.0,1,1,1.0,70,0.0,0,1.0,1.00717116421,1.11184071945,0.234867569097,-0.476186303109
86000000,1,17.99318656,17.9914661003,0.0017204597000031185,9.561728792540894e-05,17.9914691378,PASS,18.26985785,18.26985807,0.276672,0.276671,0.055112901,1.0,1,1,1.0,70,0.0003,0,1.0,1.0069048672,1.11152962526,0.2347613367,-0.475076632401
87000000,1,18.00471124,18.0029915056,0.001719734399998174,9.551580011889011e-05,18.0029945398,PASS,18.28141868,18.28141889,0.276708,0.276707,0.055076758,1.0,1,1,1.0,67,0.0003,0,1.0,1.00688127235,1.11147354871,0.234684346289,-0.474993541198
88000000,1,18.01610079,18.0143817,0.0017190899999981468,9.541964823777759e-05,18.0143847334,PASS,18.29284737,18.29284758,0.276747,0.276747,0.055043844,1.0,1,1,1.0,70,0.0002,0,1.0,1.00690863708,1.11147131301,0.234614212211,-0.475126003512
89000000,1,18.02738299,18.0256635201,0.0017194698999993818,9.538100460578177e-05,18.0256665374,PASS,18.30414693,18.30414713,0.276764,0.276764,0.054993718,1.0,1,1,1.0,69,0.0005,0,1.0,1.00661309437,1.11113065285,0.234507361835,-0.473889825826
90000000,1,18.03849355,18.0367661719,0.00172737810000001,9.57606628963764e-05,18.0367692111,PASS,18.31532023,18.31532043,0.276827,0.276827,0.05498784,1.0,1,1,1.0,73,0.0,0,1.0,1.00711989826,1.11163216308,0.234494829178,-0.47605383653
91000000,1,18.04952985,18.0478042314,0.0017256185999983131,9.56046287265656e-05,18.0478072538,PASS,18.32637006,18.32637027,0.27684,0.27684,0.05493769,1.0,1,1,1.0,73,0.0003,0,1.0,1.00680843743,1.11127551211,0.234387873167,-0.474749442471
92000000,1,18.06043714,18.0587157637,0.0017213763000007987,9.531199531091741e-05,18.0587187699,PASS,18.33729914,18.33729933,0.276862,0.276862,0.054888446,1.0,1,1,1.0,70,0.0006,0,1.0,1.00650585336,1.11092850975,0.234282801886,-0.47348123234
93000000,1,18.07119344,18.0694682605,0.0017251794999992853,9.546572038682607e-05,18.0694712835,PASS,18.34811005,18.34811025,0.276917,0.276917,0.054877896,1.0,1,1,1.0,67,0.0002,0,1.0,1.00690567518,1.11131880969,0.234260285598,-0.47519283691
94000000,1,18.08186142,18.0801320908,0.0017293291999997962,9.563889246972209e-05,18.0801351101,PASS,18.35880534,18.35880554,0.276944,0.276944,0.054844001,1.0,1,1,1.0,68,0.0003,0,1.0,1.00687033844,1.11125286733,0.234187930018,-0.475058075478
95000000,1,18.09240753,18.0906773636,0.0017301663999980121,9.562941787206206e-05,18.0906803831,PASS,18.36938745,18.36938764,0.27698,0.27698,0.054814827,1.0,1,1,1.0,73,0.0002,0,1.0,1.00691479514,1.1112709645,0.234125634475,-0.475261774507
96000000,1,18.1028572,18.1011263246,0.0017308753999998316,9.56133819582818e-05,18.1011293348,PASS,18.37985875,18.37985894,0.277002,0.277002,0.054775102,1.0,1,1,1.0,71,0.0004,0,1.0,1.00675863775,1.11107888946,0.234040782499,-0.474613391203
97000000,1,18.11318277,18.1114523826,0.001730387400002087,9.553193505384625e-05,18.1114553936,PASS,18.39022154,18.39022173,0.277039,0.277039,0.054747432,1.0,1,1,1.0,67,0.0003,0,1.0,1.00681740303,1.1111126197,0.233981661714,-0.474877470688
98000000,1,18.12341571,18.1216824209,0.0017332890999988138,9.563810308905693e-05,18.1216854258,PASS,18.40047804,18.40047822,0.277063,0.277062,0.054712028,1.0,1,1,1.0,72,0.0004,0,1.0,1.00672746955,1.11099063327,0.23390599429,-0.474509572147
99000000,1,18.13353447,18.1318029692,0.0017315008000018395,9.548611732954891e-05,18.1318059721,PASS,18.41063041,18.41063059,0.277096,0.277096,0.054681671,1.0,1,1,1.0,74,0.0004,0,1.0,1.00672403488,1.1109596967,0.233841094134,-0.474508969896
100000000,1,18.14355088,18.1418127365,0.001738143499999012,9.579952190698252e-05,18.1418157438,PASS,18.42068074,18.42068093,0.27713,0.27713,0.054658903,1.0,1,1,1.0,69,0.0003,0,1.0,1.00685420198,1.11106922608,0.233792406722,-0.475076276608
110000000,1,18.23857567,18.2368287388,0.0017469311999995796,9.578221630941532e-05,18.2368317254,PASS,18.51599092,18.51599109,0.277415,0.277415,0.054373786,1.0,1,1,1.0,69,0.0003,0,1.0,1.00678452807,1.11074030786,0.233181846819,-0.474909643988
120000000,1,18.32532858,18.3235713629,0.0017572170999997638,9.58900732572711e-05,18.3235743328,PASS,18.6030023,18.60300246,0.277674,0.277674,0.054118213,1.0,1,1,1.0,69,0.0003,0,1.0,1.00676124095,1.11048336901,0.232633191359,-0.474925217512
130000000,1,18.40514379,18.4033771307,0.001766659299999418,9.598725878790963e-05,18.4033800801,PASS,18.68304501,18.68304515,0.277901,0.277901,0.05387913,1.0,1,1,1.0,71,0.0004,0,1.0,1.0066262108,1.11012867019,0.232118761844,-0.474449671009
140000000,1,18.47904462,18.4772796309,0.0017649890999997808,9.551300601815316e-05,18.4772825509,PASS,18.75715298,18.75715311,0.278108,0.278108,0.053647363,1.0,1,1,1.0,66,0.0007,0,1.0,1.0062717948,1.10956029477,0.231618983151,-0.473019496406
150000000,1,18.54780973,18.5460191177,0.0017906123000024365,9.654036385256991e-05,18.5460220557,PASS,18.82614585,18.82614598,0.278336,0.278336,0.053484891,1.0,1,1,1.0,73,0.0,0,1.0,1.00691435885,1.11005227347,0.231267987395,-0.475864708767
160000000,1,18.61217567,18.6103757072,0.0017999627999998324,9.670888733879184e-05,18.6103786272,PASS,18.89068437,18.89068449,0.278509,0.278509,0.053294442,1.0,1,1,1.0,74,0.0002,0,1.0,1.00676848267,1.10972925332,0.230855871842,-0.475314976583
170000000,1,18.67264169,18.6708520765,0.0017896134999979552,9.584147383690064e-05,18.6708549644,PASS,18.951309,18.95130911,0.278667,0.278667,0.053099093,1.0,1,1,1.0,71,0.0006,1,1.0,1.0062973188,1.10907568071,0.230432387202,-0.473352214228
180000000,1,18.72963168,18.727826688,0.0018049920000002828,9.637092874216535e-05,18.7278295766,PASS,19.00846741,19.00846751,0.278836,0.278836,0.052951257,1.0,1,1,1.0,73,0.0004,0,1.0,1.00652224294,1.10916208418,0.230111385013,-0.474388019391
190000000,1,18.78356463,18.7817603296,0.001804300399999903,9.605740100673867e-05,18.7817631889,PASS,19.06253463,19.06253473,0.27897,0.27897,0.052777993,1.0,1,1,1.0,68,0.0008,0,1.0,1.00608231927,1.10855928865,0.229734598866,-0.472542182072
200000000,1,18.83470375,18.8328821306,0.0018216193999975872,9.671611638688967e-05,18.8328849983,PASS,19.11382792,19.11382802,0.279124,0.279124,0.052655653,1.0,1,1,1.0,69,0.0004,0,1.0,1.00645109069,1.10881271536,0.229468181386,-0.474195222635
210000000,1,18.88336668,18.8815529906,0.0018136894000022608,9.604693012306958e-05,18.8815558324,PASS,19.16261809,19.16261818,0.279252,0.279251,0.052501298,1.0,1,1,1.0,72,0.0008,0,1.0,1.00606232273,1.10827801264,0.229131603226,-0.4725581767
220000000,1,18.92972846,18.9278963977,0.0018320623000001035,9.678228104916533e-05,18.9278992599,PASS,19.2091381,19.20913819,0.27941,0.27941,0.052405949,1.0,1,1,1.0,74,0.0001,0,1.0,1.00667311183,1.10879842748,0.228923443281,-0.475261187395
230000000,1,18.97408283,18.9722518828,0.0018309472000019866,9.649727032429037e-05,18.9722547182,PASS,19.25358987,19.25358995,0.279507,0.279507,0.052262837,1.0,1,1,1.0,65,0.0005,0,1.0,1.00624722888,1.10823657355,0.228610654075,-0.473453759136
240000000,1,19.01652686,19.0146906112,0.0018362488000001065,9.656068184893078e-05,19.0146934387,PASS,19.29614948,19.29614956,0.279623,0.279623,0.0521464,1.0,1,1,1.0,69,0.0006,0,1.0,1.00622472931,1.1081031579,0.228355850379,-0.473397803118
250000000,1,19.05722057,19.0553726465,0.001847923499997961,9.696710457908927e-05,19.0553754817,PASS,19.33697148,19.33697155,0.279751,0.279751,0.052052453,1.0,1,1,1.0,69,0.0002,0,1.0,1.00653679891,1.10832554555,0.228150055062,-0.47479955908
260000000,1,19.09635194,19.0945064455,0.001845494500003042,9.664120695939802e-05,19.094509259,PASS,19.37619219,19.37619226,0.27984,0.27984,0.051929624,1.0,1,1,1.0,69,0.0006,0,1.0,1.00619837493,1.10786961301,0.227880711858,-0.473359996672
270000000,1,19.13397065,19.1321035176,0.0018671323999974732,9.758206668919884e-05,19.1321063456,PASS,19.41393252,19.41393259,0.279962,0.279962,0.051851937,1.0,1,1,1.0,74,0.0001,0,1.0,1.00665000579,1.10824677201,0.227710193064,-0.475370779632
280000000,1,19.17024904,19.1683864459,0.0018625941000003365,9.716066265565512e-05,19.1683892586,PASS,19.45030016,19.45030023,0.280051,0.280051,0.051744291,1.0,1,1,1.0,74,0.0003,0,1.0,1.00644199158,1.10793537439,0.227473704429,-0.474496050681
290000000,1,19.20527154,19.2034131177,0.0018584222999997735,9.676626004111024e-05,19.2034159009,PASS,19.48539148,19.48539155,0.28012,0.28012,0.051623885,1.0,1,1,1.0,72,0.0008,0,1.0,1.00591160899,1.10728908832,0.227208891503,-0.472204620197
300000000,1,19.23906331,19.2371966935,0.0018666164999991963,9.702221308399013e-05,19.2371994884,PASS,19.51929303,19.5192931,0.28023,0.28023,0.051553655,1.0,1,1,1.0,69,0.0004,0,1.0,1.00629089885,1.10760064475,0.22705428983,-0.473898312313
310000000,1,19.27176155,19.2698924858,0.0018690642000009916,9.69846059558054e-05,19.2698952769,PASS,19.55208286,19.55208292,0.280321,0.280321,0.05146863,1.0,1,1,1.0,72,0.0004,0,1.0,1.00631891822,1.10754653361,0.22686697793,-0.474051069869
320000000,1,19.30343474,19.3015803549,0.0018543850999996891,9.606503324287091e-05,19.301583121,PASS,19.58383155,19.58383161,0.280397,0.280397,0.0513625,1.0,1,1,1.0,68,0.0008,0,1.0,1.00587454818,1.10699944941,0.226632953948,-0.472126615087
330000000,1,19.33409975,19.3322057336,0.0018940164000014192,9.796248206495465e-05,19.332208531,PASS,19.61460321,19.61460327,0.280504,0.280503,0.051322579,1.0,1,1,1.0,68,0.0,0,1.0,1.00667202292,1.1077582313,0.226544862967,-0.475659566447
340000000,1,19.36390262,19.3620338465,0.0018687735000000316,9.650810255933995e-05,19.3620366062,PASS,19.64445618,19.64445623,0.280554,0.280554,0.051207363,1.0,1,1,1.0,74,0.0007,0,1.0,1.00594079832,1.10691516102,0.226290430781,-0.472468767896
350000000,1,19.3927996,19.3909192288,0.0018803711999986206,9.696233853716617e-05,19.3909219991,PASS,19.67344371,19.67344377,0.280644,0.280644,0.05114888,1.0,1,1,1.0,72,0.0004,0,1.0,1.00627461163,1.10719210293,0.226161173003,-0.473963331158
360000000,1,19.42088159,19.4190038685,0.001877721500001428,9.668569839632229e-05,19.4190066391,PASS,19.70161459,19.70161464,0.280733,0.280733,0.051080896,1.0,1,1,1.0,73,0.0003,0,1.0,1.00637612587,1.10722742254,0.22601082337,-0.474434900701
370000000,1,19.44823639,19.4463521147,0.0018842753000001267,9.68866925624677e-05,19.4463548663,PASS,19.72901356,19.72901362,0.280777,0.280777,0.050993459,1.0,1,1,1.0,70,0.0006,0,1.0,1.00605064427,1.10681667228,0.225817305324,-0.473022526441
380000000,1,19.47484552,19.4729567478,0.0018887721999973905,9.698522116941498e-05,19.4729594883,PASS,19.75568181,19.75568186,0.280836,0.280836,0.050916617,1.0,1,1,1.0,69,0.0007,0,1.0,1.00589248433,1.10658345217,0.22564709943,-0.472345766651
390000000,1,19.50075808,19.4988600454,0.0018980345999999315,9.73313238497409e-05,19.498862783,PASS,19.7816573,19.78165735,0.280899,0.280899,0.050851013,1.0,1,1,1.0,72,0.0007,0,1.0,1.00591731238,1.1065441057,0.225501684189,-0.472475875664
400000000,1,19.52600445,19.5241135207,0.0018909293000000105,9.684158911476693e-05,19.5241162508,PASS,19.80697511,19.80697515,0.280971,0.280971,0.050781788,1.0,1,1,1.0,72,0.0008,0,1.0,1.00583361071,1.10639259564,0.225348141015,-0.472125463996
410000000,1,19.5506204,19.5487184829,0.0019019170999996504,9.728167501015214e-05,19.5487212238,PASS,19.83166772,19.83166777,0.281047,0.281047,0.050734919,1.0,1,1,1.0,72,0.0004,0,1.0,1.00615805529,1.10667107677,0.22524412476,-0.473579840915
420000000,1,19.57467061,19.5727747915,0.0018958184999995353,9.685059522948138e-05,19.5727775114,PASS,19.85576527,19.85576532,0.281095,0.281095,0.05065379,1.0,1,1,1.0,72,0.0008,0,1.0,1.00576976424,1.10620312184,0.225063961619,-0.471879731767
430000000,1,19.59808505,19.5961789508,0.001906099200002842,9.725946158208156e-05,19.5961817032,PASS,19.87929577,19.87929581,0.281211,0.281211,0.050634185,1.0,1,1,1.0,74,0.0,0,1.0,1.00657193952,1.10698602668,0.225020403274,-0.475450337512
440000000,1,19.62105486,19.6191295935,0.001925266500002465,9.81224767852499e-05,19.6191323319,PASS,19.90228528,19.90228533,0.28123,0.28123,0.050563857,1.0,1,1,1.0,73,0.0002,0,1.0,1.00633630712,1.10668120397,0.224864078861,-0.474425281749
450000000,1,19.64349407,19.6415881706,0.0019058994000005214,9.702445976305484e-05,19.6415908742,PASS,19.92475814,19.92475819,0.281264,0.281264,0.050471596,1.0,1,1,1.0,76,0.0009,0,1.0,1.00563434328,1.10588832327,0.224658836982,-0.47132943751
460000000,1,19.66537862,19.6634450558,0.0019335641999980169,9.83232633025205e-05,19.6634477949,PASS,19.94673705,19.94673709,0.281358,0.281358,0.05045938,1.0,1,1,1.0,74,0.0001,0,1.0,1.00649998444,1.10674191376,0.22463164758,-0.475186443732
470000000,1,19.68686205,19.6849488215,0.0019132284999976434,9.718300941706673e-05,19.6849515264,PASS,19.96824325,19.9682433,0.281381,0.281381,0.050370351,1.0,1,1,1.0,72,0.0007,0,1.0,1.00580742149,1.10596143741,0.224433393595,-0.472128660141
480000000,1,19.70784661,19.7059445614,0.001902048600001649,9.651224903671244e-05,19.7059472644,PASS,19.98929666,19.9892967,0.28145,0.28145,0.050318625,1.0,1,1,1.0,72,0.0007,0,1.0,1.00583392274,1.10593678857,0.224318127266,-0.472261381009
490000000,1,19.72837922,19.7264519053,0.0019273147000014035,9.769250066156238e-05,19.7264546358,PASS,20.00991595,20.00991599,0.281537,0.281537,0.050300934,1.0,1,1,1.0,73,0.0,0,1.0,1.0065174615,1.10660282109,0.224278691083,-0.475314086143
500000000,1,19.74857885,19.7466645635,0.0019142864999999176,9.693287372928699e-05,19.746667255,PASS,20.03011866,20.0301187,0.28154,0.28154,0.05020989,1.0,1,1,1.0,72,0.0008,0,1.0,1.00571005442,1.10570522245,0.224075628601,-0.471739042334
510000000,1,19.768337,19.7664076709,0.0019293290999975454,9.759693493679036e-05,19.7664103652,PASS,20.04992128,20.04992132,0.281584,0.281584,0.050166737,1.0,1,1,1.0,72,0.0007,0,1.0,1.00583912791,1.10579148932,0.223979316868,-0.472327046955
520000000,1,19.78771445,19.7857770439,0.0019374060999979292,9.790954407055987e-05,19.7857797332,PASS,20.06933937,20.06933941,0.281625,0.281625,0.050115869,1.0,1,1,1.0,74,0.0007,0,1.0,1.00579238276,1.10569423681,0.223865733054,-0.472132270385
530000000,1,19.806698,19.8047818195,0.0019161805000003085,9.674406607301774e-05,19.8047845003,PASS,20.08838756,20.0883876,0.28169,0.28169,0.050061746,1.0,1,1,1.0,69,0.0008,0,1.0,1.0056597558,1.10550781388,0.223744817784,-0.471554223785
540000000,1,19.82533376,19.8234084223,0.0019253376999976979,9.711502077621002e-05,19.8234111126,PASS,20.1070797,20.10707973,0.281746,0.281746,0.050029104,1.0,1,1,1.0,73,0.0006,0,1.0,1.00593918132,1.10575476634,0.223671861285,-0.472812117429
550000000,1,19.84365293,19.841725802,0.001927128000001943,9.711558687304369e-05,19.8417284772,PASS,20.12542884,20.12542887,0.281776,0.281776,0.049969421,1.0,1,1,1.0,72,0.0008,0,1.0,1.00565602632,1.10541218217,0.223538405151,-0.471561842344
560000000,1,19.86155916,19.8596250868,0.0019340731999974992,9.73777126164701e-05,19.8596277985,PASS,20.14344734,20.14344738,0.281888,0.281888,0.049968266,1.0,1,1,1.0,70,0.0,0,1.0,1.00653313493,1.10628813998,0.223535821776,-0.475485938396
570000000,1,19.87928399,19.8773571796,0.0019268104000005337,9.692554324239188e-05,19.8773598425,PASS,20.16114692,20.16114695,0.281863,0.281863,0.049872876,1.0,1,1,1.0,69,0.001,0,1.0,1.0054943803,1.10515425078,0.223322353704,-0.470863077693
580000000,1,19.89659224,19.8946695912,0.0019226488000008146,9.663206527073174e-05,19.8946722769,PASS,20.17853866,20.1785387,0.281946,0.281946,0.049858268,1.0,1,1,1.0,70,0.0004,0,1.0,1.00606698843,1.10571227393,0.223289645308,-0.473431151663
590000000,1,19.9136544,19.9117397895,0.0019146104999983038,9.614561252997862e-05,19.9117424598,PASS,20.19563309,20.19563313,0.281979,0.281979,0.049801581,1.0,1,1,1.0,72,0.0007,0,1.0,1.00577445742,1.10536310469,0.223162673273,-0.472135878034
600000000,1,19.93044092,19.9285088785,0.0019320414999981494,9.693922516582987e-05,19.9285115418,PASS,20.21244021,20.21244025,0.281999,0.281999,0.049754989,1.0,1,1,1.0,73,0.0008,0,1.0,1.00566974047,1.10521178752,0.223058258715,-0.471678511811
610000000,1,19.94695032,19.9449994185,0.0019509014999989915,9.780449987098537e-05,19.9450020756,PASS,20.22896952,20.22896955,0.282019,0.282019,0.04971003,1.0,1,1,1.0,70,0.0009,0,1.0,1.00558268147,1.10507972022,0.222957457417,-0.471299419335
620000000,1,19.9631338,19.961157523,0.0019762770000006924,9.899633092679528e-05,19.9611602127,PASS,20.24523004,20.24523007,0.282096,0.282096,0.049708971,1.0,1,1,1.0,73,0.0001,0,1.0,1.00636955275,1.10586553085,0.222955082584,-0.474828963845
630000000,1,19.97912428,19.977167172,0.0019571079999991525,9.79576468203016e-05,19.9771698322,PASS,20.26123038,20.26123041,0.282106,0.282106,0.049639559,1.0,1,1,1.0,72,0.0007,0,1.0,1.00575854073,1.10518494938,0.222799364647,-0.472106146007
640000000,1,19.99481819,19.9928746022,0.001943587799999591,9.720457478186207e-05,19.9928772603,PASS,20.27697873,20.27697877,0.282161,0.282161,0.049601064,1.0,1,1,1.0,65,0.0007,0,1.0,1.00575971993,1.10514750442,0.222712958582,-0.47212117827
650000000,1,20.01029483,20.0083481462,0.0019466837999999598,9.728411382931931e-05,20.0083507944,PASS,20.29248292,20.29248295,0.282188,0.282188,0.049554582,1.0,1,1,1.0,71,0.0009,0,1.0,1.00558550889,1.10492661561,0.222608580143,-0.471350275643
660000000,1,20.02551201,20.023554999,0.001957010999998232,9.772589080473814e-05,20.0235576602,PASS,20.30775039,20.30775042,0.282238,0.282238,0.049534252,1.0,1,1,1.0,71,0.0005,0,1.0,1.00592922552,1.10524990292,0.222562912416,-0.472899558043
670000000,1,20.04049712,20.0385126058,0.0019845142000001204,9.90251982332123e-05,20.0385152846,PASS,20.32278827,20.3227883,0.282291,0.282291,0.049519511,1.0,1,1,1.0,72,0.0001,0,1.0,1.0063745373,1.10568039646,0.222529793538,-0.474904482608
680000000,1,20.05530957,20.0533527323,0.0019568376999998804,9.757205158912342e-05,20.0533553737,PASS,20.33760336,20.33760339,0.282294,0.282294,0.049444192,1.0,1,1,1.0,72,0.0009,0,1.0,1.00557636516,1.10480644215,0.222360495692,-0.471335710182
690000000,1,20.06984984,20.0678740952,0.0019757447999992905,9.844342711830128e-05,20.0678767594,PASS,20.35220216,20.35220219,0.282352,0.282352,0.049436357,1.0,1,1,1.0,73,0.0003,0,1.0,1.0061387315,1.10536091872,0.222342877266,-0.473866849348
700000000,1,20.08420401,20.0822656237,0.0019383863000008716,9.651297602014707e-05,20.0822682612,PASS,20.36659089,20.36659092,0.282387,0.282387,0.049374016,1.0,1,1,1.0,74,0.0008,0,1.0,1.00558038462,1.10473975082,0.222202641975,-0.471370411668
710000000,1,20.09833811,20.0964150641,0.00192304589999992,9.56818364520946e-05,20.0964176986,PASS,20.38077553,20.38077556,0.282437,0.282437,0.049338498,1.0,1,1,1.0,72,0.0009,0,1.0,1.00555685263,1.10468039215,0.222122705115,-0.471272813369
720000000,1,20.11232814,20.1103456119,0.001982528099997438,9.857278014744235e-05,20.1103482587,PASS,20.39476177,20.3947618,0.282434,0.282434,0.049320519,1.0,1,1,1.0,72,0.0005,0,1.0,1.00588023538,1.10498562991,0.22208223061,-0.472733138608
730000000,1,20.12605361,20.1241210027,0.0019326072999987787,9.602514916478843e-05,20.1241236355,PASS,20.40855509,20.40855512,0.282502,0.282501,0.049273809,1.0,1,1,1.0,72,0.0008,0,1.0,1.00560724557,1.1046654682,0.221977042009,-0.471514834379
740000000,1,20.1396581,20.1376949629,0.0019631370999988462,9.747618803910313e-05,20.1376975912,PASS,20.42216074,20.42216077,0.282503,0.282503,0.04923807,1.0,1,1,1.0,69,0.0009,0,1.0,1.00554778027,1.10456988058,0.221896525895,-0.471255149949
750000000,1,20.15301225,20.1510550975,0.001957152500001058,9.71146385325627e-05,20.1510577429,PASS,20.43558376,20.43558379,0.282572,0.282572,0.049226849,1.0,1,1,1.0,71,0.0004,1,1.0,1.0059793962,1.10499014981,0.221871240198,-0.473203060118
760000000,1,20.1662516,20.164287026,0.00196457399999872,9.74188976199583e-05,20.1642896571,PASS,20.44882899,20.44882902,0.282577,0.282577,0.049181101,1.0,1,1,1.0,69,0.0007,0,1.0,1.00569592395,1.10466039061,0.221768120458,-0.471936139393
770000000,1,20.17927726,20.1773119294,0.001965330600000925,9.73935079378024e-05,20.1773145674,PASS,20.46190107,20.4619011,0.282624,0.282624,0.049159399,1.0,1,1,1.0,72,0.0005,0,1.0,1.00589475914,1.10483725325,0.221719185624,-0.472837986269
780000000,1,20.19217903,20.1902065224,0.001972507599997897,9.768671311141287e-05,20.1902091419,PASS,20.47480448,20.4748045,0.282625,0.282625,0.049109731,1.0,1,1,1.0,72,0.0009,0,1.0,1.00551214017,1.10440431104,0.221607150826,-0.471123384999
790000000,1,20.20488935,20.2029129937,0.001976356299998372,9.781574478151607e-05,20.2029156117,PASS,20.4875435,20.48754353,0.282654,0.282654,0.049079456,1.0,1,1,1.0,72,0.0009,0,1.0,1.00551748992,1.10437896174,0.22153883253,-0.471154246645
800000000,1,20.21741433,20.2154608048,0.0019535252000011383,9.662586758695261e-05,20.2154634202,PASS,20.50012229,20.50012231,0.282708,0.282708,0.049048451,1.0,1,1,1.0,72,0.0009,0,1.0,1.00549924342,1.10432925662,0.221468845078,-0.471078704451
810000000,1,20.22983415,20.2278358056,0.0019983443999969097,9.878204562526826e-05,20.2278384313,PASS,20.51254481,20.51254483,0.282711,0.282711,0.049032079,1.0,1,1,1.0,72,0.0006,0,1.0,1.0057727174,1.10458611116,0.221431879728,-0.472317316206
820000000,1,20.24207181,20.2400910492,0.0019807607999986487,9.785365937789591e-05,20.2400936612,PASS,20.5248149,20.52481492,0.282743,0.282743,0.048989404,1.0,1,1,1.0,72,0.0009,0,1.0,1.00549844907,1.10426849716,0.221335497336,-0.471088001749
830000000,1,20.25412455,20.2521531393,0.001971410700001286,9.733378972438904e-05,20.2521557687,PASS,20.53693626,20.53693628,0.282812,0.282812,0.04898165,1.0,1,1,1.0,67,0.0004,0,1.0,1.0059330239,1.10469519213,0.221317980289,-0.47305326026
840000000,1,20.26606422,20.2641077025,0.0019565175000018087,9.654156222750827e-05,20.2641103254,PASS,20.54891245,20.54891247,0.282848,0.282848,0.048947749,1.0,1,1,1.0,74,0.0005,0,1.0,1.00582300882,1.1045507114,0.22124137818,-0.472564003457
850000000,1,20.27788294,20.2759040338,0.001978906200001518,9.758938868800461e-05,20.2759066596,PASS,20.56074691,20.56074693,0.282864,0.282864,0.0489246,1.0,1,1,1.0,61,0.0004,0,1.0,1.00592631815,1.10463047268,0.221189055871,-0.473036390843
860000000,1,20.28949297,20.2875064021,0.0019865679000012904,9.791116529814841e-05,20.2875090526,PASS,20.57244295,20.57244297,0.28295,0.28295,0.048925712,1.0,1,1,1.0,76,0.0002,0,1.0,1.00652141877,1.10522670473,0.221191569581,-0.475726561032
870000000,1,20.30107508,20.2991183801,0.001956699899999137,9.638405317395324e-05,20.2991209933,PASS,20.58400377,20.58400379,0.282929,0.282929,0.048858903,1.0,1,1,1.0,69,0.0006,0,1.0,1.00571184353,1.10434910889,0.221040497362,-0.472081406487
880000000,1,20.31253701,20.310527535,0.0020094750000012596,9.892781975053049e-05,20.3105301402,PASS,20.59543247,20.59543249,0.282895,0.282895,0.048824536,1.0,1,1,1.0,73,0.0008,0,1.0,1.00556243384,1.10416467337,0.220962744579,-0.47141283281
890000000,1,20.32378419,20.3217849793,0.0019992107000028625,9.836803428500007e-05,20.3217875922,PASS,20.60673202,20.60673204,0.282948,0.282948,0.048808106,1.0,1,1,1.0,73,0.0006,0,1.0,1.00577556078,1.10436104679,0.220925563275,-0.472381037483
900000000,1,20.33495251,20.3329437306,0.0020087794000005488,9.878456313151964e-05,20.3329463329,PASS,20.61790532,20.61790534,0.282953,0.282953,0.04877159,1.0,1,1,1.0,72,0.0008,0,1.0,1.00556802499,1.10411625617,0.220842904631,-0.471449405811
910000000,1,20.34594337,20.3439617663,0.0019816036999991127,9.739551830862649e-05,20.3439643701,PASS,20.62895516,20.62895518,0.283012,0.283012,0.048748808,1.0,1,1,1.0,73,0.0007,0,1.0,1.00563697421,1.10416194859,0.220791318991,-0.471766503628
920000000,1,20.35685025,20.3548816522,0.0019685978000012483,9.67044398237025e-05,20.354884238,PASS,20.63988423,20.63988425,0.283034,0.283034,0.048704606,1.0,1,1,1.0,77,0.0011,0,1.0,1.00525742921,1.10373725001,0.220691197285,-0.470056129489
930000000,1,20.36760965,20.3656282077,0.0019814422999999692,9.728398835451804e-05,20.3656308199,PASS,20.65069514,20.65069517,0.283086,0.283085,0.048710041,1.0,1,1,1.0,67,0.0004,0,1.0,1.00589620715,1.10438158211,0.220703510559,-0.472949351138
940000000,1,20.37827282,20.3763020433,0.0019707766999985665,9.670970240737834e-05,20.3763046512,PASS,20.66139043,20.66139046,0.283118,0.283118,0.048681666,1.0,1,1,1.0,71,0.0005,0,1.0,1.00583090817,1.1042872793,0.220639218156,-0.472659757281
950000000,1,20.38885062,20.3868772593,0.001973360699999205,9.678626504151634e-05,20.3868798533,PASS,20.67197254,20.67197256,0.283122,0.283122,0.048642858,1.0,1,1,1.0,72,0.0008,0,1.0,1.00554382497,1.10396050128,0.220551256183,-0.471366625066
960000000,1,20.39931345,20.3973264569,0.0019869931000009444,9.74049006537004e-05,20.3973290462,PASS,20.68244384,20.68244386,0.28313,0.28313,0.048614675,1.0,1,1,1.0,73,0.0008,0,1.0,1.00547028561,1.10385811549,0.220487354782,-0.471038874735
970000000,1,20.40966907,20.4076634658,0.0020056042000007324,9.826735519924491e-05,20.4076660537,PASS,20.69280663,20.69280665,0.283138,0.283138,0.048590349,1.0,1,1,1.0,72,0.0008,0,1.0,1.00547069592,1.10383361403,0.220432183751,-0.471045617118
980000000,1,20.41980697,20.417851441,0.001955528999999956,9.576628235873847e-05,20.4178540527,PASS,20.70306313,20.70306315,0.283256,0.283256,0.048594022,1.0,1,1,1.0,74,0.0003,0,1.0,1.00604510519,1.10441178553,0.220440514983,-0.47365061516
990000000,1,20.42996575,20.4280143893,0.0019513607000014588,9.551463393919094e-05,20.4280169801,PASS,20.7132155,20.71321552,0.28325,0.28325,0.048548626,1.0,1,1,1.0,72,0.0007,0,1.0,1.00559815262,1.10391831468,0.220337524405,-0.471632396524
1000000000,1,20.44007126,20.4380510796,0.00202018039999885,9.883431296798961e-05,20.4380536599,PASS,20.72326584,20.72326586,0.283195,0.283195,0.048515029,1.0,1,1,1.0,77,0.0009,0,1.0,1.00538984305,1.1036755502,0.220261271391,-0.470693506593
1010000000,1,20.45000892,20.447975942,0.0020329779999990194,9.941208377717517e-05,20.4479785218,PASS,20.73321617,20.73321619,0.283207,0.283207,0.048492625,1.0,1,1,1.0,72,0.0009,0,1.0,1.00540807667,1.10367079479,0.220210407765,-0.470780631299
1020000000,1,20.4598188,20.4577878779,0.00203092210000122,9.926393385268984e-05,20.4577904682,PASS,20.74306846,20.74306848,0.28325,0.28325,0.048482684,1.0,1,1,1.0,70,0.0006,0,1.0,1.00567963354,1.10393214776,0.220187835042,-0.472015848375
1030000000,1,20.46953986,20.4675284976,0.0020113624000011043,9.826124152070238e-05,20.4675310808,PASS,20.75282464,20.75282466,0.283285,0.283285,0.048453487,1.0,1,1,1.0,72,0.0008,0,1.0,1.00554671887,1.10376925215,0.220121524875,-0.471418014261
1040000000,1,20.47913189,20.4771250695,0.002006820500000117,9.799343599032396e-05,20.4771276738,PASS,20.76248655,20.76248657,0.283355,0.283355,0.048455684,1.0,1,1,1.0,75,0.0002,0,1.0,1.00606048733,1.10428527721,0.220126515269,-0.473751547304
1050000000,1,20.48870983,20.4867191737,0.0019906563000020583,9.715869454538798e-05,20.486721749,PASS,20.772056,20.77205602,0.283346,0.283346,0.048402654,1.0,1,1,1.0,72,0.0009,0,1.0,1.00542263949,1.10359293294,0.220006028868,-0.470864064356
1060000000,1,20.49815319,20.4961752679,0.001977922100000029,9.649269774044601e-05,20.4961778412,PASS,20.78153475,20.78153476,0.283382,0.283382,0.048379898,1.0,1,1,1.0,72,0.0009,0,1.0,1.00540853125,1.10355542161,0.219954306051,-0.470804247802
1070000000,1,20.50749673,20.5055010337,0.0019956962999998495,9.731545133348167e-05,20.5055036303,PASS,20.79092449,20.7909245,0.283428,0.283428,0.048385179,1.0,1,1,1.0,73,0.0003,0,1.0,1.0059726028,1.10412492529,0.219966310513,-0.473367603628
1080000000,1,20.51677426,20.5147459532,0.0020283067999997684,9.886090153822107e-05,20.5147485626,PASS,20.80022688,20.8002269,0.283453,0.283453,0.048378763,1.0,1,1,1.0,67,0.0,0,1.0,1.00628924648,1.10443496929,0.219951726003,-0.4748085918
1090000000,1,20.52601876,20.5239916187,0.002027141300001034,9.875959501466587e-05,20.5239942043,PASS,20.80944353,20.80944355,0.283425,0.283425,0.048332619,1.0,1,1,1.0,75,0.0005,0,1.0,1.00577490589,1.10387313861,0.219846805263,-0.472479636394
1100000000,1,20.53518398,20.5331259683,0.0020580117000008613,0.00010021880992180239,20.5331285363,PASS,20.81857602,20.81857604,0.283392,0.283392,0.048293365,1.0,1,1,1.0,72,0.0009,1,1.0,1.00539909036,1.10345688931,0.219757511353,-0.470777488652
1110000000,1,20.54414439,20.5420826277,0.0020617622999985485,0.0001003576620597607,20.5420852313,PASS,20.82762585,20.82762587,0.283481,0.283481,0.048312814,1.0,1,1,1.0,73,0.0,0,1.0,1.00624121386,1.10431905033,0.219801757967,-0.47460516831
1120000000,1,20.55308699,20.5511005769,0.0019864130999991403,9.664791965146742e-05,20.5511031423,PASS,20.83659452,20.83659454,0.283508,0.283508,0.048251341,1.0,1,1,1.0,72,0.0009,0,1.0,1.00539362757,1.10340810414,0.219661876114,-0.470760361173
1130000000,1,20.56196298,20.5599665553,0.0019964246999997215,9.709309864732192e-05,20.5599691206,PASS,20.84548347,20.84548349,0.283521,0.28352,0.048231904,1.0,1,1,1.0,72,0.0009,1,1.0,1.00541735754,1.1034117842,0.219617628683,-0.470871964228
1140000000,1,20.57080117,20.568741311,0.0020598589999991646,0.00010013508871026459,20.5687438852,PASS,20.8542941,20.85429412,0.283493,0.283493,0.048222657,1.0,1,1,1.0,72,0.0006,0,1.0,1.00564947133,1.10363435665,0.219596575197,-0.471930659918
1150000000,1,20.57947266,20.5774555839,0.0020170760999995707,9.801398380436298e-05,20.5774581557,PASS,20.86302778,20.8630278,0.283555,0.283555,0.048201099,1.0,1,1,1.0,72,0.0006,0,1.0,1.00562086743,1.10358350166,0.219547484268,-0.471804548376
1160000000,1,20.5880832,20.5860926336,0.001990566399999949,9.668536797053302e-05,20.5860952042,PASS,20.87168584,20.87168586,0.283603,0.283603,0.04818097,1.0,1,1,1.0,74,0.0006,0,1.0,1.00561806941,1.10355991879,0.219501637485,-0.471795654807
1170000000,1,20.59665944,20.5946689521,0.001990487899998783,9.664129786664002e-05,20.5946715117,PASS,20.88026959,20.8802696,0.28361,0.28361,0.048150355,1.0,1,1,1.0,72,0.0009,0,1.0,1.00539239305,1.1033026138,0.219431888906,-0.470773023545
1180000000,1,20.60522742,20.6031594436,0.0020679763999993384,0.00010036173626465796,20.6031620017,PASS,20.88878028,20.88878029,0.283553,0.283553,0.048130215,1.0,1,1,1.0,72,0.0009,0,1.0,1.00538148574,1.10327088907,0.219385992895,-0.470726903327
1190000000,1,20.61365526,20.6115777713,0.0020774887000030162,0.00010078215987410552,20.6115803282,PASS,20.89721914,20.89721916,0.283564,0.283564,0.048110763,1.0,1,1,1.0,72,0.0009,0,1.0,1.0053811576,1.10325044664,0.219341655615,-0.470728856075
1200000000,1,20.6218889,20.6198959418,0.0019929581999988955,9.664285408883643e-05,20.6198985164,PASS,20.90558739,20.90558741,0.283699,0.283698,0.048112212,1.0,1,1,1.0,72,0.0004,0,1.0,1.00581405267,1.10368484032,0.219344958676,-0.47270218081
1210000000,1,20.6301884,20.6282043797,0.001984020300000111,9.617073104383821e-05,20.6282069344,PASS,20.9138862,20.91388621,0.283698,0.283698,0.048072317,1.0,1,1,1.0,72,0.0009,0,1.0,1.00537896694,1.10320847786,0.21925399861,-0.470725635648
1220000000,1,20.63841995,20.63641597,0.002003979999997796,9.709948750208448e-05,20.6364185226,PASS,20.9221167,20.92211671,0.283697,0.283697,0.048052364,1.0,1,1,1.0,72,0.0009,0,1.0,1.00535716711,1.10316602156,0.219208491887,-0.470629676226
1230000000,1,20.64652774,20.6445279133,0.00199982670000054,9.686019485620974e-05,20.6445304848,PASS,20.93028001,20.93028002,0.283752,0.283752,0.0480556,1.0,1,1,1.0,71,0.0004,0,1.0,1.00581716387,1.10362936898,0.219215872882,-0.472727488266
1240000000,1,20.65461289,20.6526342174,0.0019786725999999533,9.579809655778803e-05,20.6526367702,PASS,20.93837722,20.93837723,0.283764,0.283764,0.048017626,1.0,1,1,1.0,73,0.0008,0,1.0,1.00541116623,1.10318403818,0.219129242533,-0.470882101285
1250000000,1,20.66261848,20.6606183627,0.002000117299999715,9.6798830309706e-05,20.6606209319,PASS,20.94640939,20.94640941,0.283791,0.283791,0.048018363,1.0,1,1,1.0,74,0.0004,0,1.0,1.00581228955,1.10358592516,0.2191309242,-0.472712491582
1260000000,1,20.67056585,20.6685924252,0.0019734247999991794,9.54702843802014e-05,20.6685949784,PASS,20.95437756,20.95437757,0.283812,0.283812,0.04798374,1.0,1,1,1.0,77,0.0008,0,1.0,1.0054694046,1.10320715235,0.219051909259,-0.47115385891
1270000000,1,20.67847585,20.6764850629,0.0019907871000022226,9.627339628139094e-05,20.6764876099,PASS,20.96228274,20.96228275,0.283807,0.283807,0.047959885,1.0,1,1,1.0,69,0.0009,0,1.0,1.00534866942,1.10306167616,0.218997451946,-0.470606736479
1280000000,1,20.68628996,20.6843057596,0.0019842003999990254,9.591862068238289e-05,20.6843083085,PASS,20.97012591,20.97012593,0.283836,0.283836,0.047945115,1.0,1,1,1.0,72,0.0008,0,1.0,1.00541509855,1.10311278076,0.218963727514,-0.470912611543
1290000000,1,20.69410699,20.6920843644,0.0020226256000022147,9.773920667268254e-05,20.6920868958,PASS,20.97790806,20.97790807,0.283801,0.283801,0.047909069,1.0,1,1,1.0,73,0.0012,0,1.0,1.0050320445,1.10269230827,0.218881401621,-0.469168725676
1300000000,1,20.70186748,20.6997730725,0.002094407499999562,0.00010116997908632937,20.6997756189,PASS,20.9856301,20.98563012,0.283763,0.283763,0.047909162,1.0,1,1,1.0,72,0.0008,0,1.0,1.0054039522,1.10306431255,0.218881614081,-0.470867838689
1310000000,1,20.70943243,20.7073431282,0.002089301799998111,0.0001008864828652434,20.7073457095,PASS,20.99329297,20.99329299,0.283861,0.283861,0.047931072,1.0,1,1,1.0,74,0.0,0,1.0,1.00623103706,1.10391414481,0.218931658261,-0.474641929976
1320000000,1,20.71705736,20.7150000014,0.002057358599998338,9.930747230398835e-05,20.7150025485,PASS,21.00089757,21.00089759,0.28384,0.28384,0.04787734,1.0,1,1,1.0,74,0.0008,0,1.0,1.00546711343,1.1030944177,0.218808909778,-0.471161881887
1330000000,1,20.72452339,20.7225330875,0.0019903025000012065,9.603610478982437e-05,20.7225356306,PASS,21.00844478,21.00844479,0.283921,0.283921,0.047856788,1.0,1,1,1.0,70,0.0008,0,1.0,1.00539668801,1.10300263202,0.218761941402,-0.470843471934
1340000000,1,20.73208543,20.7300085027,0.002076927300002751,0.00010017937206632236,20.7300110426,PASS,21.01593545,21.01593547,0.28385,0.28385,0.047837235,1.0,1,1,1.0,69,0.0009,0,1.0,1.00534424291,1.10292985675,0.218717246722,-0.470606951654
1350000000,1,20.73944456,20.7374204705,0.0020240895000007697,9.759612867861539e-05,20.7374230134,PASS,21.02337043,21.02337044,0.283926,0.283926,0.047824723,1.0,1,1,1.0,72,0.0008,0,1.0,1.00543686731,1.10300946765,0.218688641728,-0.471032545812
1360000000,1,20.74685505,20.7447811256,0.0020739244000012036,9.996331468085346e-05,20.7447836688,PASS,21.03075054,21.03075055,0.283896,0.283895,0.047809261,1.0,1,1,1.0,72,0.0008,0,1.0,1.00546464143,1.10302115551,0.218653287256,-0.471162161804
1370000000,1,20.75417528,20.7520951235,0.00208015649999993,0.00010022833824693082,20.7520976616,PASS,21.03807658,21.03807659,0.283901,0.283901,0.047788016,1.0,1,1,1.0,69,0.0008,0,1.0,1.00536794006,1.10290234323,0.218604700396,-0.470723378968
1380000000,1,20.76134229,20.759321889,0.0020204010000028916,9.73155286291892e-05,20.7593244435,PASS,21.04534934,21.04534935,0.284007,0.284007,0.047790622,1.0,1,1,1.0,66,0.0004,0,1.0,1.00577033498,1.10330745087,0.21861066086,-0.472563645642
1390000000,1,20.76853035,20.7664614025,0.0020689474999997515,9.961935029262924e-05,20.7664639808,PASS,21.05256958,21.0525696,0.284039,0.284039,0.047801146,1.0,1,1,1.0,70,0.0001,0,1.0,1.00633695236,1.1038850218,0.218634729738,-0.475153338747
1400000000,1,20.77575513,20.7736921506,0.0020629794000015522,9.929744488673862e-05,20.7736946944,PASS,21.05973807,21.05973809,0.283983,0.283983,0.047748282,1.0,1,1,1.0,70,0.0006,0,1.0,1.00556631238,1.10305933671,0.218513800607,-0.471637655959
1410000000,1,20.78279412,20.7807755307,0.0020185892999968758,9.71279072650928e-05,20.7807780827,PASS,21.06685554,21.06685556,0.284061,0.284061,0.047742194,1.0,1,1,1.0,72,0.0004,0,1.0,1.00577790422,1.10326458561,0.218499869707,-0.472607080966
1420000000,1,20.78982075,20.7877824878,0.0020382621999992523,9.804135516653035e-05,20.7877850567,PASS,21.07392271,21.07392272,0.284102,0.284102,0.047745441,1.0,1,1,1.0,73,0.0,0,1.0,1.00618373332,1.10367379778,0.218507299805,-0.474463772467
1430000000,1,20.79684969,20.794827868,0.0020218219999996734,9.721770509174043e-05,20.7948304174,PASS,21.08094028,21.0809403,0.284091,0.284091,0.047709479,1.0,1,1,1.0,50,0.0004,0,1.0,1.00576067765,1.10321326077,0.218424994163,-0.472534112512
1440000000,1,20.80381594,20.8018059872,0.0020099527999981603,9.661462136538016e-05,20.8018085203,PASS,21.08790895,21.08790897,0.284093,0.284093,0.047676765,1.0,1,1,1.0,70,0.0008,0,1.0,1.00540327938,1.10282174284,0.21835009522,-0.470903127999
1450000000,1,20.81081293,20.8087153925,0.0020975374999991914,0.00010079075272333397,20.8087179204,PASS,21.09482939,21.09482941,0.284016,0.284016,0.0476563,1.0,1,1,1.0,72,0.0009,0,1.0,1.00530151802,1.10269862573,0.21830322739,-0.470440253928
1460000000,1,20.81761624,20.815569832,0.002046407999998223,9.830174484944888e-05,20.8155723607,PASS,21.10170227,21.10170229,0.284086,0.284086,0.047642629,1.0,1,1,1.0,72,0.0009,0,1.0,1.00534057265,1.10272340942,0.218271913207,-0.470621290234
1470000000,1,20.82439807,20.8223026221,0.00209544790000038,0.00010062465637453981,20.822305187,PASS,21.10852824,21.10852825,0.28413,0.28413,0.047667785,1.0,1,1,1.0,161,0.0,0,1.0,1.0061967857,1.10360587938,0.218329530984,-0.474539009532
1480000000,1,20.83117167,20.8291356016,0.002036068399998925,9.77414248345506e-05,20.8291381339,PASS,21.11530792,21.11530794,0.284136,0.284136,0.047617853,1.0,1,1,1.0,72,0.0007,0,1.0,1.00546562881,1.10282259231,0.218215150957,-0.471198227361
1490000000,1,20.83787051,20.8358651595,0.002005350499999281,9.623586532207898e-05,20.8358676821,PASS,21.12204196,21.12204197,0.284171,0.284171,0.047592838,1.0,1,1,1.0,71,0.0009,0,1.0,1.00525792108,1.10258874866,0.218157826157,-0.47025014169
1500000000,1,20.84450726,20.842523082,0.0019841780000007248,9.518948926215705e-05,20.8425256149,PASS,21.12873095,21.12873096,0.284224,0.284224,0.047590058,1.0,1,1,1.0,75,0.0007,0,1.0,1.00551753114,1.10284545333,0.218151454543,-0.471440603272
1510000000,1,20.85117387,20.8491647477,0.0020091222999987224,9.635535689860527e-05,20.8491672705,PASS,21.13537549,21.1353755,0.284202,0.284202,0.047564923,1.0,1,1,1.0,69,0.0009,1,1.0,1.00530250765,1.10260415383,0.21809383789,-0.470458747579
1520000000,1,20.85780304,20.8557464704,0.0020565696000005573,9.859953112303228e-05,20.8557489949,PASS,21.14197617,21.14197619,0.284173,0.284173,0.04755292,1.0,1,1,1.0,74,0.0008,0,1.0,1.00536270154,1.10265179515,0.218066318195,-0.470736590582
1530000000,1,20.86432716,20.8622917409,0.002035419099996716,9.755498389130493e-05,20.8622942618,PASS,21.14853357,21.14853359,0.284206,0.284206,0.047535137,1.0,1,1,1.0,70,0.0009,0,1.0,1.00529844071,1.10256893154,0.218025540102,-0.47044457035
1540000000,1,20.87075788,20.868722707,0.002035172999999446,9.751313352878808e-05,20.8687252616,PASS,21.15504825,21.15504827,0.28429,0.28429,0.047558261,1.0,1,1,1.0,69,0.0001,0,1.0,1.0060973063,1.10339198583,0.218078564149,-0.474104303784
1550000000,1,20.87726594,20.875249021,0.0020169190000025594,9.66083876020482e-05,20.8752515395,PASS,21.16152077,21.16152078,0.284255,0.284255,0.047505092,1.0,1,1,1.0,72,0.0009,0,1.0,1.00527999094,1.1025190366,0.217956626759,-0.470364393719
1560000000,1,20.88362376,20.8815840247,0.0020397352999985685,9.767152116125695e-05,20.8815865816,PASS,21.16795166,21.16795167,0.284328,0.284328,0.047533513,1.0,1,1,1.0,72,0.0,0,1.0,1.00618710533,1.10345589696,0.218021815771,-0.474520848266
1570000000,1,20.89008136,20.8880539921,0.0020273678999984668,9.70493060826675e-05,20.8880564877,PASS,21.17434146,21.17434147,0.28426,0.28426,0.047452735,1.0,1,1,1.0,78,0.0014,0,1.0,1.00478041393,1.10196461722,0.217836484915,-0.468078693346
1580000000,1,20.8964106,20.8943030603,0.002107539699998995,0.00010085654136213207,20.8943056118,PASS,21.18069068,21.1806907,0.28428,0.28428,0.047500888,1.0,1,1,1.0,69,0.0001,0,1.0,1.00610161594,1.10333626018,0.217946982459,-0.474134851559
1590000000,1,20.90270181,20.9006671105,0.0020346995000011248,9.734145941974402e-05,20.9006696263,PASS,21.18699985,21.18699987,0.284298,0.284298,0.047448494,1.0,1,1,1.0,72,0.0009,0,1.0,1.00529123541,1.10247099386,0.217826750354,-0.470424287624
1600000000,1,20.90888568,20.9068479104,0.002037769600001127,9.745950268169082e-05,20.9068504617,PASS,21.19326947,21.19326948,0.284384,0.284384,0.047474154,1.0,1,1,1.0,70,0.0,0,1.0,1.0061325384,1.10333918443,0.217885642422,-0.474281752942
1610000000,1,20.915132,20.913051173,0.0020808270000003404,9.948906848880229e-05,20.9130537277,PASS,21.19950002,21.19950003,0.284368,0.284368,0.047464755,1.0,1,1,1.0,72,0.0001,0,1.0,1.00622907438,1.10342587337,0.217864072712,-0.474726613156
1620000000,1,20.92137114,20.9193124171,0.002058722900002863,9.840286691663091e-05,20.9193149325,PASS,21.20569199,21.205692,0.284321,0.284321,0.047408905,1.0,1,1,1.0,74,0.0008,0,1.0,1.00533863683,1.10247688512,0.217735858749,-0.470647718312
1630000000,1,20.92745337,20.9253670948,0.002086275199999932,9.969083017958873e-05,20.925369648,PASS,21.21184585,21.21184586,0.284392,0.284392,0.04743724,1.0,1,1,1.0,72,0.0001,0,1.0,1.00623142251,1.10339938419,0.21780091641,-0.474742649832
1640000000,1,20.933548,20.9314904141,0.002057585899997605,9.829131210808627e-05,20.931492959,PASS,21.21796208,21.21796209,0.284414,0.284414,0.047415412,1.0,1,1,1.0,72,0.0001,0,1.0,1.00605841377,1.10320348709,0.217750800674,-0.47395227374
1650000000,1,20.93966464,20.9376356251,0.002029014899999737,9.689815643579175e-05,20.9376381013,PASS,21.22404112,21.22404114,0.284377,0.284376,0.047326925,1.0,1,1,1.0,77,0.0017,0,1.0,1.00446860251,1.10152078735,0.217547521708,-0.466660279784
1660000000,1,20.9456529,20.9435796213,0.0020732786999992925,9.898372277520614e-05,20.9435821659,PASS,21.23008344,21.23008345,0.284431,0.284431,0.047389603,1.0,1,1,1.0,69,0.0001,0,1.0,1.00608522585,1.10320322346,0.217691529931,-0.474080105417
1670000000,1,20.95168178,20.9495978161,0.002083963900002317,9.946523252332046e-05,20.9496003495,PASS,21.23608946,21.23608948,0.284408,0.284408,0.047364967,1.0,1,1,1.0,71,0.0003,1,1.0,1.00584667664,1.102938816,0.217634937933,-0.472988468583
1680000000,1,20.95760049,20.9555334197,0.0020670703000007506,9.863105754817023e-05,20.9555359604,PASS,21.24205963,21.24205964,0.284459,0.284459,0.047360447,1.0,1,1,1.0,71,0.0001,0,1.0,1.00603343929,1.10312083302,0.217624553333,-0.4738474195
1690000000,1,20.96357779,20.9615155341,0.0020622559000003093,9.837327963092456e-05,20.9615180437,PASS,21.24799437,21.24799438,0.284417,0.284417,0.04731399,1.0,1,1,1.0,70,0.0008,1,1.0,1.00532739295,1.10236598552,0.217517790581,-0.470609715403
1700000000,1,20.96946253,20.9673471139,0.0021154161000005445,0.00010088079734872177,20.9673496504,PASS,21.25389409,21.2538941,0.284432,0.284432,0.047331035,1.0,1,1,1.0,70,0.0002,0,1.0,1.00596880497,1.1030253079,0.217556967765,-0.473555542521
1710000000,1,20.97526323,20.9732495497,0.0020136802999992653,9.600262356274923e-05,20.9732520601,PASS,21.25975921,21.25975922,0.284496,0.284496,0.047290265,1.0,1,1,1.0,73,0.0008,1,1.0,1.00537964676,1.10239329961,0.217463247995,-0.47085335363
1720000000,1,20.98106834,20.9790499051,0.002018434900001864,9.620267506367905e-05,20.9790524247,PASS,21.26559013,21.26559014,0.284522,0.284522,0.047288293,1.0,1,1,1.0,75,0.0005,0,1.0,1.00561345678,1.10262503613,0.217458713857,-0.471928828741
1730000000,1,20.98696622,20.9848596859,0.0021065341000010562,0.00010037344501910845,20.9848621874,PASS,21.27138725,21.27138726,0.284421,0.284421,0.047256271,1.0,1,1,1.0,73,0.0009,0,1.0,1.00520644022,1.10218433783,0.217385073631,-0.470061426586
1740000000,1,20.99264481,20.9905766773,0.002068132699999836,9.85170148267676e-05,20.9905791989,PASS,21.27715095,21.27715096,0.284506,0.284506,0.047266299,1.0,1,1,1.0,63,0.0005,0,1.0,1.00569217868,1.10268062639,0.217408137477,-0.472294310502
1750000000,1,20.99843239,20.9963255994,0.002106790600002739,0.00010033085141184384,20.9963281007,PASS,21.28288162,21.28288164,0.284449,0.284449,0.047232178,1.0,1,1,1.0,70,0.0009,0,1.0,1.00523685326,1.1021893948,0.217329651098,-0.470204568418
1760000000,1,21.00401646,21.0019841696,0.0020322903999989705,9.675722754594387e-05,21.0019866869,PASS,21.28857965,21.28857966,0.284563,0.284563,0.047237788,1.0,1,1,1.0,75,0.0005,0,1.0,1.00562541214,1.10258385888,0.217342557384,-0.471991588367
1770000000,1,21.00964504,21.0075865796,0.0020584603999971307,9.797692422114005e-05,21.0075891169,PASS,21.29424538,21.2942454,0.2846,0.2846,0.04724767,1.0,1,1,1.0,70,0.0,0,1.0,1.00610347878,1.1030723259,0.217365289901,-0.474189443692
1780000000,1,21.01540601,21.0132835348,0.0021224752000001956,0.00010099615486801607,21.0132860339,PASS,21.2998792,21.29987921,0.284473,0.284473,0.047194285,1.0,1,1,1.0,72,0.0009,0,1.0,1.00523256949,1.10214520663,0.217242455011,-0.470189892767
1790000000,1,21.02090603,21.0188554648,0.0020505651999975782,9.75488495629595e-05,21.0188579749,PASS,21.30548146,21.30548147,0.284575,0.284575,0.047194806,1.0,1,1,1.0,67,0.0006,0,1.0,1.00550806409,1.10242125009,0.217243654137,-0.471457960395
1800000000,1,21.02647312,21.0243494913,0.002123628699997937,0.00010099785579246669,21.0243520279,PASS,21.3110525,21.31105251,0.284579,0.284579,0.047212007,1.0,1,1,1.0,67,0.0,0,1.0,1.00613755989,1.10306886352,0.217283239727,-0.474352571557
1810000000,1,21.03195416,21.0299386514,0.002015508600003102,9.583078132779184e-05,21.0299411613,PASS,21.31659268,21.31659269,0.284639,0.284639,0.047171404,1.0,1,1,1.0,72,0.0006,0,1.0,1.00553360532,1.10242213217,0.217189786295,-0.471578953688
1820000000,1,21.03743649,21.0353735428,0.0020629472000024407,9.806076900020819e-05,21.0353760779,PASS,21.32210234,21.32210235,0.284666,0.284666,0.04718739,1.0,1,1,1.0,161,0.0,0,1.0,1.00613435864,1.10303973152,0.2172265851,-0.474342178092
1830000000,1,21.04292713,21.0409099555,0.002017174500000607,9.585997649180696e-05,21.0409124593,PASS,21.3275818,21.32758182,0.284655,0.284655,0.047141933,1.0,1,1,1.0,72,0.0007,0,1.0,1.00542343245,1.10228088862,0.217121929522,-0.471075809092
1840000000,1,21.00527947,21.0038646416,0.001414828400001511,6.735584746787998e-05,21.0038661552,PASS,21.33303141,21.33303142,0.327752,0.327752,0.04561569,1.0,1,1,1.0,161,0.0334,6,1.0,0.973120947493,1.06834386197,0.213578297883,-0.319994412598
1850000000,1,21.05380037,21.0517560926,0.0020442773999995723,9.709778586637051e-05,21.0517585937,PASS,21.33845148,21.33845149,0.284651,0.284651,0.047116572,1.0,1,1,1.0,68,0.0007,1,1.0,1.00539468534,1.10222538917,0.217063519015,-0.470946889819
1860000000,1,21.05919644,21.0571425611,0.0020538788999999724,9.752883524552812e-05,21.0571450558,PASS,21.34384232,21.34384234,0.284646,0.284646,0.047098226,1.0,1,1,1.0,72,0.0009,0,1.0,1.00525710952,1.10206845235,0.21702125539,-0.470315463663
1870000000,1,21.06454749,21.0624755658,0.002071924199999131,9.836072676057904e-05,21.0624780706,PASS,21.34920427,21.34920428,0.284657,0.284657,0.047098237,1.0,1,1,1.0,72,0.0006,0,1.0,1.00550988237,1.10232123682,0.217021280741,-0.471480199849
1880000000,1,21.06985999,21.0677246992,0.0021352908000018544,0.00010134337869427172,21.0677272327,PASS,21.35453761,21.35453763,0.284678,0.284678,0.047118324,1.0,1,1,1.0,76,0.0001,0,1.0,1.00619002216,1.10302257455,0.217067554686,-0.474610656096
1890000000,1,21.04405029,21.042625786,0.0014245040000027132,6.769153182833955e-05,21.0426274073,PASS,21.35984267,21.35984268,0.315792,0.315792,0.045786443,1.0,1,1,1.0,161,0.0284,13,1.0,0.977991218717,1.0733995085,0.21397766785,-0.343024154047
1900000000,1,21.08031429,21.0783397875,0.0019745025000013072,9.366570501930154e-05,21.0783422974,PASS,21.36511972,21.36511973,0.284805,0.284805,0.047070982,1.0,1,1,1.0,70,0.0004,0,1.0,1.00567716591,1.10245974429,0.216958478299,-0.472255083505
1910000000,1,21.08562936,21.0836006211,0.002028738899998217,9.621429198821016e-05,21.0836031173,PASS,21.37036908,21.37036909,0.28474,0.28474,0.047045128,1.0,1,1,1.0,72,0.0007,0,1.0,1.00537174873,1.10212701563,0.216898887295,-0.470850804724
1920000000,1,21.09085036,21.0885864108,0.0022639491999996153,0.00010734271787795355,21.088588978,PASS,21.37559102,21.37559103,0.284741,0.284741,0.047110635,1.0,1,1,1.0,76,0.0009,2,1.0,1.00701766659,1.10384210574,0.217049842919,-0.478425159617
1930000000,1,21.09598322,21.0940014959,0.001981724100001969,9.39384564035489e-05,21.0940039847,PASS,21.38078584,21.38078585,0.284803,0.284803,0.047015525,1.0,1,1,1.0,72,0.0009,1,1.0,1.00522887117,1.10195284881,0.216830635098,-0.470195776346
1940000000,1,21.1011948,21.0991295251,0.00206527489999786,9.78747847964448e-05,21.0991320303,PASS,21.38595381,21.38595382,0.284759,0.284759,0.047022807,1.0,1,1,1.0,74,0.0005,1,1.0,1.00562757852,1.10235925468,0.216847426363,-0.472033523287
1950000000,1,21.10632994,21.1042949996,0.0020349403999979643,9.64137491351073e-05,21.1042974795,PASS,21.39109521,21.39109522,0.284765,0.284765,0.046984473,1.0,1,1,1.0,76,0.0011,3,1.0,1.00504933531,1.10174047211,0.216759019015,-0.469371344138
1960000000,1,21.0838698,21.0823872327,0.0014825672999982942,7.031760839266301e-05,21.0823888891,PASS,21.39621031,21.39621032,0.312341,0.312341,0.045783641,1.0,1,1,1.0,161,0.0267,0,1.0,0.979596411602,1.07500166458,0.213971120388,-0.35052237165
1970000000,1,21.11655467,21.1144084448,0.0021462252000006288,0.00010163709153983068,21.1144109612,PASS,21.40129938,21.40129939,0.284745,0.284745,0.047003329,1.0,1,1,1.0,74,0.0002,0,1.0,1.00593231577,1.10264339727,0.216802509972,-0.473441923154
1980000000,1,21.12165545,21.1195114106,0.0021440393999974106,0.0001015090604556477,21.1195139017,PASS,21.40636268,21.40636269,0.284707,0.284707,0.046965302,1.0,1,1,1.0,71,0.0007,4,1.0,1.00535628807,1.10202713922,0.216714792606,-0.47078991698
1990000000,1,21.12654094,21.1245450846,0.001995855400000579,9.447147101216744e-05,21.1245475696,PASS,21.41140048,21.41140049,0.28486,0.28486,0.046948247,1.0,1,1,1.0,72,0.0009,2,1.0,1.00522771815,1.10188051611,0.216675440089,-0.47019872704
2000000000,1,21.10398803,21.102469544,0.0015184859999983757,7.195256165990044e-05,21.1024711981,PASS,21.41641302,21.41641303,0.312425,0.312425,0.045739742,1.0,1,1,1.0,161,0.0267,0,1.0,0.979581205986,1.07493885893,0.213868514216,-0.350396874474
